Date,Employee_ID,Employee_Name,Department,Location,Shift,Status,Work_Hours,Month
2026-01-01,E1001,Pooja Verma,IT,Varanasi,Morning,Present,8.04,2026-01
2026-01-02,E1001,Pooja Verma,IT,Varanasi,Morning,Present,7.99,2026-01
2026-01-05,E1001,Pooja Verma,IT,Varanasi,Morning,Present,7.99,2026-01
2026-01-06,E1001,Pooja Verma,IT,Varanasi,Morning,Present,8.81,2026-01
2026-01-07,E1001,Pooja Verma,IT,Varanasi,Morning,Present,8.45,2026-01
2026-01-08,E1001,Pooja Verma,IT,Varanasi,Morning,Leave,0.0,2026-01
2026-01-09,E1001,Pooja Verma,IT,Varanasi,Morning,Present,7.84,2026-01
2026-01-12,E1001,Pooja Verma,IT,Varanasi,Morning,Present,7.86,2026-01
2026-01-13,E1001,Pooja Verma,IT,Varanasi,Morning,Present,6.92,2026-01
2026-01-14,E1001,Pooja Verma,IT,Varanasi,Morning,Present,8.53,2026-01
2026-01-15,E1001,Pooja Verma,IT,Varanasi,Morning,Present,7.91,2026-01
2026-01-16,E1001,Pooja Verma,IT,Varanasi,Morning,Present,7.77,2026-01
2026-01-19,E1001,Pooja Verma,IT,Varanasi,Morning,Present,7.82,2026-01
2026-01-20,E1001,Pooja Verma,IT,Varanasi,Morning,Present,8.37,2026-01
2026-01-21,E1001,Pooja Verma,IT,Varanasi,Morning,Present,8.15,2026-01
2026-01-22,E1001,Pooja Verma,IT,Varanasi,Morning,Present,7.87,2026-01
2026-01-23,E1001,Pooja Verma,IT,Varanasi,Morning,Present,7.83,2026-01
2026-01-26,E1001,Pooja Verma,IT,Varanasi,Morning,Present,8.53,2026-01
2026-01-27,E1001,Pooja Verma,IT,Varanasi,Morning,Present,7.64,2026-01
2026-01-28,E1001,Pooja Verma,IT,Varanasi,Morning,Present,8.03,2026-01
2026-01-29,E1001,Pooja Verma,IT,Varanasi,Morning,Present,8.0,2026-01
2026-01-30,E1001,Pooja Verma,IT,Varanasi,Morning,Present,8.28,2026-01
2026-02-02,E1001,Pooja Verma,IT,Varanasi,Morning,Present,9.35,2026-02
2026-02-03,E1001,Pooja Verma,IT,Varanasi,Morning,Present,8.64,2026-02
2026-02-04,E1001,Pooja Verma,IT,Varanasi,Morning,Leave,0.0,2026-02
2026-02-05,E1001,Pooja Verma,IT,Varanasi,Morning,Present,8.43,2026-02
2026-02-06,E1001,Pooja Verma,IT,Varanasi,Morning,Present,8.18,2026-02
2026-02-09,E1001,Pooja Verma,IT,Varanasi,Morning,Present,8.05,2026-02
2026-02-10,E1001,Pooja Verma,IT,Varanasi,Morning,Present,7.96,2026-02
2026-02-11,E1001,Pooja Verma,IT,Varanasi,Morning,Present,7.89,2026-02
2026-02-12,E1001,Pooja Verma,IT,Varanasi,Morning,Present,8.58,2026-02
2026-02-13,E1001,Pooja Verma,IT,Varanasi,Morning,Present,8.25,2026-02
2026-02-16,E1001,Pooja Verma,IT,Varanasi,Morning,Present,7.93,2026-02
2026-02-17,E1001,Pooja Verma,IT,Varanasi,Morning,Leave,0.0,2026-02
2026-02-18,E1001,Pooja Verma,IT,Varanasi,Morning,Present,8.36,2026-02
2026-02-19,E1001,Pooja Verma,IT,Varanasi,Morning,Present,8.5,2026-02
2026-02-20,E1001,Pooja Verma,IT,Varanasi,Morning,Present,8.01,2026-02
2026-02-23,E1001,Pooja Verma,IT,Varanasi,Morning,Present,7.82,2026-02
2026-02-24,E1001,Pooja Verma,IT,Varanasi,Morning,Present,7.42,2026-02
2026-02-25,E1001,Pooja Verma,IT,Varanasi,Morning,Present,8.59,2026-02
2026-02-26,E1001,Pooja Verma,IT,Varanasi,Morning,Present,8.63,2026-02
2026-02-27,E1001,Pooja Verma,IT,Varanasi,Morning,Present,7.7,2026-02
2026-03-02,E1001,Pooja Verma,IT,Varanasi,Morning,Present,7.63,2026-03
2026-03-03,E1001,Pooja Verma,IT,Varanasi,Morning,Present,8.07,2026-03
2026-03-04,E1001,Pooja Verma,IT,Varanasi,Morning,Present,8.77,2026-03
2026-03-05,E1001,Pooja Verma,IT,Varanasi,Morning,Present,8.25,2026-03
2026-03-06,E1001,Pooja Verma,IT,Varanasi,Morning,Present,7.92,2026-03
2026-03-09,E1001,Pooja Verma,IT,Varanasi,Morning,Present,8.07,2026-03
2026-03-10,E1001,Pooja Verma,IT,Varanasi,Morning,Present,7.46,2026-03
2026-03-11,E1001,Pooja Verma,IT,Varanasi,Morning,Present,8.57,2026-03
2026-03-12,E1001,Pooja Verma,IT,Varanasi,Morning,Present,7.86,2026-03
2026-03-13,E1001,Pooja Verma,IT,Varanasi,Morning,Present,7.43,2026-03
2026-03-16,E1001,Pooja Verma,IT,Varanasi,Morning,Present,8.0,2026-03
2026-03-17,E1001,Pooja Verma,IT,Varanasi,Morning,Present,7.91,2026-03
2026-03-18,E1001,Pooja Verma,IT,Varanasi,Morning,Late,7.75,2026-03
2026-03-19,E1001,Pooja Verma,IT,Varanasi,Morning,Present,8.62,2026-03
2026-03-20,E1001,Pooja Verma,IT,Varanasi,Morning,Present,8.72,2026-03
2026-03-23,E1001,Pooja Verma,IT,Varanasi,Morning,Present,8.18,2026-03
2026-03-24,E1001,Pooja Verma,IT,Varanasi,Morning,Present,7.98,2026-03
2026-03-25,E1001,Pooja Verma,IT,Varanasi,Morning,Present,7.93,2026-03
2026-03-26,E1001,Pooja Verma,IT,Varanasi,Morning,Present,6.91,2026-03
2026-03-27,E1001,Pooja Verma,IT,Varanasi,Morning,Present,8.26,2026-03
2026-03-30,E1001,Pooja Verma,IT,Varanasi,Morning,Present,8.3,2026-03
2026-03-31,E1001,Pooja Verma,IT,Varanasi,Morning,Present,8.03,2026-03
2026-01-01,E1002,Aman Singh,IT,Prayagraj,Evening,Present,8.18,2026-01
2026-01-02,E1002,Aman Singh,IT,Prayagraj,Evening,Present,7.24,2026-01
2026-01-05,E1002,Aman Singh,IT,Prayagraj,Evening,Present,8.09,2026-01
2026-01-06,E1002,Aman Singh,IT,Prayagraj,Evening,Present,8.13,2026-01
2026-01-07,E1002,Aman Singh,IT,Prayagraj,Evening,Present,9.21,2026-01
2026-01-08,E1002,Aman Singh,IT,Prayagraj,Evening,Present,8.01,2026-01
2026-01-09,E1002,Aman Singh,IT,Prayagraj,Evening,Present,8.24,2026-01
2026-01-12,E1002,Aman Singh,IT,Prayagraj,Evening,Present,8.61,2026-01
2026-01-13,E1002,Aman Singh,IT,Prayagraj,Evening,Present,8.44,2026-01
2026-01-14,E1002,Aman Singh,IT,Prayagraj,Evening,Present,8.73,2026-01
2026-01-15,E1002,Aman Singh,IT,Prayagraj,Evening,Present,7.47,2026-01
2026-01-16,E1002,Aman Singh,IT,Prayagraj,Evening,Present,7.65,2026-01
2026-01-19,E1002,Aman Singh,IT,Prayagraj,Evening,Present,7.85,2026-01
2026-01-20,E1002,Aman Singh,IT,Prayagraj,Evening,Present,7.4,2026-01
2026-01-21,E1002,Aman Singh,IT,Prayagraj,Evening,Present,8.13,2026-01
2026-01-22,E1002,Aman Singh,IT,Prayagraj,Evening,Present,7.69,2026-01
2026-01-23,E1002,Aman Singh,IT,Prayagraj,Evening,Present,8.8,2026-01
2026-01-26,E1002,Aman Singh,IT,Prayagraj,Evening,Present,7.75,2026-01
2026-01-27,E1002,Aman Singh,IT,Prayagraj,Evening,Present,7.96,2026-01
2026-01-28,E1002,Aman Singh,IT,Prayagraj,Evening,Present,8.47,2026-01
2026-01-29,E1002,Aman Singh,IT,Prayagraj,Evening,Present,7.55,2026-01
2026-01-30,E1002,Aman Singh,IT,Prayagraj,Evening,Present,7.38,2026-01
2026-02-02,E1002,Aman Singh,IT,Prayagraj,Evening,Present,8.18,2026-02
2026-02-03,E1002,Aman Singh,IT,Prayagraj,Evening,Present,8.22,2026-02
2026-02-04,E1002,Aman Singh,IT,Prayagraj,Evening,Present,8.45,2026-02
2026-02-05,E1002,Aman Singh,IT,Prayagraj,Evening,Present,8.33,2026-02
2026-02-06,E1002,Aman Singh,IT,Prayagraj,Evening,Present,8.23,2026-02
2026-02-09,E1002,Aman Singh,IT,Prayagraj,Evening,Present,7.79,2026-02
2026-02-10,E1002,Aman Singh,IT,Prayagraj,Evening,Present,8.2,2026-02
2026-02-11,E1002,Aman Singh,IT,Prayagraj,Evening,Present,8.23,2026-02
2026-02-12,E1002,Aman Singh,IT,Prayagraj,Evening,Present,7.78,2026-02
2026-02-13,E1002,Aman Singh,IT,Prayagraj,Evening,Present,8.94,2026-02
2026-02-16,E1002,Aman Singh,IT,Prayagraj,Evening,Present,8.31,2026-02
2026-02-17,E1002,Aman Singh,IT,Prayagraj,Evening,Present,7.66,2026-02
2026-02-18,E1002,Aman Singh,IT,Prayagraj,Evening,Present,8.45,2026-02
2026-02-19,E1002,Aman Singh,IT,Prayagraj,Evening,Present,8.53,2026-02
2026-02-20,E1002,Aman Singh,IT,Prayagraj,Evening,Present,8.29,2026-02
2026-02-23,E1002,Aman Singh,IT,Prayagraj,Evening,Present,7.99,2026-02
2026-02-24,E1002,Aman Singh,IT,Prayagraj,Evening,Present,7.76,2026-02
2026-02-25,E1002,Aman Singh,IT,Prayagraj,Evening,Present,8.07,2026-02
2026-02-26,E1002,Aman Singh,IT,Prayagraj,Evening,Present,8.25,2026-02
2026-02-27,E1002,Aman Singh,IT,Prayagraj,Evening,Present,8.11,2026-02
2026-03-02,E1002,Aman Singh,IT,Prayagraj,Evening,Present,8.75,2026-03
2026-03-03,E1002,Aman Singh,IT,Prayagraj,Evening,Present,8.38,2026-03
2026-03-04,E1002,Aman Singh,IT,Prayagraj,Evening,Present,7.71,2026-03
2026-03-05,E1002,Aman Singh,IT,Prayagraj,Evening,Present,7.62,2026-03
2026-03-06,E1002,Aman Singh,IT,Prayagraj,Evening,Present,8.32,2026-03
2026-03-09,E1002,Aman Singh,IT,Prayagraj,Evening,Present,8.0,2026-03
2026-03-10,E1002,Aman Singh,IT,Prayagraj,Evening,Present,8.42,2026-03
2026-03-11,E1002,Aman Singh,IT,Prayagraj,Evening,Present,8.31,2026-03
2026-03-12,E1002,Aman Singh,IT,Prayagraj,Evening,Present,8.07,2026-03
2026-03-13,E1002,Aman Singh,IT,Prayagraj,Evening,Present,7.72,2026-03
2026-03-16,E1002,Aman Singh,IT,Prayagraj,Evening,Present,7.42,2026-03
2026-03-17,E1002,Aman Singh,IT,Prayagraj,Evening,Present,8.2,2026-03
2026-03-18,E1002,Aman Singh,IT,Prayagraj,Evening,Present,7.54,2026-03
2026-03-19,E1002,Aman Singh,IT,Prayagraj,Evening,Present,7.7,2026-03
2026-03-20,E1002,Aman Singh,IT,Prayagraj,Evening,Present,8.17,2026-03
2026-03-23,E1002,Aman Singh,IT,Prayagraj,Evening,Late,7.53,2026-03
2026-03-24,E1002,Aman Singh,IT,Prayagraj,Evening,Present,7.59,2026-03
2026-03-25,E1002,Aman Singh,IT,Prayagraj,Evening,Present,8.59,2026-03
2026-03-26,E1002,Aman Singh,IT,Prayagraj,Evening,Present,8.57,2026-03
2026-03-27,E1002,Aman Singh,IT,Prayagraj,Evening,Present,8.33,2026-03
2026-03-30,E1002,Aman Singh,IT,Prayagraj,Evening,Present,8.33,2026-03
2026-03-31,E1002,Aman Singh,IT,Prayagraj,Evening,Present,8.33,2026-03
2026-01-01,E1003,Simran Chauhan,IT,Kanpur,Evening,Present,8.7,2026-01
2026-01-02,E1003,Simran Chauhan,IT,Kanpur,Evening,Present,8.54,2026-01
2026-01-05,E1003,Simran Chauhan,IT,Kanpur,Evening,Present,7.58,2026-01
2026-01-06,E1003,Simran Chauhan,IT,Kanpur,Evening,Present,7.42,2026-01
2026-01-07,E1003,Simran Chauhan,IT,Kanpur,Evening,Present,8.08,2026-01
2026-01-08,E1003,Simran Chauhan,IT,Kanpur,Evening,Present,7.86,2026-01
2026-01-09,E1003,Simran Chauhan,IT,Kanpur,Evening,Present,7.91,2026-01
2026-01-12,E1003,Simran Chauhan,IT,Kanpur,Evening,Present,8.14,2026-01
2026-01-13,E1003,Simran Chauhan,IT,Kanpur,Evening,Present,7.7,2026-01
2026-01-14,E1003,Simran Chauhan,IT,Kanpur,Evening,Present,7.95,2026-01
2026-01-15,E1003,Simran Chauhan,IT,Kanpur,Evening,Present,8.35,2026-01
2026-01-16,E1003,Simran Chauhan,IT,Kanpur,Evening,Present,7.53,2026-01
2026-01-19,E1003,Simran Chauhan,IT,Kanpur,Evening,Present,9.18,2026-01
2026-01-20,E1003,Simran Chauhan,IT,Kanpur,Evening,Present,8.93,2026-01
2026-01-21,E1003,Simran Chauhan,IT,Kanpur,Evening,Present,8.11,2026-01
2026-01-22,E1003,Simran Chauhan,IT,Kanpur,Evening,Present,8.3,2026-01
2026-01-23,E1003,Simran Chauhan,IT,Kanpur,Evening,Present,7.9,2026-01
2026-01-26,E1003,Simran Chauhan,IT,Kanpur,Evening,Present,7.35,2026-01
2026-01-27,E1003,Simran Chauhan,IT,Kanpur,Evening,Present,7.75,2026-01
2026-01-28,E1003,Simran Chauhan,IT,Kanpur,Evening,Present,8.85,2026-01
2026-01-29,E1003,Simran Chauhan,IT,Kanpur,Evening,Present,8.24,2026-01
2026-01-30,E1003,Simran Chauhan,IT,Kanpur,Evening,Present,7.37,2026-01
2026-02-02,E1003,Simran Chauhan,IT,Kanpur,Evening,Present,8.27,2026-02
2026-02-03,E1003,Simran Chauhan,IT,Kanpur,Evening,Present,8.84,2026-02
2026-02-04,E1003,Simran Chauhan,IT,Kanpur,Evening,Present,7.77,2026-02
2026-02-05,E1003,Simran Chauhan,IT,Kanpur,Evening,Present,7.52,2026-02
2026-02-06,E1003,Simran Chauhan,IT,Kanpur,Evening,Present,7.99,2026-02
2026-02-09,E1003,Simran Chauhan,IT,Kanpur,Evening,Present,8.94,2026-02
2026-02-10,E1003,Simran Chauhan,IT,Kanpur,Evening,Present,7.52,2026-02
2026-02-11,E1003,Simran Chauhan,IT,Kanpur,Evening,Present,8.05,2026-02
2026-02-12,E1003,Simran Chauhan,IT,Kanpur,Evening,Present,8.79,2026-02
2026-02-13,E1003,Simran Chauhan,IT,Kanpur,Evening,Present,8.7,2026-02
2026-02-16,E1003,Simran Chauhan,IT,Kanpur,Evening,Present,8.13,2026-02
2026-02-17,E1003,Simran Chauhan,IT,Kanpur,Evening,Present,9.16,2026-02
2026-02-18,E1003,Simran Chauhan,IT,Kanpur,Evening,Present,8.01,2026-02
2026-02-19,E1003,Simran Chauhan,IT,Kanpur,Evening,Present,8.13,2026-02
2026-02-20,E1003,Simran Chauhan,IT,Kanpur,Evening,Present,7.25,2026-02
2026-02-23,E1003,Simran Chauhan,IT,Kanpur,Evening,Present,8.68,2026-02
2026-02-24,E1003,Simran Chauhan,IT,Kanpur,Evening,Present,8.41,2026-02
2026-02-25,E1003,Simran Chauhan,IT,Kanpur,Evening,Present,8.13,2026-02
2026-02-26,E1003,Simran Chauhan,IT,Kanpur,Evening,Present,7.88,2026-02
2026-02-27,E1003,Simran Chauhan,IT,Kanpur,Evening,Present,8.19,2026-02
2026-03-02,E1003,Simran Chauhan,IT,Kanpur,Evening,Present,7.82,2026-03
2026-03-03,E1003,Simran Chauhan,IT,Kanpur,Evening,Present,7.94,2026-03
2026-03-04,E1003,Simran Chauhan,IT,Kanpur,Evening,Present,8.26,2026-03
2026-03-05,E1003,Simran Chauhan,IT,Kanpur,Evening,Present,8.36,2026-03
2026-03-06,E1003,Simran Chauhan,IT,Kanpur,Evening,Present,8.35,2026-03
2026-03-09,E1003,Simran Chauhan,IT,Kanpur,Evening,Present,7.78,2026-03
2026-03-10,E1003,Simran Chauhan,IT,Kanpur,Evening,Late,6.61,2026-03
2026-03-11,E1003,Simran Chauhan,IT,Kanpur,Evening,Present,7.55,2026-03
2026-03-12,E1003,Simran Chauhan,IT,Kanpur,Evening,Present,8.8,2026-03
2026-03-13,E1003,Simran Chauhan,IT,Kanpur,Evening,Present,7.9,2026-03
2026-03-16,E1003,Simran Chauhan,IT,Kanpur,Evening,Present,8.11,2026-03
2026-03-17,E1003,Simran Chauhan,IT,Kanpur,Evening,Present,8.52,2026-03
2026-03-18,E1003,Simran Chauhan,IT,Kanpur,Evening,Present,7.99,2026-03
2026-03-19,E1003,Simran Chauhan,IT,Kanpur,Evening,Present,8.48,2026-03
2026-03-20,E1003,Simran Chauhan,IT,Kanpur,Evening,Present,7.98,2026-03
2026-03-23,E1003,Simran Chauhan,IT,Kanpur,Evening,Present,7.82,2026-03
2026-03-24,E1003,Simran Chauhan,IT,Kanpur,Evening,Present,8.96,2026-03
2026-03-25,E1003,Simran Chauhan,IT,Kanpur,Evening,Present,8.58,2026-03
2026-03-26,E1003,Simran Chauhan,IT,Kanpur,Evening,Present,8.64,2026-03
2026-03-27,E1003,Simran Chauhan,IT,Kanpur,Evening,Present,7.56,2026-03
2026-03-30,E1003,Simran Chauhan,IT,Kanpur,Evening,Present,7.79,2026-03
2026-03-31,E1003,Simran Chauhan,IT,Kanpur,Evening,Present,8.1,2026-03
2026-01-01,E1004,Mohit Sharma,IT,Varanasi,Morning,Present,8.03,2026-01
2026-01-02,E1004,Mohit Sharma,IT,Varanasi,Morning,Present,8.29,2026-01
2026-01-05,E1004,Mohit Sharma,IT,Varanasi,Morning,Present,7.85,2026-01
2026-01-06,E1004,Mohit Sharma,IT,Varanasi,Morning,Present,8.21,2026-01
2026-01-07,E1004,Mohit Sharma,IT,Varanasi,Morning,Present,7.87,2026-01
2026-01-08,E1004,Mohit Sharma,IT,Varanasi,Morning,Present,7.89,2026-01
2026-01-09,E1004,Mohit Sharma,IT,Varanasi,Morning,Present,8.2,2026-01
2026-01-12,E1004,Mohit Sharma,IT,Varanasi,Morning,Late,6.78,2026-01
2026-01-13,E1004,Mohit Sharma,IT,Varanasi,Morning,Present,7.47,2026-01
2026-01-14,E1004,Mohit Sharma,IT,Varanasi,Morning,Late,7.14,2026-01
2026-01-15,E1004,Mohit Sharma,IT,Varanasi,Morning,Present,8.0,2026-01
2026-01-16,E1004,Mohit Sharma,IT,Varanasi,Morning,Present,8.49,2026-01
2026-01-19,E1004,Mohit Sharma,IT,Varanasi,Morning,Present,8.03,2026-01
2026-01-20,E1004,Mohit Sharma,IT,Varanasi,Morning,Present,8.09,2026-01
2026-01-21,E1004,Mohit Sharma,IT,Varanasi,Morning,Present,7.97,2026-01
2026-01-22,E1004,Mohit Sharma,IT,Varanasi,Morning,Present,8.25,2026-01
2026-01-23,E1004,Mohit Sharma,IT,Varanasi,Morning,Present,7.73,2026-01
2026-01-26,E1004,Mohit Sharma,IT,Varanasi,Morning,Present,8.05,2026-01
2026-01-27,E1004,Mohit Sharma,IT,Varanasi,Morning,Present,8.28,2026-01
2026-01-28,E1004,Mohit Sharma,IT,Varanasi,Morning,Present,8.2,2026-01
2026-01-29,E1004,Mohit Sharma,IT,Varanasi,Morning,Present,8.11,2026-01
2026-01-30,E1004,Mohit Sharma,IT,Varanasi,Morning,Present,8.11,2026-01
2026-02-02,E1004,Mohit Sharma,IT,Varanasi,Morning,Present,8.32,2026-02
2026-02-03,E1004,Mohit Sharma,IT,Varanasi,Morning,Present,9.07,2026-02
2026-02-04,E1004,Mohit Sharma,IT,Varanasi,Morning,Present,7.75,2026-02
2026-02-05,E1004,Mohit Sharma,IT,Varanasi,Morning,Present,9.09,2026-02
2026-02-06,E1004,Mohit Sharma,IT,Varanasi,Morning,Present,7.74,2026-02
2026-02-09,E1004,Mohit Sharma,IT,Varanasi,Morning,Present,7.14,2026-02
2026-02-10,E1004,Mohit Sharma,IT,Varanasi,Morning,Present,7.86,2026-02
2026-02-11,E1004,Mohit Sharma,IT,Varanasi,Morning,Present,8.25,2026-02
2026-02-12,E1004,Mohit Sharma,IT,Varanasi,Morning,Present,8.94,2026-02
2026-02-13,E1004,Mohit Sharma,IT,Varanasi,Morning,Present,7.7,2026-02
2026-02-16,E1004,Mohit Sharma,IT,Varanasi,Morning,Present,8.32,2026-02
2026-02-17,E1004,Mohit Sharma,IT,Varanasi,Morning,Present,7.51,2026-02
2026-02-18,E1004,Mohit Sharma,IT,Varanasi,Morning,Present,8.92,2026-02
2026-02-19,E1004,Mohit Sharma,IT,Varanasi,Morning,Present,8.63,2026-02
2026-02-20,E1004,Mohit Sharma,IT,Varanasi,Morning,Late,7.27,2026-02
2026-02-23,E1004,Mohit Sharma,IT,Varanasi,Morning,Present,7.33,2026-02
2026-02-24,E1004,Mohit Sharma,IT,Varanasi,Morning,Late,8.0,2026-02
2026-02-25,E1004,Mohit Sharma,IT,Varanasi,Morning,Present,8.05,2026-02
2026-02-26,E1004,Mohit Sharma,IT,Varanasi,Morning,Present,8.66,2026-02
2026-02-27,E1004,Mohit Sharma,IT,Varanasi,Morning,Present,8.1,2026-02
2026-03-02,E1004,Mohit Sharma,IT,Varanasi,Morning,Present,8.12,2026-03
2026-03-03,E1004,Mohit Sharma,IT,Varanasi,Morning,Late,7.27,2026-03
2026-03-04,E1004,Mohit Sharma,IT,Varanasi,Morning,Present,8.38,2026-03
2026-03-05,E1004,Mohit Sharma,IT,Varanasi,Morning,Present,8.15,2026-03
2026-03-06,E1004,Mohit Sharma,IT,Varanasi,Morning,Present,8.33,2026-03
2026-03-09,E1004,Mohit Sharma,IT,Varanasi,Morning,Present,7.41,2026-03
2026-03-10,E1004,Mohit Sharma,IT,Varanasi,Morning,Present,8.67,2026-03
2026-03-11,E1004,Mohit Sharma,IT,Varanasi,Morning,Present,8.8,2026-03
2026-03-12,E1004,Mohit Sharma,IT,Varanasi,Morning,Present,8.15,2026-03
2026-03-13,E1004,Mohit Sharma,IT,Varanasi,Morning,Present,9.03,2026-03
2026-03-16,E1004,Mohit Sharma,IT,Varanasi,Morning,Present,8.89,2026-03
2026-03-17,E1004,Mohit Sharma,IT,Varanasi,Morning,Present,8.39,2026-03
2026-03-18,E1004,Mohit Sharma,IT,Varanasi,Morning,Present,8.72,2026-03
2026-03-19,E1004,Mohit Sharma,IT,Varanasi,Morning,Present,8.58,2026-03
2026-03-20,E1004,Mohit Sharma,IT,Varanasi,Morning,Present,7.31,2026-03
2026-03-23,E1004,Mohit Sharma,IT,Varanasi,Morning,Present,7.98,2026-03
2026-03-24,E1004,Mohit Sharma,IT,Varanasi,Morning,Present,8.42,2026-03
2026-03-25,E1004,Mohit Sharma,IT,Varanasi,Morning,Present,8.83,2026-03
2026-03-26,E1004,Mohit Sharma,IT,Varanasi,Morning,Present,7.48,2026-03
2026-03-27,E1004,Mohit Sharma,IT,Varanasi,Morning,Late,6.65,2026-03
2026-03-30,E1004,Mohit Sharma,IT,Varanasi,Morning,Present,8.08,2026-03
2026-03-31,E1004,Mohit Sharma,IT,Varanasi,Morning,Late,6.47,2026-03
2026-01-01,E1005,Aman Kumar,IT,Kanpur,Evening,Present,8.04,2026-01
2026-01-02,E1005,Aman Kumar,IT,Kanpur,Evening,Present,8.07,2026-01
2026-01-05,E1005,Aman Kumar,IT,Kanpur,Evening,Present,7.6,2026-01
2026-01-06,E1005,Aman Kumar,IT,Kanpur,Evening,Present,8.32,2026-01
2026-01-07,E1005,Aman Kumar,IT,Kanpur,Evening,Late,8.0,2026-01
2026-01-08,E1005,Aman Kumar,IT,Kanpur,Evening,Present,7.96,2026-01
2026-01-09,E1005,Aman Kumar,IT,Kanpur,Evening,Present,7.73,2026-01
2026-01-12,E1005,Aman Kumar,IT,Kanpur,Evening,Present,7.85,2026-01
2026-01-13,E1005,Aman Kumar,IT,Kanpur,Evening,Present,7.45,2026-01
2026-01-14,E1005,Aman Kumar,IT,Kanpur,Evening,Present,8.01,2026-01
2026-01-15,E1005,Aman Kumar,IT,Kanpur,Evening,Present,8.05,2026-01
2026-01-16,E1005,Aman Kumar,IT,Kanpur,Evening,Present,8.12,2026-01
2026-01-19,E1005,Aman Kumar,IT,Kanpur,Evening,Present,8.48,2026-01
2026-01-20,E1005,Aman Kumar,IT,Kanpur,Evening,Present,7.82,2026-01
2026-01-21,E1005,Aman Kumar,IT,Kanpur,Evening,Present,7.85,2026-01
2026-01-22,E1005,Aman Kumar,IT,Kanpur,Evening,Present,7.55,2026-01
2026-01-23,E1005,Aman Kumar,IT,Kanpur,Evening,Present,7.82,2026-01
2026-01-26,E1005,Aman Kumar,IT,Kanpur,Evening,Present,7.11,2026-01
2026-01-27,E1005,Aman Kumar,IT,Kanpur,Evening,Present,8.48,2026-01
2026-01-28,E1005,Aman Kumar,IT,Kanpur,Evening,Present,7.66,2026-01
2026-01-29,E1005,Aman Kumar,IT,Kanpur,Evening,Present,7.66,2026-01
2026-01-30,E1005,Aman Kumar,IT,Kanpur,Evening,Present,8.14,2026-01
2026-02-02,E1005,Aman Kumar,IT,Kanpur,Evening,Present,7.74,2026-02
2026-02-03,E1005,Aman Kumar,IT,Kanpur,Evening,Present,7.69,2026-02
2026-02-04,E1005,Aman Kumar,IT,Kanpur,Evening,Present,7.62,2026-02
2026-02-05,E1005,Aman Kumar,IT,Kanpur,Evening,Present,7.81,2026-02
2026-02-06,E1005,Aman Kumar,IT,Kanpur,Evening,Present,8.2,2026-02
2026-02-09,E1005,Aman Kumar,IT,Kanpur,Evening,Present,8.51,2026-02
2026-02-10,E1005,Aman Kumar,IT,Kanpur,Evening,Present,7.71,2026-02
2026-02-11,E1005,Aman Kumar,IT,Kanpur,Evening,Present,8.1,2026-02
2026-02-12,E1005,Aman Kumar,IT,Kanpur,Evening,Present,7.9,2026-02
2026-02-13,E1005,Aman Kumar,IT,Kanpur,Evening,Present,8.81,2026-02
2026-02-16,E1005,Aman Kumar,IT,Kanpur,Evening,Present,8.73,2026-02
2026-02-17,E1005,Aman Kumar,IT,Kanpur,Evening,Present,7.51,2026-02
2026-02-18,E1005,Aman Kumar,IT,Kanpur,Evening,Present,8.11,2026-02
2026-02-19,E1005,Aman Kumar,IT,Kanpur,Evening,Present,8.16,2026-02
2026-02-20,E1005,Aman Kumar,IT,Kanpur,Evening,Present,7.89,2026-02
2026-02-23,E1005,Aman Kumar,IT,Kanpur,Evening,Present,7.82,2026-02
2026-02-24,E1005,Aman Kumar,IT,Kanpur,Evening,Present,7.73,2026-02
2026-02-25,E1005,Aman Kumar,IT,Kanpur,Evening,Late,7.23,2026-02
2026-02-26,E1005,Aman Kumar,IT,Kanpur,Evening,Present,6.97,2026-02
2026-02-27,E1005,Aman Kumar,IT,Kanpur,Evening,Absent,0.0,2026-02
2026-03-02,E1005,Aman Kumar,IT,Kanpur,Evening,Present,8.41,2026-03
2026-03-03,E1005,Aman Kumar,IT,Kanpur,Evening,Present,7.84,2026-03
2026-03-04,E1005,Aman Kumar,IT,Kanpur,Evening,Present,8.44,2026-03
2026-03-05,E1005,Aman Kumar,IT,Kanpur,Evening,Present,8.14,2026-03
2026-03-06,E1005,Aman Kumar,IT,Kanpur,Evening,Present,8.44,2026-03
2026-03-09,E1005,Aman Kumar,IT,Kanpur,Evening,Present,7.8,2026-03
2026-03-10,E1005,Aman Kumar,IT,Kanpur,Evening,Present,8.36,2026-03
2026-03-11,E1005,Aman Kumar,IT,Kanpur,Evening,Present,7.37,2026-03
2026-03-12,E1005,Aman Kumar,IT,Kanpur,Evening,Present,8.12,2026-03
2026-03-13,E1005,Aman Kumar,IT,Kanpur,Evening,Present,8.39,2026-03
2026-03-16,E1005,Aman Kumar,IT,Kanpur,Evening,Present,7.35,2026-03
2026-03-17,E1005,Aman Kumar,IT,Kanpur,Evening,Present,7.81,2026-03
2026-03-18,E1005,Aman Kumar,IT,Kanpur,Evening,Present,8.12,2026-03
2026-03-19,E1005,Aman Kumar,IT,Kanpur,Evening,Present,8.55,2026-03
2026-03-20,E1005,Aman Kumar,IT,Kanpur,Evening,Present,7.84,2026-03
2026-03-23,E1005,Aman Kumar,IT,Kanpur,Evening,Present,8.34,2026-03
2026-03-24,E1005,Aman Kumar,IT,Kanpur,Evening,Present,8.75,2026-03
2026-03-25,E1005,Aman Kumar,IT,Kanpur,Evening,Present,8.36,2026-03
2026-03-26,E1005,Aman Kumar,IT,Kanpur,Evening,Present,8.01,2026-03
2026-03-27,E1005,Aman Kumar,IT,Kanpur,Evening,Leave,0.0,2026-03
2026-03-30,E1005,Aman Kumar,IT,Kanpur,Evening,Present,8.18,2026-03
2026-03-31,E1005,Aman Kumar,IT,Kanpur,Evening,Present,8.14,2026-03
2026-01-01,E1006,Karan Mehta,IT,Prayagraj,General,Present,8.03,2026-01
2026-01-02,E1006,Karan Mehta,IT,Prayagraj,General,Present,8.25,2026-01
2026-01-05,E1006,Karan Mehta,IT,Prayagraj,General,Present,7.91,2026-01
2026-01-06,E1006,Karan Mehta,IT,Prayagraj,General,Present,8.28,2026-01
2026-01-07,E1006,Karan Mehta,IT,Prayagraj,General,Present,7.91,2026-01
2026-01-08,E1006,Karan Mehta,IT,Prayagraj,General,Present,8.49,2026-01
2026-01-09,E1006,Karan Mehta,IT,Prayagraj,General,Present,7.95,2026-01
2026-01-12,E1006,Karan Mehta,IT,Prayagraj,General,Present,7.18,2026-01
2026-01-13,E1006,Karan Mehta,IT,Prayagraj,General,Present,7.65,2026-01
2026-01-14,E1006,Karan Mehta,IT,Prayagraj,General,Present,8.11,2026-01
2026-01-15,E1006,Karan Mehta,IT,Prayagraj,General,Present,8.85,2026-01
2026-01-16,E1006,Karan Mehta,IT,Prayagraj,General,Present,8.47,2026-01
2026-01-19,E1006,Karan Mehta,IT,Prayagraj,General,Late,6.39,2026-01
2026-01-20,E1006,Karan Mehta,IT,Prayagraj,General,Present,7.43,2026-01
2026-01-21,E1006,Karan Mehta,IT,Prayagraj,General,Present,8.61,2026-01
2026-01-22,E1006,Karan Mehta,IT,Prayagraj,General,Present,8.38,2026-01
2026-01-23,E1006,Karan Mehta,IT,Prayagraj,General,Present,9.12,2026-01
2026-01-26,E1006,Karan Mehta,IT,Prayagraj,General,Present,7.89,2026-01
2026-01-27,E1006,Karan Mehta,IT,Prayagraj,General,Present,7.72,2026-01
2026-01-28,E1006,Karan Mehta,IT,Prayagraj,General,Present,8.13,2026-01
2026-01-29,E1006,Karan Mehta,IT,Prayagraj,General,Present,7.89,2026-01
2026-01-30,E1006,Karan Mehta,IT,Prayagraj,General,Present,8.57,2026-01
2026-02-02,E1006,Karan Mehta,IT,Prayagraj,General,Present,7.87,2026-02
2026-02-03,E1006,Karan Mehta,IT,Prayagraj,General,Present,7.98,2026-02
2026-02-04,E1006,Karan Mehta,IT,Prayagraj,General,Present,7.66,2026-02
2026-02-05,E1006,Karan Mehta,IT,Prayagraj,General,Present,8.44,2026-02
2026-02-06,E1006,Karan Mehta,IT,Prayagraj,General,Present,7.69,2026-02
2026-02-09,E1006,Karan Mehta,IT,Prayagraj,General,Present,8.29,2026-02
2026-02-10,E1006,Karan Mehta,IT,Prayagraj,General,Present,8.94,2026-02
2026-02-11,E1006,Karan Mehta,IT,Prayagraj,General,Present,7.3,2026-02
2026-02-12,E1006,Karan Mehta,IT,Prayagraj,General,Present,8.77,2026-02
2026-02-13,E1006,Karan Mehta,IT,Prayagraj,General,Late,7.64,2026-02
2026-02-16,E1006,Karan Mehta,IT,Prayagraj,General,Present,7.59,2026-02
2026-02-17,E1006,Karan Mehta,IT,Prayagraj,General,Present,8.15,2026-02
2026-02-18,E1006,Karan Mehta,IT,Prayagraj,General,Present,8.43,2026-02
2026-02-19,E1006,Karan Mehta,IT,Prayagraj,General,Late,7.1,2026-02
2026-02-20,E1006,Karan Mehta,IT,Prayagraj,General,Present,8.31,2026-02
2026-02-23,E1006,Karan Mehta,IT,Prayagraj,General,Present,8.82,2026-02
2026-02-24,E1006,Karan Mehta,IT,Prayagraj,General,Late,7.24,2026-02
2026-02-25,E1006,Karan Mehta,IT,Prayagraj,General,Late,7.01,2026-02
2026-02-26,E1006,Karan Mehta,IT,Prayagraj,General,Absent,0.0,2026-02
2026-02-27,E1006,Karan Mehta,IT,Prayagraj,General,Present,8.04,2026-02
2026-03-02,E1006,Karan Mehta,IT,Prayagraj,General,Present,9.24,2026-03
2026-03-03,E1006,Karan Mehta,IT,Prayagraj,General,Present,8.34,2026-03
2026-03-04,E1006,Karan Mehta,IT,Prayagraj,General,Present,8.58,2026-03
2026-03-05,E1006,Karan Mehta,IT,Prayagraj,General,Present,7.84,2026-03
2026-03-06,E1006,Karan Mehta,IT,Prayagraj,General,Present,8.48,2026-03
2026-03-09,E1006,Karan Mehta,IT,Prayagraj,General,Late,6.34,2026-03
2026-03-10,E1006,Karan Mehta,IT,Prayagraj,General,Present,8.67,2026-03
2026-03-11,E1006,Karan Mehta,IT,Prayagraj,General,Present,7.73,2026-03
2026-03-12,E1006,Karan Mehta,IT,Prayagraj,General,Present,7.59,2026-03
2026-03-13,E1006,Karan Mehta,IT,Prayagraj,General,Present,8.03,2026-03
2026-03-16,E1006,Karan Mehta,IT,Prayagraj,General,Present,8.46,2026-03
2026-03-17,E1006,Karan Mehta,IT,Prayagraj,General,Present,8.03,2026-03
2026-03-18,E1006,Karan Mehta,IT,Prayagraj,General,Present,7.64,2026-03
2026-03-19,E1006,Karan Mehta,IT,Prayagraj,General,Leave,0.0,2026-03
2026-03-20,E1006,Karan Mehta,IT,Prayagraj,General,Present,8.33,2026-03
2026-03-23,E1006,Karan Mehta,IT,Prayagraj,General,Present,9.26,2026-03
2026-03-24,E1006,Karan Mehta,IT,Prayagraj,General,Present,8.13,2026-03
2026-03-25,E1006,Karan Mehta,IT,Prayagraj,General,Present,8.19,2026-03
2026-03-26,E1006,Karan Mehta,IT,Prayagraj,General,Present,8.04,2026-03
2026-03-27,E1006,Karan Mehta,IT,Prayagraj,General,Present,8.09,2026-03
2026-03-30,E1006,Karan Mehta,IT,Prayagraj,General,Present,7.86,2026-03
2026-03-31,E1006,Karan Mehta,IT,Prayagraj,General,Present,7.99,2026-03
2026-01-01,E1007,Aman Patel,IT,Kanpur,Morning,Present,7.16,2026-01
2026-01-02,E1007,Aman Patel,IT,Kanpur,Morning,Present,7.54,2026-01
2026-01-05,E1007,Aman Patel,IT,Kanpur,Morning,Present,8.23,2026-01
2026-01-06,E1007,Aman Patel,IT,Kanpur,Morning,Present,7.99,2026-01
2026-01-07,E1007,Aman Patel,IT,Kanpur,Morning,Present,8.47,2026-01
2026-01-08,E1007,Aman Patel,IT,Kanpur,Morning,Present,7.5,2026-01
2026-01-09,E1007,Aman Patel,IT,Kanpur,Morning,Present,8.32,2026-01
2026-01-12,E1007,Aman Patel,IT,Kanpur,Morning,Present,7.75,2026-01
2026-01-13,E1007,Aman Patel,IT,Kanpur,Morning,Present,7.78,2026-01
2026-01-14,E1007,Aman Patel,IT,Kanpur,Morning,Present,7.77,2026-01
2026-01-15,E1007,Aman Patel,IT,Kanpur,Morning,Present,8.14,2026-01
2026-01-16,E1007,Aman Patel,IT,Kanpur,Morning,Present,8.04,2026-01
2026-01-19,E1007,Aman Patel,IT,Kanpur,Morning,Present,7.94,2026-01
2026-01-20,E1007,Aman Patel,IT,Kanpur,Morning,Present,8.0,2026-01
2026-01-21,E1007,Aman Patel,IT,Kanpur,Morning,Present,8.21,2026-01
2026-01-22,E1007,Aman Patel,IT,Kanpur,Morning,Present,8.21,2026-01
2026-01-23,E1007,Aman Patel,IT,Kanpur,Morning,Present,7.8,2026-01
2026-01-26,E1007,Aman Patel,IT,Kanpur,Morning,Present,7.68,2026-01
2026-01-27,E1007,Aman Patel,IT,Kanpur,Morning,Present,7.35,2026-01
2026-01-28,E1007,Aman Patel,IT,Kanpur,Morning,Present,8.89,2026-01
2026-01-29,E1007,Aman Patel,IT,Kanpur,Morning,Present,7.54,2026-01
2026-01-30,E1007,Aman Patel,IT,Kanpur,Morning,Present,7.73,2026-01
2026-02-02,E1007,Aman Patel,IT,Kanpur,Morning,Present,8.44,2026-02
2026-02-03,E1007,Aman Patel,IT,Kanpur,Morning,Present,7.46,2026-02
2026-02-04,E1007,Aman Patel,IT,Kanpur,Morning,Present,7.31,2026-02
2026-02-05,E1007,Aman Patel,IT,Kanpur,Morning,Present,7.85,2026-02
2026-02-06,E1007,Aman Patel,IT,Kanpur,Morning,Present,8.54,2026-02
2026-02-09,E1007,Aman Patel,IT,Kanpur,Morning,Present,8.09,2026-02
2026-02-10,E1007,Aman Patel,IT,Kanpur,Morning,Present,9.07,2026-02
2026-02-11,E1007,Aman Patel,IT,Kanpur,Morning,Present,8.4,2026-02
2026-02-12,E1007,Aman Patel,IT,Kanpur,Morning,Present,7.52,2026-02
2026-02-13,E1007,Aman Patel,IT,Kanpur,Morning,Present,8.15,2026-02
2026-02-16,E1007,Aman Patel,IT,Kanpur,Morning,Present,7.37,2026-02
2026-02-17,E1007,Aman Patel,IT,Kanpur,Morning,Present,8.35,2026-02
2026-02-18,E1007,Aman Patel,IT,Kanpur,Morning,Present,7.89,2026-02
2026-02-19,E1007,Aman Patel,IT,Kanpur,Morning,Present,8.34,2026-02
2026-02-20,E1007,Aman Patel,IT,Kanpur,Morning,Present,8.83,2026-02
2026-02-23,E1007,Aman Patel,IT,Kanpur,Morning,Present,8.81,2026-02
2026-02-24,E1007,Aman Patel,IT,Kanpur,Morning,Present,8.03,2026-02
2026-02-25,E1007,Aman Patel,IT,Kanpur,Morning,Present,8.46,2026-02
2026-02-26,E1007,Aman Patel,IT,Kanpur,Morning,Present,7.94,2026-02
2026-02-27,E1007,Aman Patel,IT,Kanpur,Morning,Present,8.19,2026-02
2026-03-02,E1007,Aman Patel,IT,Kanpur,Morning,Present,7.41,2026-03
2026-03-03,E1007,Aman Patel,IT,Kanpur,Morning,Present,7.74,2026-03
2026-03-04,E1007,Aman Patel,IT,Kanpur,Morning,Present,8.36,2026-03
2026-03-05,E1007,Aman Patel,IT,Kanpur,Morning,Present,7.31,2026-03
2026-03-06,E1007,Aman Patel,IT,Kanpur,Morning,Present,8.14,2026-03
2026-03-09,E1007,Aman Patel,IT,Kanpur,Morning,Present,8.18,2026-03
2026-03-10,E1007,Aman Patel,IT,Kanpur,Morning,Present,8.37,2026-03
2026-03-11,E1007,Aman Patel,IT,Kanpur,Morning,Present,7.42,2026-03
2026-03-12,E1007,Aman Patel,IT,Kanpur,Morning,Present,7.34,2026-03
2026-03-13,E1007,Aman Patel,IT,Kanpur,Morning,Present,8.54,2026-03
2026-03-16,E1007,Aman Patel,IT,Kanpur,Morning,Present,8.18,2026-03
2026-03-17,E1007,Aman Patel,IT,Kanpur,Morning,Present,7.95,2026-03
2026-03-18,E1007,Aman Patel,IT,Kanpur,Morning,Present,7.4,2026-03
2026-03-19,E1007,Aman Patel,IT,Kanpur,Morning,Present,7.92,2026-03
2026-03-20,E1007,Aman Patel,IT,Kanpur,Morning,Present,7.61,2026-03
2026-03-23,E1007,Aman Patel,IT,Kanpur,Morning,Present,8.52,2026-03
2026-03-24,E1007,Aman Patel,IT,Kanpur,Morning,Present,7.51,2026-03
2026-03-25,E1007,Aman Patel,IT,Kanpur,Morning,Present,8.0,2026-03
2026-03-26,E1007,Aman Patel,IT,Kanpur,Morning,Present,8.47,2026-03
2026-03-27,E1007,Aman Patel,IT,Kanpur,Morning,Present,8.38,2026-03
2026-03-30,E1007,Aman Patel,IT,Kanpur,Morning,Present,7.9,2026-03
2026-03-31,E1007,Aman Patel,IT,Kanpur,Morning,Present,8.38,2026-03
2026-01-01,E1008,Meera Sinha,IT,Lucknow,General,Present,8.19,2026-01
2026-01-02,E1008,Meera Sinha,IT,Lucknow,General,Present,7.61,2026-01
2026-01-05,E1008,Meera Sinha,IT,Lucknow,General,Late,8.0,2026-01
2026-01-06,E1008,Meera Sinha,IT,Lucknow,General,Leave,0.0,2026-01
2026-01-07,E1008,Meera Sinha,IT,Lucknow,General,Late,8.0,2026-01
2026-01-08,E1008,Meera Sinha,IT,Lucknow,General,Present,8.06,2026-01
2026-01-09,E1008,Meera Sinha,IT,Lucknow,General,Present,7.47,2026-01
2026-01-12,E1008,Meera Sinha,IT,Lucknow,General,Present,8.33,2026-01
2026-01-13,E1008,Meera Sinha,IT,Lucknow,General,Present,7.63,2026-01
2026-01-14,E1008,Meera Sinha,IT,Lucknow,General,Present,8.68,2026-01
2026-01-15,E1008,Meera Sinha,IT,Lucknow,General,Present,8.29,2026-01
2026-01-16,E1008,Meera Sinha,IT,Lucknow,General,Present,7.23,2026-01
2026-01-19,E1008,Meera Sinha,IT,Lucknow,General,Present,8.49,2026-01
2026-01-20,E1008,Meera Sinha,IT,Lucknow,General,Present,8.23,2026-01
2026-01-21,E1008,Meera Sinha,IT,Lucknow,General,Present,8.42,2026-01
2026-01-22,E1008,Meera Sinha,IT,Lucknow,General,Present,8.12,2026-01
2026-01-23,E1008,Meera Sinha,IT,Lucknow,General,Absent,0.0,2026-01
2026-01-26,E1008,Meera Sinha,IT,Lucknow,General,Present,7.87,2026-01
2026-01-27,E1008,Meera Sinha,IT,Lucknow,General,Present,8.73,2026-01
2026-01-28,E1008,Meera Sinha,IT,Lucknow,General,Present,7.9,2026-01
2026-01-29,E1008,Meera Sinha,IT,Lucknow,General,Present,8.75,2026-01
2026-01-30,E1008,Meera Sinha,IT,Lucknow,General,Present,7.91,2026-01
2026-02-02,E1008,Meera Sinha,IT,Lucknow,General,Present,7.97,2026-02
2026-02-03,E1008,Meera Sinha,IT,Lucknow,General,Present,7.65,2026-02
2026-02-04,E1008,Meera Sinha,IT,Lucknow,General,Present,7.75,2026-02
2026-02-05,E1008,Meera Sinha,IT,Lucknow,General,Present,8.08,2026-02
2026-02-06,E1008,Meera Sinha,IT,Lucknow,General,Present,8.21,2026-02
2026-02-09,E1008,Meera Sinha,IT,Lucknow,General,Present,8.54,2026-02
2026-02-10,E1008,Meera Sinha,IT,Lucknow,General,Late,7.39,2026-02
2026-02-11,E1008,Meera Sinha,IT,Lucknow,General,Present,7.59,2026-02
2026-02-12,E1008,Meera Sinha,IT,Lucknow,General,Leave,0.0,2026-02
2026-02-13,E1008,Meera Sinha,IT,Lucknow,General,Present,8.27,2026-02
2026-02-16,E1008,Meera Sinha,IT,Lucknow,General,Late,8.0,2026-02
2026-02-17,E1008,Meera Sinha,IT,Lucknow,General,Present,8.83,2026-02
2026-02-18,E1008,Meera Sinha,IT,Lucknow,General,Present,7.87,2026-02
2026-02-19,E1008,Meera Sinha,IT,Lucknow,General,Present,7.83,2026-02
2026-02-20,E1008,Meera Sinha,IT,Lucknow,General,Present,7.88,2026-02
2026-02-23,E1008,Meera Sinha,IT,Lucknow,General,Leave,0.0,2026-02
2026-02-24,E1008,Meera Sinha,IT,Lucknow,General,Present,8.02,2026-02
2026-02-25,E1008,Meera Sinha,IT,Lucknow,General,Late,8.0,2026-02
2026-02-26,E1008,Meera Sinha,IT,Lucknow,General,Present,7.84,2026-02
2026-02-27,E1008,Meera Sinha,IT,Lucknow,General,Present,7.85,2026-02
2026-03-02,E1008,Meera Sinha,IT,Lucknow,General,Present,8.38,2026-03
2026-03-03,E1008,Meera Sinha,IT,Lucknow,General,Present,8.8,2026-03
2026-03-04,E1008,Meera Sinha,IT,Lucknow,General,Present,8.91,2026-03
2026-03-05,E1008,Meera Sinha,IT,Lucknow,General,Present,7.82,2026-03
2026-03-06,E1008,Meera Sinha,IT,Lucknow,General,Present,7.93,2026-03
2026-03-09,E1008,Meera Sinha,IT,Lucknow,General,Late,7.64,2026-03
2026-03-10,E1008,Meera Sinha,IT,Lucknow,General,Present,8.25,2026-03
2026-03-11,E1008,Meera Sinha,IT,Lucknow,General,Present,8.02,2026-03
2026-03-12,E1008,Meera Sinha,IT,Lucknow,General,Present,7.74,2026-03
2026-03-13,E1008,Meera Sinha,IT,Lucknow,General,Present,8.09,2026-03
2026-03-16,E1008,Meera Sinha,IT,Lucknow,General,Present,8.91,2026-03
2026-03-17,E1008,Meera Sinha,IT,Lucknow,General,Present,7.87,2026-03
2026-03-18,E1008,Meera Sinha,IT,Lucknow,General,Present,8.2,2026-03
2026-03-19,E1008,Meera Sinha,IT,Lucknow,General,Present,9.24,2026-03
2026-03-20,E1008,Meera Sinha,IT,Lucknow,General,Present,7.86,2026-03
2026-03-23,E1008,Meera Sinha,IT,Lucknow,General,Present,8.41,2026-03
2026-03-24,E1008,Meera Sinha,IT,Lucknow,General,Present,8.93,2026-03
2026-03-25,E1008,Meera Sinha,IT,Lucknow,General,Present,8.37,2026-03
2026-03-26,E1008,Meera Sinha,IT,Lucknow,General,Present,8.6,2026-03
2026-03-27,E1008,Meera Sinha,IT,Lucknow,General,Present,8.47,2026-03
2026-03-30,E1008,Meera Sinha,IT,Lucknow,General,Present,8.33,2026-03
2026-03-31,E1008,Meera Sinha,IT,Lucknow,General,Present,8.72,2026-03
2026-01-01,E1009,Ankit Singh,IT,Lucknow,Morning,Present,7.93,2026-01
2026-01-02,E1009,Ankit Singh,IT,Lucknow,Morning,Present,7.72,2026-01
2026-01-05,E1009,Ankit Singh,IT,Lucknow,Morning,Present,8.29,2026-01
2026-01-06,E1009,Ankit Singh,IT,Lucknow,Morning,Present,8.28,2026-01
2026-01-07,E1009,Ankit Singh,IT,Lucknow,Morning,Present,8.47,2026-01
2026-01-08,E1009,Ankit Singh,IT,Lucknow,Morning,Leave,0.0,2026-01
2026-01-09,E1009,Ankit Singh,IT,Lucknow,Morning,Present,7.43,2026-01
2026-01-12,E1009,Ankit Singh,IT,Lucknow,Morning,Present,8.39,2026-01
2026-01-13,E1009,Ankit Singh,IT,Lucknow,Morning,Present,9.07,2026-01
2026-01-14,E1009,Ankit Singh,IT,Lucknow,Morning,Present,8.21,2026-01
2026-01-15,E1009,Ankit Singh,IT,Lucknow,Morning,Late,8.0,2026-01
2026-01-16,E1009,Ankit Singh,IT,Lucknow,Morning,Present,8.37,2026-01
2026-01-19,E1009,Ankit Singh,IT,Lucknow,Morning,Present,8.18,2026-01
2026-01-20,E1009,Ankit Singh,IT,Lucknow,Morning,Late,7.28,2026-01
2026-01-21,E1009,Ankit Singh,IT,Lucknow,Morning,Present,8.19,2026-01
2026-01-22,E1009,Ankit Singh,IT,Lucknow,Morning,Present,8.16,2026-01
2026-01-23,E1009,Ankit Singh,IT,Lucknow,Morning,Present,7.78,2026-01
2026-01-26,E1009,Ankit Singh,IT,Lucknow,Morning,Present,7.85,2026-01
2026-01-27,E1009,Ankit Singh,IT,Lucknow,Morning,Present,8.27,2026-01
2026-01-28,E1009,Ankit Singh,IT,Lucknow,Morning,Present,8.8,2026-01
2026-01-29,E1009,Ankit Singh,IT,Lucknow,Morning,Present,8.07,2026-01
2026-01-30,E1009,Ankit Singh,IT,Lucknow,Morning,Present,7.45,2026-01
2026-02-02,E1009,Ankit Singh,IT,Lucknow,Morning,Present,7.11,2026-02
2026-02-03,E1009,Ankit Singh,IT,Lucknow,Morning,Present,7.64,2026-02
2026-02-04,E1009,Ankit Singh,IT,Lucknow,Morning,Present,8.42,2026-02
2026-02-05,E1009,Ankit Singh,IT,Lucknow,Morning,Present,7.52,2026-02
2026-02-06,E1009,Ankit Singh,IT,Lucknow,Morning,Late,7.94,2026-02
2026-02-09,E1009,Ankit Singh,IT,Lucknow,Morning,Present,8.39,2026-02
2026-02-10,E1009,Ankit Singh,IT,Lucknow,Morning,Present,8.06,2026-02
2026-02-11,E1009,Ankit Singh,IT,Lucknow,Morning,Present,7.41,2026-02
2026-02-12,E1009,Ankit Singh,IT,Lucknow,Morning,Leave,0.0,2026-02
2026-02-13,E1009,Ankit Singh,IT,Lucknow,Morning,Present,7.79,2026-02
2026-02-16,E1009,Ankit Singh,IT,Lucknow,Morning,Present,7.78,2026-02
2026-02-17,E1009,Ankit Singh,IT,Lucknow,Morning,Present,7.8,2026-02
2026-02-18,E1009,Ankit Singh,IT,Lucknow,Morning,Present,8.53,2026-02
2026-02-19,E1009,Ankit Singh,IT,Lucknow,Morning,Present,7.95,2026-02
2026-02-20,E1009,Ankit Singh,IT,Lucknow,Morning,Late,7.63,2026-02
2026-02-23,E1009,Ankit Singh,IT,Lucknow,Morning,Present,8.0,2026-02
2026-02-24,E1009,Ankit Singh,IT,Lucknow,Morning,Present,8.31,2026-02
2026-02-25,E1009,Ankit Singh,IT,Lucknow,Morning,Present,8.37,2026-02
2026-02-26,E1009,Ankit Singh,IT,Lucknow,Morning,Present,8.66,2026-02
2026-02-27,E1009,Ankit Singh,IT,Lucknow,Morning,Present,8.32,2026-02
2026-03-02,E1009,Ankit Singh,IT,Lucknow,Morning,Present,8.27,2026-03
2026-03-03,E1009,Ankit Singh,IT,Lucknow,Morning,Present,7.76,2026-03
2026-03-04,E1009,Ankit Singh,IT,Lucknow,Morning,Present,7.77,2026-03
2026-03-05,E1009,Ankit Singh,IT,Lucknow,Morning,Present,8.09,2026-03
2026-03-06,E1009,Ankit Singh,IT,Lucknow,Morning,Present,7.81,2026-03
2026-03-09,E1009,Ankit Singh,IT,Lucknow,Morning,Present,8.55,2026-03
2026-03-10,E1009,Ankit Singh,IT,Lucknow,Morning,Present,8.02,2026-03
2026-03-11,E1009,Ankit Singh,IT,Lucknow,Morning,Present,7.79,2026-03
2026-03-12,E1009,Ankit Singh,IT,Lucknow,Morning,Present,8.56,2026-03
2026-03-13,E1009,Ankit Singh,IT,Lucknow,Morning,Present,7.61,2026-03
2026-03-16,E1009,Ankit Singh,IT,Lucknow,Morning,Present,8.09,2026-03
2026-03-17,E1009,Ankit Singh,IT,Lucknow,Morning,Present,7.84,2026-03
2026-03-18,E1009,Ankit Singh,IT,Lucknow,Morning,Present,9.18,2026-03
2026-03-19,E1009,Ankit Singh,IT,Lucknow,Morning,Present,8.09,2026-03
2026-03-20,E1009,Ankit Singh,IT,Lucknow,Morning,Present,7.71,2026-03
2026-03-23,E1009,Ankit Singh,IT,Lucknow,Morning,Present,8.12,2026-03
2026-03-24,E1009,Ankit Singh,IT,Lucknow,Morning,Present,8.02,2026-03
2026-03-25,E1009,Ankit Singh,IT,Lucknow,Morning,Present,7.77,2026-03
2026-03-26,E1009,Ankit Singh,IT,Lucknow,Morning,Present,8.54,2026-03
2026-03-27,E1009,Ankit Singh,IT,Lucknow,Morning,Present,8.38,2026-03
2026-03-30,E1009,Ankit Singh,IT,Lucknow,Morning,Present,8.22,2026-03
2026-03-31,E1009,Ankit Singh,IT,Lucknow,Morning,Present,7.74,2026-03
2026-01-01,E1010,Aditya Yadav,IT,Varanasi,General,Present,7.81,2026-01
2026-01-02,E1010,Aditya Yadav,IT,Varanasi,General,Present,8.5,2026-01
2026-01-05,E1010,Aditya Yadav,IT,Varanasi,General,Present,8.39,2026-01
2026-01-06,E1010,Aditya Yadav,IT,Varanasi,General,Present,8.69,2026-01
2026-01-07,E1010,Aditya Yadav,IT,Varanasi,General,Present,8.19,2026-01
2026-01-08,E1010,Aditya Yadav,IT,Varanasi,General,Present,8.88,2026-01
2026-01-09,E1010,Aditya Yadav,IT,Varanasi,General,Present,8.19,2026-01
2026-01-12,E1010,Aditya Yadav,IT,Varanasi,General,Present,7.81,2026-01
2026-01-13,E1010,Aditya Yadav,IT,Varanasi,General,Present,7.88,2026-01
2026-01-14,E1010,Aditya Yadav,IT,Varanasi,General,Present,8.34,2026-01
2026-01-15,E1010,Aditya Yadav,IT,Varanasi,General,Present,7.84,2026-01
2026-01-16,E1010,Aditya Yadav,IT,Varanasi,General,Present,8.88,2026-01
2026-01-19,E1010,Aditya Yadav,IT,Varanasi,General,Present,8.3,2026-01
2026-01-20,E1010,Aditya Yadav,IT,Varanasi,General,Absent,0.0,2026-01
2026-01-21,E1010,Aditya Yadav,IT,Varanasi,General,Leave,0.0,2026-01
2026-01-22,E1010,Aditya Yadav,IT,Varanasi,General,Present,8.38,2026-01
2026-01-23,E1010,Aditya Yadav,IT,Varanasi,General,Present,7.64,2026-01
2026-01-26,E1010,Aditya Yadav,IT,Varanasi,General,Present,7.98,2026-01
2026-01-27,E1010,Aditya Yadav,IT,Varanasi,General,Present,7.35,2026-01
2026-01-28,E1010,Aditya Yadav,IT,Varanasi,General,Present,7.88,2026-01
2026-01-29,E1010,Aditya Yadav,IT,Varanasi,General,Present,8.81,2026-01
2026-01-30,E1010,Aditya Yadav,IT,Varanasi,General,Present,8.2,2026-01
2026-02-02,E1010,Aditya Yadav,IT,Varanasi,General,Present,8.57,2026-02
2026-02-03,E1010,Aditya Yadav,IT,Varanasi,General,Present,8.59,2026-02
2026-02-04,E1010,Aditya Yadav,IT,Varanasi,General,Present,8.08,2026-02
2026-02-05,E1010,Aditya Yadav,IT,Varanasi,General,Present,8.39,2026-02
2026-02-06,E1010,Aditya Yadav,IT,Varanasi,General,Late,6.71,2026-02
2026-02-09,E1010,Aditya Yadav,IT,Varanasi,General,Present,8.76,2026-02
2026-02-10,E1010,Aditya Yadav,IT,Varanasi,General,Present,8.72,2026-02
2026-02-11,E1010,Aditya Yadav,IT,Varanasi,General,Present,8.32,2026-02
2026-02-12,E1010,Aditya Yadav,IT,Varanasi,General,Present,8.22,2026-02
2026-02-13,E1010,Aditya Yadav,IT,Varanasi,General,Present,8.09,2026-02
2026-02-16,E1010,Aditya Yadav,IT,Varanasi,General,Present,8.63,2026-02
2026-02-17,E1010,Aditya Yadav,IT,Varanasi,General,Present,8.45,2026-02
2026-02-18,E1010,Aditya Yadav,IT,Varanasi,General,Present,6.82,2026-02
2026-02-19,E1010,Aditya Yadav,IT,Varanasi,General,Present,7.94,2026-02
2026-02-20,E1010,Aditya Yadav,IT,Varanasi,General,Leave,0.0,2026-02
2026-02-23,E1010,Aditya Yadav,IT,Varanasi,General,Present,7.6,2026-02
2026-02-24,E1010,Aditya Yadav,IT,Varanasi,General,Present,8.6,2026-02
2026-02-25,E1010,Aditya Yadav,IT,Varanasi,General,Present,7.78,2026-02
2026-02-26,E1010,Aditya Yadav,IT,Varanasi,General,Leave,0.0,2026-02
2026-02-27,E1010,Aditya Yadav,IT,Varanasi,General,Present,8.13,2026-02
2026-03-02,E1010,Aditya Yadav,IT,Varanasi,General,Present,7.52,2026-03
2026-03-03,E1010,Aditya Yadav,IT,Varanasi,General,Present,7.4,2026-03
2026-03-04,E1010,Aditya Yadav,IT,Varanasi,General,Present,7.91,2026-03
2026-03-05,E1010,Aditya Yadav,IT,Varanasi,General,Present,7.94,2026-03
2026-03-06,E1010,Aditya Yadav,IT,Varanasi,General,Present,7.94,2026-03
2026-03-09,E1010,Aditya Yadav,IT,Varanasi,General,Present,7.96,2026-03
2026-03-10,E1010,Aditya Yadav,IT,Varanasi,General,Present,9.03,2026-03
2026-03-11,E1010,Aditya Yadav,IT,Varanasi,General,Present,8.56,2026-03
2026-03-12,E1010,Aditya Yadav,IT,Varanasi,General,Present,8.21,2026-03
2026-03-13,E1010,Aditya Yadav,IT,Varanasi,General,Present,8.07,2026-03
2026-03-16,E1010,Aditya Yadav,IT,Varanasi,General,Present,8.08,2026-03
2026-03-17,E1010,Aditya Yadav,IT,Varanasi,General,Late,7.87,2026-03
2026-03-18,E1010,Aditya Yadav,IT,Varanasi,General,Present,8.06,2026-03
2026-03-19,E1010,Aditya Yadav,IT,Varanasi,General,Present,8.51,2026-03
2026-03-20,E1010,Aditya Yadav,IT,Varanasi,General,Present,8.26,2026-03
2026-03-23,E1010,Aditya Yadav,IT,Varanasi,General,Present,9.04,2026-03
2026-03-24,E1010,Aditya Yadav,IT,Varanasi,General,Present,8.04,2026-03
2026-03-25,E1010,Aditya Yadav,IT,Varanasi,General,Present,8.6,2026-03
2026-03-26,E1010,Aditya Yadav,IT,Varanasi,General,Present,7.63,2026-03
2026-03-27,E1010,Aditya Yadav,IT,Varanasi,General,Present,7.82,2026-03
2026-03-30,E1010,Aditya Yadav,IT,Varanasi,General,Present,8.96,2026-03
2026-03-31,E1010,Aditya Yadav,IT,Varanasi,General,Present,8.49,2026-03
2026-01-01,E1011,Riya Maurya,IT,Varanasi,Evening,Late,7.48,2026-01
2026-01-02,E1011,Riya Maurya,IT,Varanasi,Evening,Present,9.0,2026-01
2026-01-05,E1011,Riya Maurya,IT,Varanasi,Evening,Present,7.9,2026-01
2026-01-06,E1011,Riya Maurya,IT,Varanasi,Evening,Late,7.53,2026-01
2026-01-07,E1011,Riya Maurya,IT,Varanasi,Evening,Present,7.62,2026-01
2026-01-08,E1011,Riya Maurya,IT,Varanasi,Evening,Present,8.4,2026-01
2026-01-09,E1011,Riya Maurya,IT,Varanasi,Evening,Present,7.75,2026-01
2026-01-12,E1011,Riya Maurya,IT,Varanasi,Evening,Present,8.23,2026-01
2026-01-13,E1011,Riya Maurya,IT,Varanasi,Evening,Absent,0.0,2026-01
2026-01-14,E1011,Riya Maurya,IT,Varanasi,Evening,Present,8.07,2026-01
2026-01-15,E1011,Riya Maurya,IT,Varanasi,Evening,Present,8.25,2026-01
2026-01-16,E1011,Riya Maurya,IT,Varanasi,Evening,Present,8.83,2026-01
2026-01-19,E1011,Riya Maurya,IT,Varanasi,Evening,Present,8.3,2026-01
2026-01-20,E1011,Riya Maurya,IT,Varanasi,Evening,Present,8.64,2026-01
2026-01-21,E1011,Riya Maurya,IT,Varanasi,Evening,Present,7.55,2026-01
2026-01-22,E1011,Riya Maurya,IT,Varanasi,Evening,Present,7.97,2026-01
2026-01-23,E1011,Riya Maurya,IT,Varanasi,Evening,Present,8.72,2026-01
2026-01-26,E1011,Riya Maurya,IT,Varanasi,Evening,Present,8.02,2026-01
2026-01-27,E1011,Riya Maurya,IT,Varanasi,Evening,Present,8.11,2026-01
2026-01-28,E1011,Riya Maurya,IT,Varanasi,Evening,Present,8.82,2026-01
2026-01-29,E1011,Riya Maurya,IT,Varanasi,Evening,Present,7.72,2026-01
2026-01-30,E1011,Riya Maurya,IT,Varanasi,Evening,Present,7.81,2026-01
2026-02-02,E1011,Riya Maurya,IT,Varanasi,Evening,Present,7.5,2026-02
2026-02-03,E1011,Riya Maurya,IT,Varanasi,Evening,Present,8.84,2026-02
2026-02-04,E1011,Riya Maurya,IT,Varanasi,Evening,Present,8.55,2026-02
2026-02-05,E1011,Riya Maurya,IT,Varanasi,Evening,Present,8.54,2026-02
2026-02-06,E1011,Riya Maurya,IT,Varanasi,Evening,Present,7.95,2026-02
2026-02-09,E1011,Riya Maurya,IT,Varanasi,Evening,Present,7.47,2026-02
2026-02-10,E1011,Riya Maurya,IT,Varanasi,Evening,Present,7.36,2026-02
2026-02-11,E1011,Riya Maurya,IT,Varanasi,Evening,Present,8.72,2026-02
2026-02-12,E1011,Riya Maurya,IT,Varanasi,Evening,Present,8.35,2026-02
2026-02-13,E1011,Riya Maurya,IT,Varanasi,Evening,Present,8.44,2026-02
2026-02-16,E1011,Riya Maurya,IT,Varanasi,Evening,Present,8.23,2026-02
2026-02-17,E1011,Riya Maurya,IT,Varanasi,Evening,Late,7.12,2026-02
2026-02-18,E1011,Riya Maurya,IT,Varanasi,Evening,Present,7.97,2026-02
2026-02-19,E1011,Riya Maurya,IT,Varanasi,Evening,Present,7.66,2026-02
2026-02-20,E1011,Riya Maurya,IT,Varanasi,Evening,Present,7.6,2026-02
2026-02-23,E1011,Riya Maurya,IT,Varanasi,Evening,Present,8.51,2026-02
2026-02-24,E1011,Riya Maurya,IT,Varanasi,Evening,Present,7.39,2026-02
2026-02-25,E1011,Riya Maurya,IT,Varanasi,Evening,Present,7.66,2026-02
2026-02-26,E1011,Riya Maurya,IT,Varanasi,Evening,Present,8.0,2026-02
2026-02-27,E1011,Riya Maurya,IT,Varanasi,Evening,Present,8.15,2026-02
2026-03-02,E1011,Riya Maurya,IT,Varanasi,Evening,Present,7.5,2026-03
2026-03-03,E1011,Riya Maurya,IT,Varanasi,Evening,Present,7.38,2026-03
2026-03-04,E1011,Riya Maurya,IT,Varanasi,Evening,Late,7.72,2026-03
2026-03-05,E1011,Riya Maurya,IT,Varanasi,Evening,Present,8.2,2026-03
2026-03-06,E1011,Riya Maurya,IT,Varanasi,Evening,Present,8.71,2026-03
2026-03-09,E1011,Riya Maurya,IT,Varanasi,Evening,Present,8.16,2026-03
2026-03-10,E1011,Riya Maurya,IT,Varanasi,Evening,Present,8.34,2026-03
2026-03-11,E1011,Riya Maurya,IT,Varanasi,Evening,Present,7.78,2026-03
2026-03-12,E1011,Riya Maurya,IT,Varanasi,Evening,Present,7.8,2026-03
2026-03-13,E1011,Riya Maurya,IT,Varanasi,Evening,Present,7.54,2026-03
2026-03-16,E1011,Riya Maurya,IT,Varanasi,Evening,Present,7.79,2026-03
2026-03-17,E1011,Riya Maurya,IT,Varanasi,Evening,Present,7.97,2026-03
2026-03-18,E1011,Riya Maurya,IT,Varanasi,Evening,Present,8.66,2026-03
2026-03-19,E1011,Riya Maurya,IT,Varanasi,Evening,Present,7.72,2026-03
2026-03-20,E1011,Riya Maurya,IT,Varanasi,Evening,Present,9.07,2026-03
2026-03-23,E1011,Riya Maurya,IT,Varanasi,Evening,Present,8.39,2026-03
2026-03-24,E1011,Riya Maurya,IT,Varanasi,Evening,Present,8.29,2026-03
2026-03-25,E1011,Riya Maurya,IT,Varanasi,Evening,Present,8.12,2026-03
2026-03-26,E1011,Riya Maurya,IT,Varanasi,Evening,Present,8.03,2026-03
2026-03-27,E1011,Riya Maurya,IT,Varanasi,Evening,Present,7.85,2026-03
2026-03-30,E1011,Riya Maurya,IT,Varanasi,Evening,Present,7.48,2026-03
2026-03-31,E1011,Riya Maurya,IT,Varanasi,Evening,Present,7.74,2026-03
2026-01-01,E1012,Arjun Chauhan,IT,Gurugram,Evening,Present,8.54,2026-01
2026-01-02,E1012,Arjun Chauhan,IT,Gurugram,Evening,Late,8.0,2026-01
2026-01-05,E1012,Arjun Chauhan,IT,Gurugram,Evening,Present,8.24,2026-01
2026-01-06,E1012,Arjun Chauhan,IT,Gurugram,Evening,Present,7.86,2026-01
2026-01-07,E1012,Arjun Chauhan,IT,Gurugram,Evening,Present,7.6,2026-01
2026-01-08,E1012,Arjun Chauhan,IT,Gurugram,Evening,Present,7.78,2026-01
2026-01-09,E1012,Arjun Chauhan,IT,Gurugram,Evening,Present,7.76,2026-01
2026-01-12,E1012,Arjun Chauhan,IT,Gurugram,Evening,Present,8.12,2026-01
2026-01-13,E1012,Arjun Chauhan,IT,Gurugram,Evening,Present,8.56,2026-01
2026-01-14,E1012,Arjun Chauhan,IT,Gurugram,Evening,Present,8.15,2026-01
2026-01-15,E1012,Arjun Chauhan,IT,Gurugram,Evening,Present,7.57,2026-01
2026-01-16,E1012,Arjun Chauhan,IT,Gurugram,Evening,Present,7.54,2026-01
2026-01-19,E1012,Arjun Chauhan,IT,Gurugram,Evening,Late,7.85,2026-01
2026-01-20,E1012,Arjun Chauhan,IT,Gurugram,Evening,Present,8.98,2026-01
2026-01-21,E1012,Arjun Chauhan,IT,Gurugram,Evening,Present,8.14,2026-01
2026-01-22,E1012,Arjun Chauhan,IT,Gurugram,Evening,Present,7.79,2026-01
2026-01-23,E1012,Arjun Chauhan,IT,Gurugram,Evening,Present,7.65,2026-01
2026-01-26,E1012,Arjun Chauhan,IT,Gurugram,Evening,Present,8.38,2026-01
2026-01-27,E1012,Arjun Chauhan,IT,Gurugram,Evening,Present,8.81,2026-01
2026-01-28,E1012,Arjun Chauhan,IT,Gurugram,Evening,Present,7.96,2026-01
2026-01-29,E1012,Arjun Chauhan,IT,Gurugram,Evening,Present,7.86,2026-01
2026-01-30,E1012,Arjun Chauhan,IT,Gurugram,Evening,Present,7.47,2026-01
2026-02-02,E1012,Arjun Chauhan,IT,Gurugram,Evening,Late,7.54,2026-02
2026-02-03,E1012,Arjun Chauhan,IT,Gurugram,Evening,Present,8.45,2026-02
2026-02-04,E1012,Arjun Chauhan,IT,Gurugram,Evening,Present,7.76,2026-02
2026-02-05,E1012,Arjun Chauhan,IT,Gurugram,Evening,Present,8.2,2026-02
2026-02-06,E1012,Arjun Chauhan,IT,Gurugram,Evening,Present,8.33,2026-02
2026-02-09,E1012,Arjun Chauhan,IT,Gurugram,Evening,Present,8.36,2026-02
2026-02-10,E1012,Arjun Chauhan,IT,Gurugram,Evening,Present,7.62,2026-02
2026-02-11,E1012,Arjun Chauhan,IT,Gurugram,Evening,Present,7.7,2026-02
2026-02-12,E1012,Arjun Chauhan,IT,Gurugram,Evening,Present,8.14,2026-02
2026-02-13,E1012,Arjun Chauhan,IT,Gurugram,Evening,Present,8.42,2026-02
2026-02-16,E1012,Arjun Chauhan,IT,Gurugram,Evening,Present,9.07,2026-02
2026-02-17,E1012,Arjun Chauhan,IT,Gurugram,Evening,Present,7.59,2026-02
2026-02-18,E1012,Arjun Chauhan,IT,Gurugram,Evening,Present,8.21,2026-02
2026-02-19,E1012,Arjun Chauhan,IT,Gurugram,Evening,Present,8.1,2026-02
2026-02-20,E1012,Arjun Chauhan,IT,Gurugram,Evening,Present,7.9,2026-02
2026-02-23,E1012,Arjun Chauhan,IT,Gurugram,Evening,Present,8.62,2026-02
2026-02-24,E1012,Arjun Chauhan,IT,Gurugram,Evening,Present,8.36,2026-02
2026-02-25,E1012,Arjun Chauhan,IT,Gurugram,Evening,Present,8.37,2026-02
2026-02-26,E1012,Arjun Chauhan,IT,Gurugram,Evening,Present,7.57,2026-02
2026-02-27,E1012,Arjun Chauhan,IT,Gurugram,Evening,Present,7.94,2026-02
2026-03-02,E1012,Arjun Chauhan,IT,Gurugram,Evening,Present,8.12,2026-03
2026-03-03,E1012,Arjun Chauhan,IT,Gurugram,Evening,Present,8.18,2026-03
2026-03-04,E1012,Arjun Chauhan,IT,Gurugram,Evening,Present,9.21,2026-03
2026-03-05,E1012,Arjun Chauhan,IT,Gurugram,Evening,Present,7.96,2026-03
2026-03-06,E1012,Arjun Chauhan,IT,Gurugram,Evening,Present,6.96,2026-03
2026-03-09,E1012,Arjun Chauhan,IT,Gurugram,Evening,Present,8.13,2026-03
2026-03-10,E1012,Arjun Chauhan,IT,Gurugram,Evening,Present,8.33,2026-03
2026-03-11,E1012,Arjun Chauhan,IT,Gurugram,Evening,Present,8.12,2026-03
2026-03-12,E1012,Arjun Chauhan,IT,Gurugram,Evening,Present,6.8,2026-03
2026-03-13,E1012,Arjun Chauhan,IT,Gurugram,Evening,Present,8.23,2026-03
2026-03-16,E1012,Arjun Chauhan,IT,Gurugram,Evening,Present,8.34,2026-03
2026-03-17,E1012,Arjun Chauhan,IT,Gurugram,Evening,Present,7.52,2026-03
2026-03-18,E1012,Arjun Chauhan,IT,Gurugram,Evening,Present,7.79,2026-03
2026-03-19,E1012,Arjun Chauhan,IT,Gurugram,Evening,Late,7.47,2026-03
2026-03-20,E1012,Arjun Chauhan,IT,Gurugram,Evening,Present,7.85,2026-03
2026-03-23,E1012,Arjun Chauhan,IT,Gurugram,Evening,Present,7.92,2026-03
2026-03-24,E1012,Arjun Chauhan,IT,Gurugram,Evening,Present,8.24,2026-03
2026-03-25,E1012,Arjun Chauhan,IT,Gurugram,Evening,Present,7.82,2026-03
2026-03-26,E1012,Arjun Chauhan,IT,Gurugram,Evening,Present,7.41,2026-03
2026-03-27,E1012,Arjun Chauhan,IT,Gurugram,Evening,Present,8.51,2026-03
2026-03-30,E1012,Arjun Chauhan,IT,Gurugram,Evening,Present,7.63,2026-03
2026-03-31,E1012,Arjun Chauhan,IT,Gurugram,Evening,Present,8.01,2026-03
2026-01-01,E1013,Sahil Tiwari,IT,Prayagraj,Evening,Present,8.0,2026-01
2026-01-02,E1013,Sahil Tiwari,IT,Prayagraj,Evening,Present,8.34,2026-01
2026-01-05,E1013,Sahil Tiwari,IT,Prayagraj,Evening,Present,8.44,2026-01
2026-01-06,E1013,Sahil Tiwari,IT,Prayagraj,Evening,Present,7.84,2026-01
2026-01-07,E1013,Sahil Tiwari,IT,Prayagraj,Evening,Present,6.93,2026-01
2026-01-08,E1013,Sahil Tiwari,IT,Prayagraj,Evening,Present,7.85,2026-01
2026-01-09,E1013,Sahil Tiwari,IT,Prayagraj,Evening,Present,8.28,2026-01
2026-01-12,E1013,Sahil Tiwari,IT,Prayagraj,Evening,Present,8.09,2026-01
2026-01-13,E1013,Sahil Tiwari,IT,Prayagraj,Evening,Present,8.36,2026-01
2026-01-14,E1013,Sahil Tiwari,IT,Prayagraj,Evening,Present,8.64,2026-01
2026-01-15,E1013,Sahil Tiwari,IT,Prayagraj,Evening,Present,8.03,2026-01
2026-01-16,E1013,Sahil Tiwari,IT,Prayagraj,Evening,Present,7.9,2026-01
2026-01-19,E1013,Sahil Tiwari,IT,Prayagraj,Evening,Present,7.7,2026-01
2026-01-20,E1013,Sahil Tiwari,IT,Prayagraj,Evening,Present,7.48,2026-01
2026-01-21,E1013,Sahil Tiwari,IT,Prayagraj,Evening,Present,7.37,2026-01
2026-01-22,E1013,Sahil Tiwari,IT,Prayagraj,Evening,Present,7.8,2026-01
2026-01-23,E1013,Sahil Tiwari,IT,Prayagraj,Evening,Present,8.57,2026-01
2026-01-26,E1013,Sahil Tiwari,IT,Prayagraj,Evening,Present,8.41,2026-01
2026-01-27,E1013,Sahil Tiwari,IT,Prayagraj,Evening,Present,7.88,2026-01
2026-01-28,E1013,Sahil Tiwari,IT,Prayagraj,Evening,Leave,0.0,2026-01
2026-01-29,E1013,Sahil Tiwari,IT,Prayagraj,Evening,Present,8.73,2026-01
2026-01-30,E1013,Sahil Tiwari,IT,Prayagraj,Evening,Leave,0.0,2026-01
2026-02-02,E1013,Sahil Tiwari,IT,Prayagraj,Evening,Present,8.65,2026-02
2026-02-03,E1013,Sahil Tiwari,IT,Prayagraj,Evening,Present,8.11,2026-02
2026-02-04,E1013,Sahil Tiwari,IT,Prayagraj,Evening,Present,7.76,2026-02
2026-02-05,E1013,Sahil Tiwari,IT,Prayagraj,Evening,Present,9.01,2026-02
2026-02-06,E1013,Sahil Tiwari,IT,Prayagraj,Evening,Present,8.16,2026-02
2026-02-09,E1013,Sahil Tiwari,IT,Prayagraj,Evening,Present,7.94,2026-02
2026-02-10,E1013,Sahil Tiwari,IT,Prayagraj,Evening,Present,8.18,2026-02
2026-02-11,E1013,Sahil Tiwari,IT,Prayagraj,Evening,Present,7.49,2026-02
2026-02-12,E1013,Sahil Tiwari,IT,Prayagraj,Evening,Present,7.66,2026-02
2026-02-13,E1013,Sahil Tiwari,IT,Prayagraj,Evening,Present,7.63,2026-02
2026-02-16,E1013,Sahil Tiwari,IT,Prayagraj,Evening,Present,8.34,2026-02
2026-02-17,E1013,Sahil Tiwari,IT,Prayagraj,Evening,Present,8.63,2026-02
2026-02-18,E1013,Sahil Tiwari,IT,Prayagraj,Evening,Present,8.42,2026-02
2026-02-19,E1013,Sahil Tiwari,IT,Prayagraj,Evening,Present,8.55,2026-02
2026-02-20,E1013,Sahil Tiwari,IT,Prayagraj,Evening,Present,7.76,2026-02
2026-02-23,E1013,Sahil Tiwari,IT,Prayagraj,Evening,Present,7.95,2026-02
2026-02-24,E1013,Sahil Tiwari,IT,Prayagraj,Evening,Present,7.99,2026-02
2026-02-25,E1013,Sahil Tiwari,IT,Prayagraj,Evening,Present,8.31,2026-02
2026-02-26,E1013,Sahil Tiwari,IT,Prayagraj,Evening,Present,9.07,2026-02
2026-02-27,E1013,Sahil Tiwari,IT,Prayagraj,Evening,Absent,0.0,2026-02
2026-03-02,E1013,Sahil Tiwari,IT,Prayagraj,Evening,Present,8.76,2026-03
2026-03-03,E1013,Sahil Tiwari,IT,Prayagraj,Evening,Present,8.91,2026-03
2026-03-04,E1013,Sahil Tiwari,IT,Prayagraj,Evening,Present,7.72,2026-03
2026-03-05,E1013,Sahil Tiwari,IT,Prayagraj,Evening,Present,8.26,2026-03
2026-03-06,E1013,Sahil Tiwari,IT,Prayagraj,Evening,Absent,0.0,2026-03
2026-03-09,E1013,Sahil Tiwari,IT,Prayagraj,Evening,Present,7.63,2026-03
2026-03-10,E1013,Sahil Tiwari,IT,Prayagraj,Evening,Present,7.22,2026-03
2026-03-11,E1013,Sahil Tiwari,IT,Prayagraj,Evening,Present,8.0,2026-03
2026-03-12,E1013,Sahil Tiwari,IT,Prayagraj,Evening,Leave,0.0,2026-03
2026-03-13,E1013,Sahil Tiwari,IT,Prayagraj,Evening,Present,7.98,2026-03
2026-03-16,E1013,Sahil Tiwari,IT,Prayagraj,Evening,Present,8.24,2026-03
2026-03-17,E1013,Sahil Tiwari,IT,Prayagraj,Evening,Late,7.63,2026-03
2026-03-18,E1013,Sahil Tiwari,IT,Prayagraj,Evening,Absent,0.0,2026-03
2026-03-19,E1013,Sahil Tiwari,IT,Prayagraj,Evening,Present,7.99,2026-03
2026-03-20,E1013,Sahil Tiwari,IT,Prayagraj,Evening,Late,8.0,2026-03
2026-03-23,E1013,Sahil Tiwari,IT,Prayagraj,Evening,Present,8.4,2026-03
2026-03-24,E1013,Sahil Tiwari,IT,Prayagraj,Evening,Present,8.63,2026-03
2026-03-25,E1013,Sahil Tiwari,IT,Prayagraj,Evening,Present,8.28,2026-03
2026-03-26,E1013,Sahil Tiwari,IT,Prayagraj,Evening,Present,7.81,2026-03
2026-03-27,E1013,Sahil Tiwari,IT,Prayagraj,Evening,Present,8.66,2026-03
2026-03-30,E1013,Sahil Tiwari,IT,Prayagraj,Evening,Present,8.11,2026-03
2026-03-31,E1013,Sahil Tiwari,IT,Prayagraj,Evening,Present,8.21,2026-03
2026-01-01,E1014,Karan Mehta,IT,Varanasi,Evening,Present,8.92,2026-01
2026-01-02,E1014,Karan Mehta,IT,Varanasi,Evening,Present,8.38,2026-01
2026-01-05,E1014,Karan Mehta,IT,Varanasi,Evening,Present,7.82,2026-01
2026-01-06,E1014,Karan Mehta,IT,Varanasi,Evening,Present,8.32,2026-01
2026-01-07,E1014,Karan Mehta,IT,Varanasi,Evening,Present,8.47,2026-01
2026-01-08,E1014,Karan Mehta,IT,Varanasi,Evening,Late,7.04,2026-01
2026-01-09,E1014,Karan Mehta,IT,Varanasi,Evening,Present,8.68,2026-01
2026-01-12,E1014,Karan Mehta,IT,Varanasi,Evening,Present,7.91,2026-01
2026-01-13,E1014,Karan Mehta,IT,Varanasi,Evening,Present,8.42,2026-01
2026-01-14,E1014,Karan Mehta,IT,Varanasi,Evening,Present,8.75,2026-01
2026-01-15,E1014,Karan Mehta,IT,Varanasi,Evening,Present,8.23,2026-01
2026-01-16,E1014,Karan Mehta,IT,Varanasi,Evening,Present,8.75,2026-01
2026-01-19,E1014,Karan Mehta,IT,Varanasi,Evening,Present,7.45,2026-01
2026-01-20,E1014,Karan Mehta,IT,Varanasi,Evening,Present,7.6,2026-01
2026-01-21,E1014,Karan Mehta,IT,Varanasi,Evening,Present,7.73,2026-01
2026-01-22,E1014,Karan Mehta,IT,Varanasi,Evening,Present,7.16,2026-01
2026-01-23,E1014,Karan Mehta,IT,Varanasi,Evening,Present,7.34,2026-01
2026-01-26,E1014,Karan Mehta,IT,Varanasi,Evening,Present,8.76,2026-01
2026-01-27,E1014,Karan Mehta,IT,Varanasi,Evening,Present,8.62,2026-01
2026-01-28,E1014,Karan Mehta,IT,Varanasi,Evening,Present,7.84,2026-01
2026-01-29,E1014,Karan Mehta,IT,Varanasi,Evening,Present,9.1,2026-01
2026-01-30,E1014,Karan Mehta,IT,Varanasi,Evening,Present,7.97,2026-01
2026-02-02,E1014,Karan Mehta,IT,Varanasi,Evening,Present,8.94,2026-02
2026-02-03,E1014,Karan Mehta,IT,Varanasi,Evening,Present,8.95,2026-02
2026-02-04,E1014,Karan Mehta,IT,Varanasi,Evening,Present,7.82,2026-02
2026-02-05,E1014,Karan Mehta,IT,Varanasi,Evening,Present,8.47,2026-02
2026-02-06,E1014,Karan Mehta,IT,Varanasi,Evening,Present,8.6,2026-02
2026-02-09,E1014,Karan Mehta,IT,Varanasi,Evening,Present,7.81,2026-02
2026-02-10,E1014,Karan Mehta,IT,Varanasi,Evening,Present,6.85,2026-02
2026-02-11,E1014,Karan Mehta,IT,Varanasi,Evening,Present,8.46,2026-02
2026-02-12,E1014,Karan Mehta,IT,Varanasi,Evening,Present,7.72,2026-02
2026-02-13,E1014,Karan Mehta,IT,Varanasi,Evening,Present,8.04,2026-02
2026-02-16,E1014,Karan Mehta,IT,Varanasi,Evening,Present,8.19,2026-02
2026-02-17,E1014,Karan Mehta,IT,Varanasi,Evening,Present,8.36,2026-02
2026-02-18,E1014,Karan Mehta,IT,Varanasi,Evening,Present,7.94,2026-02
2026-02-19,E1014,Karan Mehta,IT,Varanasi,Evening,Present,8.22,2026-02
2026-02-20,E1014,Karan Mehta,IT,Varanasi,Evening,Present,8.64,2026-02
2026-02-23,E1014,Karan Mehta,IT,Varanasi,Evening,Present,7.23,2026-02
2026-02-24,E1014,Karan Mehta,IT,Varanasi,Evening,Present,7.47,2026-02
2026-02-25,E1014,Karan Mehta,IT,Varanasi,Evening,Present,7.57,2026-02
2026-02-26,E1014,Karan Mehta,IT,Varanasi,Evening,Present,7.86,2026-02
2026-02-27,E1014,Karan Mehta,IT,Varanasi,Evening,Present,8.45,2026-02
2026-03-02,E1014,Karan Mehta,IT,Varanasi,Evening,Present,8.56,2026-03
2026-03-03,E1014,Karan Mehta,IT,Varanasi,Evening,Present,8.01,2026-03
2026-03-04,E1014,Karan Mehta,IT,Varanasi,Evening,Present,8.01,2026-03
2026-03-05,E1014,Karan Mehta,IT,Varanasi,Evening,Present,8.73,2026-03
2026-03-06,E1014,Karan Mehta,IT,Varanasi,Evening,Present,8.19,2026-03
2026-03-09,E1014,Karan Mehta,IT,Varanasi,Evening,Present,7.93,2026-03
2026-03-10,E1014,Karan Mehta,IT,Varanasi,Evening,Present,8.51,2026-03
2026-03-11,E1014,Karan Mehta,IT,Varanasi,Evening,Present,8.45,2026-03
2026-03-12,E1014,Karan Mehta,IT,Varanasi,Evening,Present,8.28,2026-03
2026-03-13,E1014,Karan Mehta,IT,Varanasi,Evening,Present,7.84,2026-03
2026-03-16,E1014,Karan Mehta,IT,Varanasi,Evening,Present,7.66,2026-03
2026-03-17,E1014,Karan Mehta,IT,Varanasi,Evening,Present,7.7,2026-03
2026-03-18,E1014,Karan Mehta,IT,Varanasi,Evening,Present,7.72,2026-03
2026-03-19,E1014,Karan Mehta,IT,Varanasi,Evening,Present,7.68,2026-03
2026-03-20,E1014,Karan Mehta,IT,Varanasi,Evening,Present,7.86,2026-03
2026-03-23,E1014,Karan Mehta,IT,Varanasi,Evening,Present,8.09,2026-03
2026-03-24,E1014,Karan Mehta,IT,Varanasi,Evening,Present,8.15,2026-03
2026-03-25,E1014,Karan Mehta,IT,Varanasi,Evening,Present,7.59,2026-03
2026-03-26,E1014,Karan Mehta,IT,Varanasi,Evening,Present,8.21,2026-03
2026-03-27,E1014,Karan Mehta,IT,Varanasi,Evening,Present,8.14,2026-03
2026-03-30,E1014,Karan Mehta,IT,Varanasi,Evening,Present,8.05,2026-03
2026-03-31,E1014,Karan Mehta,IT,Varanasi,Evening,Present,7.83,2026-03
2026-01-01,E1015,Aman Sinha,IT,Noida,Morning,Present,7.54,2026-01
2026-01-02,E1015,Aman Sinha,IT,Noida,Morning,Present,8.31,2026-01
2026-01-05,E1015,Aman Sinha,IT,Noida,Morning,Present,8.08,2026-01
2026-01-06,E1015,Aman Sinha,IT,Noida,Morning,Present,7.77,2026-01
2026-01-07,E1015,Aman Sinha,IT,Noida,Morning,Present,7.74,2026-01
2026-01-08,E1015,Aman Sinha,IT,Noida,Morning,Present,7.64,2026-01
2026-01-09,E1015,Aman Sinha,IT,Noida,Morning,Present,8.13,2026-01
2026-01-12,E1015,Aman Sinha,IT,Noida,Morning,Present,8.18,2026-01
2026-01-13,E1015,Aman Sinha,IT,Noida,Morning,Present,7.93,2026-01
2026-01-14,E1015,Aman Sinha,IT,Noida,Morning,Present,7.62,2026-01
2026-01-15,E1015,Aman Sinha,IT,Noida,Morning,Present,6.79,2026-01
2026-01-16,E1015,Aman Sinha,IT,Noida,Morning,Late,7.72,2026-01
2026-01-19,E1015,Aman Sinha,IT,Noida,Morning,Present,8.51,2026-01
2026-01-20,E1015,Aman Sinha,IT,Noida,Morning,Present,8.38,2026-01
2026-01-21,E1015,Aman Sinha,IT,Noida,Morning,Present,9.03,2026-01
2026-01-22,E1015,Aman Sinha,IT,Noida,Morning,Present,8.02,2026-01
2026-01-23,E1015,Aman Sinha,IT,Noida,Morning,Present,8.72,2026-01
2026-01-26,E1015,Aman Sinha,IT,Noida,Morning,Present,7.81,2026-01
2026-01-27,E1015,Aman Sinha,IT,Noida,Morning,Present,7.74,2026-01
2026-01-28,E1015,Aman Sinha,IT,Noida,Morning,Present,8.16,2026-01
2026-01-29,E1015,Aman Sinha,IT,Noida,Morning,Present,8.83,2026-01
2026-01-30,E1015,Aman Sinha,IT,Noida,Morning,Present,7.97,2026-01
2026-02-02,E1015,Aman Sinha,IT,Noida,Morning,Leave,0.0,2026-02
2026-02-03,E1015,Aman Sinha,IT,Noida,Morning,Present,7.4,2026-02
2026-02-04,E1015,Aman Sinha,IT,Noida,Morning,Present,8.07,2026-02
2026-02-05,E1015,Aman Sinha,IT,Noida,Morning,Present,7.77,2026-02
2026-02-06,E1015,Aman Sinha,IT,Noida,Morning,Present,7.66,2026-02
2026-02-09,E1015,Aman Sinha,IT,Noida,Morning,Present,8.1,2026-02
2026-02-10,E1015,Aman Sinha,IT,Noida,Morning,Present,8.69,2026-02
2026-02-11,E1015,Aman Sinha,IT,Noida,Morning,Late,7.22,2026-02
2026-02-12,E1015,Aman Sinha,IT,Noida,Morning,Present,7.28,2026-02
2026-02-13,E1015,Aman Sinha,IT,Noida,Morning,Present,8.19,2026-02
2026-02-16,E1015,Aman Sinha,IT,Noida,Morning,Present,8.63,2026-02
2026-02-17,E1015,Aman Sinha,IT,Noida,Morning,Present,8.34,2026-02
2026-02-18,E1015,Aman Sinha,IT,Noida,Morning,Present,7.55,2026-02
2026-02-19,E1015,Aman Sinha,IT,Noida,Morning,Present,8.15,2026-02
2026-02-20,E1015,Aman Sinha,IT,Noida,Morning,Present,8.48,2026-02
2026-02-23,E1015,Aman Sinha,IT,Noida,Morning,Present,7.91,2026-02
2026-02-24,E1015,Aman Sinha,IT,Noida,Morning,Present,7.85,2026-02
2026-02-25,E1015,Aman Sinha,IT,Noida,Morning,Present,7.87,2026-02
2026-02-26,E1015,Aman Sinha,IT,Noida,Morning,Present,8.01,2026-02
2026-02-27,E1015,Aman Sinha,IT,Noida,Morning,Present,7.58,2026-02
2026-03-02,E1015,Aman Sinha,IT,Noida,Morning,Present,8.19,2026-03
2026-03-03,E1015,Aman Sinha,IT,Noida,Morning,Present,8.21,2026-03
2026-03-04,E1015,Aman Sinha,IT,Noida,Morning,Late,7.63,2026-03
2026-03-05,E1015,Aman Sinha,IT,Noida,Morning,Present,8.08,2026-03
2026-03-06,E1015,Aman Sinha,IT,Noida,Morning,Present,7.56,2026-03
2026-03-09,E1015,Aman Sinha,IT,Noida,Morning,Present,7.99,2026-03
2026-03-10,E1015,Aman Sinha,IT,Noida,Morning,Present,8.91,2026-03
2026-03-11,E1015,Aman Sinha,IT,Noida,Morning,Present,8.2,2026-03
2026-03-12,E1015,Aman Sinha,IT,Noida,Morning,Present,7.74,2026-03
2026-03-13,E1015,Aman Sinha,IT,Noida,Morning,Present,8.37,2026-03
2026-03-16,E1015,Aman Sinha,IT,Noida,Morning,Present,8.91,2026-03
2026-03-17,E1015,Aman Sinha,IT,Noida,Morning,Present,8.26,2026-03
2026-03-18,E1015,Aman Sinha,IT,Noida,Morning,Present,8.03,2026-03
2026-03-19,E1015,Aman Sinha,IT,Noida,Morning,Present,8.69,2026-03
2026-03-20,E1015,Aman Sinha,IT,Noida,Morning,Present,7.88,2026-03
2026-03-23,E1015,Aman Sinha,IT,Noida,Morning,Present,8.55,2026-03
2026-03-24,E1015,Aman Sinha,IT,Noida,Morning,Present,7.85,2026-03
2026-03-25,E1015,Aman Sinha,IT,Noida,Morning,Present,7.92,2026-03
2026-03-26,E1015,Aman Sinha,IT,Noida,Morning,Present,8.44,2026-03
2026-03-27,E1015,Aman Sinha,IT,Noida,Morning,Present,8.67,2026-03
2026-03-30,E1015,Aman Sinha,IT,Noida,Morning,Present,8.05,2026-03
2026-03-31,E1015,Aman Sinha,IT,Noida,Morning,Late,8.0,2026-03
2026-01-01,E1016,Tanvi Verma,IT,Gurugram,General,Present,8.25,2026-01
2026-01-02,E1016,Tanvi Verma,IT,Gurugram,General,Present,7.89,2026-01
2026-01-05,E1016,Tanvi Verma,IT,Gurugram,General,Present,8.19,2026-01
2026-01-06,E1016,Tanvi Verma,IT,Gurugram,General,Present,8.36,2026-01
2026-01-07,E1016,Tanvi Verma,IT,Gurugram,General,Present,7.89,2026-01
2026-01-08,E1016,Tanvi Verma,IT,Gurugram,General,Present,8.16,2026-01
2026-01-09,E1016,Tanvi Verma,IT,Gurugram,General,Present,8.97,2026-01
2026-01-12,E1016,Tanvi Verma,IT,Gurugram,General,Present,8.33,2026-01
2026-01-13,E1016,Tanvi Verma,IT,Gurugram,General,Late,7.59,2026-01
2026-01-14,E1016,Tanvi Verma,IT,Gurugram,General,Present,8.39,2026-01
2026-01-15,E1016,Tanvi Verma,IT,Gurugram,General,Present,8.6,2026-01
2026-01-16,E1016,Tanvi Verma,IT,Gurugram,General,Leave,0.0,2026-01
2026-01-19,E1016,Tanvi Verma,IT,Gurugram,General,Present,7.67,2026-01
2026-01-20,E1016,Tanvi Verma,IT,Gurugram,General,Present,8.17,2026-01
2026-01-21,E1016,Tanvi Verma,IT,Gurugram,General,Present,8.16,2026-01
2026-01-22,E1016,Tanvi Verma,IT,Gurugram,General,Present,8.6,2026-01
2026-01-23,E1016,Tanvi Verma,IT,Gurugram,General,Absent,0.0,2026-01
2026-01-26,E1016,Tanvi Verma,IT,Gurugram,General,Present,7.86,2026-01
2026-01-27,E1016,Tanvi Verma,IT,Gurugram,General,Present,8.06,2026-01
2026-01-28,E1016,Tanvi Verma,IT,Gurugram,General,Leave,0.0,2026-01
2026-01-29,E1016,Tanvi Verma,IT,Gurugram,General,Present,7.9,2026-01
2026-01-30,E1016,Tanvi Verma,IT,Gurugram,General,Leave,0.0,2026-01
2026-02-02,E1016,Tanvi Verma,IT,Gurugram,General,Present,8.44,2026-02
2026-02-03,E1016,Tanvi Verma,IT,Gurugram,General,Present,7.68,2026-02
2026-02-04,E1016,Tanvi Verma,IT,Gurugram,General,Present,8.59,2026-02
2026-02-05,E1016,Tanvi Verma,IT,Gurugram,General,Present,8.27,2026-02
2026-02-06,E1016,Tanvi Verma,IT,Gurugram,General,Present,8.93,2026-02
2026-02-09,E1016,Tanvi Verma,IT,Gurugram,General,Present,8.09,2026-02
2026-02-10,E1016,Tanvi Verma,IT,Gurugram,General,Present,7.96,2026-02
2026-02-11,E1016,Tanvi Verma,IT,Gurugram,General,Present,7.63,2026-02
2026-02-12,E1016,Tanvi Verma,IT,Gurugram,General,Present,7.62,2026-02
2026-02-13,E1016,Tanvi Verma,IT,Gurugram,General,Present,8.53,2026-02
2026-02-16,E1016,Tanvi Verma,IT,Gurugram,General,Late,8.0,2026-02
2026-02-17,E1016,Tanvi Verma,IT,Gurugram,General,Present,8.05,2026-02
2026-02-18,E1016,Tanvi Verma,IT,Gurugram,General,Present,8.02,2026-02
2026-02-19,E1016,Tanvi Verma,IT,Gurugram,General,Present,8.13,2026-02
2026-02-20,E1016,Tanvi Verma,IT,Gurugram,General,Present,8.62,2026-02
2026-02-23,E1016,Tanvi Verma,IT,Gurugram,General,Present,7.68,2026-02
2026-02-24,E1016,Tanvi Verma,IT,Gurugram,General,Present,8.21,2026-02
2026-02-25,E1016,Tanvi Verma,IT,Gurugram,General,Leave,0.0,2026-02
2026-02-26,E1016,Tanvi Verma,IT,Gurugram,General,Present,8.39,2026-02
2026-02-27,E1016,Tanvi Verma,IT,Gurugram,General,Present,9.31,2026-02
2026-03-02,E1016,Tanvi Verma,IT,Gurugram,General,Present,8.76,2026-03
2026-03-03,E1016,Tanvi Verma,IT,Gurugram,General,Present,7.94,2026-03
2026-03-04,E1016,Tanvi Verma,IT,Gurugram,General,Late,8.0,2026-03
2026-03-05,E1016,Tanvi Verma,IT,Gurugram,General,Present,7.6,2026-03
2026-03-06,E1016,Tanvi Verma,IT,Gurugram,General,Present,7.64,2026-03
2026-03-09,E1016,Tanvi Verma,IT,Gurugram,General,Present,8.45,2026-03
2026-03-10,E1016,Tanvi Verma,IT,Gurugram,General,Present,7.98,2026-03
2026-03-11,E1016,Tanvi Verma,IT,Gurugram,General,Present,7.02,2026-03
2026-03-12,E1016,Tanvi Verma,IT,Gurugram,General,Absent,0.0,2026-03
2026-03-13,E1016,Tanvi Verma,IT,Gurugram,General,Present,8.12,2026-03
2026-03-16,E1016,Tanvi Verma,IT,Gurugram,General,Present,8.86,2026-03
2026-03-17,E1016,Tanvi Verma,IT,Gurugram,General,Present,7.77,2026-03
2026-03-18,E1016,Tanvi Verma,IT,Gurugram,General,Present,7.51,2026-03
2026-03-19,E1016,Tanvi Verma,IT,Gurugram,General,Present,7.91,2026-03
2026-03-20,E1016,Tanvi Verma,IT,Gurugram,General,Absent,0.0,2026-03
2026-03-23,E1016,Tanvi Verma,IT,Gurugram,General,Present,7.79,2026-03
2026-03-24,E1016,Tanvi Verma,IT,Gurugram,General,Present,8.3,2026-03
2026-03-25,E1016,Tanvi Verma,IT,Gurugram,General,Present,7.54,2026-03
2026-03-26,E1016,Tanvi Verma,IT,Gurugram,General,Present,8.01,2026-03
2026-03-27,E1016,Tanvi Verma,IT,Gurugram,General,Present,8.1,2026-03
2026-03-30,E1016,Tanvi Verma,IT,Gurugram,General,Present,8.59,2026-03
2026-03-31,E1016,Tanvi Verma,IT,Gurugram,General,Present,7.84,2026-03
2026-01-01,E1017,Pooja Tiwari,IT,Noida,General,Absent,0.0,2026-01
2026-01-02,E1017,Pooja Tiwari,IT,Noida,General,Present,8.15,2026-01
2026-01-05,E1017,Pooja Tiwari,IT,Noida,General,Present,7.7,2026-01
2026-01-06,E1017,Pooja Tiwari,IT,Noida,General,Present,8.22,2026-01
2026-01-07,E1017,Pooja Tiwari,IT,Noida,General,Present,8.09,2026-01
2026-01-08,E1017,Pooja Tiwari,IT,Noida,General,Present,8.58,2026-01
2026-01-09,E1017,Pooja Tiwari,IT,Noida,General,Absent,0.0,2026-01
2026-01-12,E1017,Pooja Tiwari,IT,Noida,General,Present,7.78,2026-01
2026-01-13,E1017,Pooja Tiwari,IT,Noida,General,Present,7.42,2026-01
2026-01-14,E1017,Pooja Tiwari,IT,Noida,General,Present,8.22,2026-01
2026-01-15,E1017,Pooja Tiwari,IT,Noida,General,Present,8.33,2026-01
2026-01-16,E1017,Pooja Tiwari,IT,Noida,General,Present,7.88,2026-01
2026-01-19,E1017,Pooja Tiwari,IT,Noida,General,Present,8.17,2026-01
2026-01-20,E1017,Pooja Tiwari,IT,Noida,General,Present,8.83,2026-01
2026-01-21,E1017,Pooja Tiwari,IT,Noida,General,Present,8.5,2026-01
2026-01-22,E1017,Pooja Tiwari,IT,Noida,General,Present,7.13,2026-01
2026-01-23,E1017,Pooja Tiwari,IT,Noida,General,Present,7.78,2026-01
2026-01-26,E1017,Pooja Tiwari,IT,Noida,General,Present,8.04,2026-01
2026-01-27,E1017,Pooja Tiwari,IT,Noida,General,Present,8.13,2026-01
2026-01-28,E1017,Pooja Tiwari,IT,Noida,General,Present,8.18,2026-01
2026-01-29,E1017,Pooja Tiwari,IT,Noida,General,Present,8.3,2026-01
2026-01-30,E1017,Pooja Tiwari,IT,Noida,General,Present,8.06,2026-01
2026-02-02,E1017,Pooja Tiwari,IT,Noida,General,Present,8.11,2026-02
2026-02-03,E1017,Pooja Tiwari,IT,Noida,General,Absent,0.0,2026-02
2026-02-04,E1017,Pooja Tiwari,IT,Noida,General,Present,8.27,2026-02
2026-02-05,E1017,Pooja Tiwari,IT,Noida,General,Present,8.39,2026-02
2026-02-06,E1017,Pooja Tiwari,IT,Noida,General,Absent,0.0,2026-02
2026-02-09,E1017,Pooja Tiwari,IT,Noida,General,Present,7.59,2026-02
2026-02-10,E1017,Pooja Tiwari,IT,Noida,General,Present,8.15,2026-02
2026-02-11,E1017,Pooja Tiwari,IT,Noida,General,Present,8.04,2026-02
2026-02-12,E1017,Pooja Tiwari,IT,Noida,General,Present,7.25,2026-02
2026-02-13,E1017,Pooja Tiwari,IT,Noida,General,Present,8.17,2026-02
2026-02-16,E1017,Pooja Tiwari,IT,Noida,General,Present,7.64,2026-02
2026-02-17,E1017,Pooja Tiwari,IT,Noida,General,Present,8.54,2026-02
2026-02-18,E1017,Pooja Tiwari,IT,Noida,General,Present,8.29,2026-02
2026-02-19,E1017,Pooja Tiwari,IT,Noida,General,Present,7.56,2026-02
2026-02-20,E1017,Pooja Tiwari,IT,Noida,General,Present,8.51,2026-02
2026-02-23,E1017,Pooja Tiwari,IT,Noida,General,Present,8.73,2026-02
2026-02-24,E1017,Pooja Tiwari,IT,Noida,General,Late,7.37,2026-02
2026-02-25,E1017,Pooja Tiwari,IT,Noida,General,Late,7.43,2026-02
2026-02-26,E1017,Pooja Tiwari,IT,Noida,General,Present,8.46,2026-02
2026-02-27,E1017,Pooja Tiwari,IT,Noida,General,Present,8.69,2026-02
2026-03-02,E1017,Pooja Tiwari,IT,Noida,General,Present,7.35,2026-03
2026-03-03,E1017,Pooja Tiwari,IT,Noida,General,Present,7.61,2026-03
2026-03-04,E1017,Pooja Tiwari,IT,Noida,General,Present,7.92,2026-03
2026-03-05,E1017,Pooja Tiwari,IT,Noida,General,Present,7.96,2026-03
2026-03-06,E1017,Pooja Tiwari,IT,Noida,General,Present,8.45,2026-03
2026-03-09,E1017,Pooja Tiwari,IT,Noida,General,Present,8.69,2026-03
2026-03-10,E1017,Pooja Tiwari,IT,Noida,General,Present,8.73,2026-03
2026-03-11,E1017,Pooja Tiwari,IT,Noida,General,Present,7.34,2026-03
2026-03-12,E1017,Pooja Tiwari,IT,Noida,General,Present,7.74,2026-03
2026-03-13,E1017,Pooja Tiwari,IT,Noida,General,Present,7.54,2026-03
2026-03-16,E1017,Pooja Tiwari,IT,Noida,General,Absent,0.0,2026-03
2026-03-17,E1017,Pooja Tiwari,IT,Noida,General,Present,7.83,2026-03
2026-03-18,E1017,Pooja Tiwari,IT,Noida,General,Present,8.08,2026-03
2026-03-19,E1017,Pooja Tiwari,IT,Noida,General,Present,7.58,2026-03
2026-03-20,E1017,Pooja Tiwari,IT,Noida,General,Present,8.05,2026-03
2026-03-23,E1017,Pooja Tiwari,IT,Noida,General,Present,8.28,2026-03
2026-03-24,E1017,Pooja Tiwari,IT,Noida,General,Present,7.61,2026-03
2026-03-25,E1017,Pooja Tiwari,IT,Noida,General,Present,7.94,2026-03
2026-03-26,E1017,Pooja Tiwari,IT,Noida,General,Present,7.29,2026-03
2026-03-27,E1017,Pooja Tiwari,IT,Noida,General,Absent,0.0,2026-03
2026-03-30,E1017,Pooja Tiwari,IT,Noida,General,Present,7.94,2026-03
2026-03-31,E1017,Pooja Tiwari,IT,Noida,General,Absent,0.0,2026-03
2026-01-01,E1018,Vikas Gupta,IT,Prayagraj,Evening,Present,7.95,2026-01
2026-01-02,E1018,Vikas Gupta,IT,Prayagraj,Evening,Present,8.05,2026-01
2026-01-05,E1018,Vikas Gupta,IT,Prayagraj,Evening,Present,8.3,2026-01
2026-01-06,E1018,Vikas Gupta,IT,Prayagraj,Evening,Present,7.56,2026-01
2026-01-07,E1018,Vikas Gupta,IT,Prayagraj,Evening,Present,8.16,2026-01
2026-01-08,E1018,Vikas Gupta,IT,Prayagraj,Evening,Present,8.39,2026-01
2026-01-09,E1018,Vikas Gupta,IT,Prayagraj,Evening,Present,8.33,2026-01
2026-01-12,E1018,Vikas Gupta,IT,Prayagraj,Evening,Present,7.75,2026-01
2026-01-13,E1018,Vikas Gupta,IT,Prayagraj,Evening,Present,7.82,2026-01
2026-01-14,E1018,Vikas Gupta,IT,Prayagraj,Evening,Present,7.21,2026-01
2026-01-15,E1018,Vikas Gupta,IT,Prayagraj,Evening,Present,8.44,2026-01
2026-01-16,E1018,Vikas Gupta,IT,Prayagraj,Evening,Present,9.03,2026-01
2026-01-19,E1018,Vikas Gupta,IT,Prayagraj,Evening,Present,7.69,2026-01
2026-01-20,E1018,Vikas Gupta,IT,Prayagraj,Evening,Present,8.6,2026-01
2026-01-21,E1018,Vikas Gupta,IT,Prayagraj,Evening,Present,8.98,2026-01
2026-01-22,E1018,Vikas Gupta,IT,Prayagraj,Evening,Present,7.89,2026-01
2026-01-23,E1018,Vikas Gupta,IT,Prayagraj,Evening,Present,8.05,2026-01
2026-01-26,E1018,Vikas Gupta,IT,Prayagraj,Evening,Present,8.21,2026-01
2026-01-27,E1018,Vikas Gupta,IT,Prayagraj,Evening,Present,8.31,2026-01
2026-01-28,E1018,Vikas Gupta,IT,Prayagraj,Evening,Present,8.24,2026-01
2026-01-29,E1018,Vikas Gupta,IT,Prayagraj,Evening,Present,7.92,2026-01
2026-01-30,E1018,Vikas Gupta,IT,Prayagraj,Evening,Present,8.38,2026-01
2026-02-02,E1018,Vikas Gupta,IT,Prayagraj,Evening,Late,7.32,2026-02
2026-02-03,E1018,Vikas Gupta,IT,Prayagraj,Evening,Present,8.27,2026-02
2026-02-04,E1018,Vikas Gupta,IT,Prayagraj,Evening,Present,8.09,2026-02
2026-02-05,E1018,Vikas Gupta,IT,Prayagraj,Evening,Present,7.3,2026-02
2026-02-06,E1018,Vikas Gupta,IT,Prayagraj,Evening,Present,8.67,2026-02
2026-02-09,E1018,Vikas Gupta,IT,Prayagraj,Evening,Present,7.83,2026-02
2026-02-10,E1018,Vikas Gupta,IT,Prayagraj,Evening,Present,8.72,2026-02
2026-02-11,E1018,Vikas Gupta,IT,Prayagraj,Evening,Present,8.58,2026-02
2026-02-12,E1018,Vikas Gupta,IT,Prayagraj,Evening,Leave,0.0,2026-02
2026-02-13,E1018,Vikas Gupta,IT,Prayagraj,Evening,Present,8.2,2026-02
2026-02-16,E1018,Vikas Gupta,IT,Prayagraj,Evening,Present,8.29,2026-02
2026-02-17,E1018,Vikas Gupta,IT,Prayagraj,Evening,Late,8.0,2026-02
2026-02-18,E1018,Vikas Gupta,IT,Prayagraj,Evening,Present,8.62,2026-02
2026-02-19,E1018,Vikas Gupta,IT,Prayagraj,Evening,Present,8.01,2026-02
2026-02-20,E1018,Vikas Gupta,IT,Prayagraj,Evening,Present,8.04,2026-02
2026-02-23,E1018,Vikas Gupta,IT,Prayagraj,Evening,Present,8.55,2026-02
2026-02-24,E1018,Vikas Gupta,IT,Prayagraj,Evening,Present,8.98,2026-02
2026-02-25,E1018,Vikas Gupta,IT,Prayagraj,Evening,Present,7.99,2026-02
2026-02-26,E1018,Vikas Gupta,IT,Prayagraj,Evening,Present,7.92,2026-02
2026-02-27,E1018,Vikas Gupta,IT,Prayagraj,Evening,Present,7.76,2026-02
2026-03-02,E1018,Vikas Gupta,IT,Prayagraj,Evening,Present,7.7,2026-03
2026-03-03,E1018,Vikas Gupta,IT,Prayagraj,Evening,Late,7.16,2026-03
2026-03-04,E1018,Vikas Gupta,IT,Prayagraj,Evening,Present,7.86,2026-03
2026-03-05,E1018,Vikas Gupta,IT,Prayagraj,Evening,Present,8.49,2026-03
2026-03-06,E1018,Vikas Gupta,IT,Prayagraj,Evening,Present,8.33,2026-03
2026-03-09,E1018,Vikas Gupta,IT,Prayagraj,Evening,Present,8.42,2026-03
2026-03-10,E1018,Vikas Gupta,IT,Prayagraj,Evening,Present,8.41,2026-03
2026-03-11,E1018,Vikas Gupta,IT,Prayagraj,Evening,Present,8.63,2026-03
2026-03-12,E1018,Vikas Gupta,IT,Prayagraj,Evening,Present,7.75,2026-03
2026-03-13,E1018,Vikas Gupta,IT,Prayagraj,Evening,Present,8.2,2026-03
2026-03-16,E1018,Vikas Gupta,IT,Prayagraj,Evening,Present,7.36,2026-03
2026-03-17,E1018,Vikas Gupta,IT,Prayagraj,Evening,Present,7.37,2026-03
2026-03-18,E1018,Vikas Gupta,IT,Prayagraj,Evening,Present,8.15,2026-03
2026-03-19,E1018,Vikas Gupta,IT,Prayagraj,Evening,Late,7.43,2026-03
2026-03-20,E1018,Vikas Gupta,IT,Prayagraj,Evening,Present,8.11,2026-03
2026-03-23,E1018,Vikas Gupta,IT,Prayagraj,Evening,Present,8.37,2026-03
2026-03-24,E1018,Vikas Gupta,IT,Prayagraj,Evening,Present,8.75,2026-03
2026-03-25,E1018,Vikas Gupta,IT,Prayagraj,Evening,Present,8.1,2026-03
2026-03-26,E1018,Vikas Gupta,IT,Prayagraj,Evening,Present,8.03,2026-03
2026-03-27,E1018,Vikas Gupta,IT,Prayagraj,Evening,Present,7.78,2026-03
2026-03-30,E1018,Vikas Gupta,IT,Prayagraj,Evening,Present,8.49,2026-03
2026-03-31,E1018,Vikas Gupta,IT,Prayagraj,Evening,Present,7.82,2026-03
2026-01-01,E1019,Diya Das,IT,Prayagraj,Evening,Present,8.01,2026-01
2026-01-02,E1019,Diya Das,IT,Prayagraj,Evening,Present,8.39,2026-01
2026-01-05,E1019,Diya Das,IT,Prayagraj,Evening,Late,6.88,2026-01
2026-01-06,E1019,Diya Das,IT,Prayagraj,Evening,Present,8.71,2026-01
2026-01-07,E1019,Diya Das,IT,Prayagraj,Evening,Present,7.51,2026-01
2026-01-08,E1019,Diya Das,IT,Prayagraj,Evening,Present,6.74,2026-01
2026-01-09,E1019,Diya Das,IT,Prayagraj,Evening,Present,8.18,2026-01
2026-01-12,E1019,Diya Das,IT,Prayagraj,Evening,Present,8.19,2026-01
2026-01-13,E1019,Diya Das,IT,Prayagraj,Evening,Present,7.88,2026-01
2026-01-14,E1019,Diya Das,IT,Prayagraj,Evening,Present,8.31,2026-01
2026-01-15,E1019,Diya Das,IT,Prayagraj,Evening,Present,8.33,2026-01
2026-01-16,E1019,Diya Das,IT,Prayagraj,Evening,Present,8.28,2026-01
2026-01-19,E1019,Diya Das,IT,Prayagraj,Evening,Present,7.87,2026-01
2026-01-20,E1019,Diya Das,IT,Prayagraj,Evening,Present,7.79,2026-01
2026-01-21,E1019,Diya Das,IT,Prayagraj,Evening,Present,7.92,2026-01
2026-01-22,E1019,Diya Das,IT,Prayagraj,Evening,Present,7.73,2026-01
2026-01-23,E1019,Diya Das,IT,Prayagraj,Evening,Present,8.6,2026-01
2026-01-26,E1019,Diya Das,IT,Prayagraj,Evening,Present,7.95,2026-01
2026-01-27,E1019,Diya Das,IT,Prayagraj,Evening,Present,8.17,2026-01
2026-01-28,E1019,Diya Das,IT,Prayagraj,Evening,Present,8.47,2026-01
2026-01-29,E1019,Diya Das,IT,Prayagraj,Evening,Present,7.71,2026-01
2026-01-30,E1019,Diya Das,IT,Prayagraj,Evening,Present,7.49,2026-01
2026-02-02,E1019,Diya Das,IT,Prayagraj,Evening,Present,7.73,2026-02
2026-02-03,E1019,Diya Das,IT,Prayagraj,Evening,Present,8.22,2026-02
2026-02-04,E1019,Diya Das,IT,Prayagraj,Evening,Present,8.19,2026-02
2026-02-05,E1019,Diya Das,IT,Prayagraj,Evening,Present,8.28,2026-02
2026-02-06,E1019,Diya Das,IT,Prayagraj,Evening,Present,8.05,2026-02
2026-02-09,E1019,Diya Das,IT,Prayagraj,Evening,Present,7.0,2026-02
2026-02-10,E1019,Diya Das,IT,Prayagraj,Evening,Present,8.04,2026-02
2026-02-11,E1019,Diya Das,IT,Prayagraj,Evening,Present,8.53,2026-02
2026-02-12,E1019,Diya Das,IT,Prayagraj,Evening,Late,8.0,2026-02
2026-02-13,E1019,Diya Das,IT,Prayagraj,Evening,Present,8.14,2026-02
2026-02-16,E1019,Diya Das,IT,Prayagraj,Evening,Present,8.19,2026-02
2026-02-17,E1019,Diya Das,IT,Prayagraj,Evening,Present,8.38,2026-02
2026-02-18,E1019,Diya Das,IT,Prayagraj,Evening,Present,8.64,2026-02
2026-02-19,E1019,Diya Das,IT,Prayagraj,Evening,Present,8.1,2026-02
2026-02-20,E1019,Diya Das,IT,Prayagraj,Evening,Present,8.37,2026-02
2026-02-23,E1019,Diya Das,IT,Prayagraj,Evening,Present,7.85,2026-02
2026-02-24,E1019,Diya Das,IT,Prayagraj,Evening,Present,7.55,2026-02
2026-02-25,E1019,Diya Das,IT,Prayagraj,Evening,Present,7.9,2026-02
2026-02-26,E1019,Diya Das,IT,Prayagraj,Evening,Present,8.75,2026-02
2026-02-27,E1019,Diya Das,IT,Prayagraj,Evening,Present,8.38,2026-02
2026-03-02,E1019,Diya Das,IT,Prayagraj,Evening,Present,7.59,2026-03
2026-03-03,E1019,Diya Das,IT,Prayagraj,Evening,Present,8.4,2026-03
2026-03-04,E1019,Diya Das,IT,Prayagraj,Evening,Present,7.62,2026-03
2026-03-05,E1019,Diya Das,IT,Prayagraj,Evening,Present,8.27,2026-03
2026-03-06,E1019,Diya Das,IT,Prayagraj,Evening,Present,7.69,2026-03
2026-03-09,E1019,Diya Das,IT,Prayagraj,Evening,Present,7.56,2026-03
2026-03-10,E1019,Diya Das,IT,Prayagraj,Evening,Present,8.84,2026-03
2026-03-11,E1019,Diya Das,IT,Prayagraj,Evening,Present,7.95,2026-03
2026-03-12,E1019,Diya Das,IT,Prayagraj,Evening,Present,8.37,2026-03
2026-03-13,E1019,Diya Das,IT,Prayagraj,Evening,Present,8.12,2026-03
2026-03-16,E1019,Diya Das,IT,Prayagraj,Evening,Present,7.65,2026-03
2026-03-17,E1019,Diya Das,IT,Prayagraj,Evening,Present,8.0,2026-03
2026-03-18,E1019,Diya Das,IT,Prayagraj,Evening,Present,7.65,2026-03
2026-03-19,E1019,Diya Das,IT,Prayagraj,Evening,Present,9.19,2026-03
2026-03-20,E1019,Diya Das,IT,Prayagraj,Evening,Present,8.45,2026-03
2026-03-23,E1019,Diya Das,IT,Prayagraj,Evening,Present,8.11,2026-03
2026-03-24,E1019,Diya Das,IT,Prayagraj,Evening,Present,8.35,2026-03
2026-03-25,E1019,Diya Das,IT,Prayagraj,Evening,Present,8.42,2026-03
2026-03-26,E1019,Diya Das,IT,Prayagraj,Evening,Present,8.42,2026-03
2026-03-27,E1019,Diya Das,IT,Prayagraj,Evening,Late,7.84,2026-03
2026-03-30,E1019,Diya Das,IT,Prayagraj,Evening,Present,8.37,2026-03
2026-03-31,E1019,Diya Das,IT,Prayagraj,Evening,Present,8.15,2026-03
2026-01-01,E1020,Pooja Singh,IT,Kanpur,Morning,Present,8.54,2026-01
2026-01-02,E1020,Pooja Singh,IT,Kanpur,Morning,Late,6.82,2026-01
2026-01-05,E1020,Pooja Singh,IT,Kanpur,Morning,Present,8.4,2026-01
2026-01-06,E1020,Pooja Singh,IT,Kanpur,Morning,Present,8.4,2026-01
2026-01-07,E1020,Pooja Singh,IT,Kanpur,Morning,Present,7.92,2026-01
2026-01-08,E1020,Pooja Singh,IT,Kanpur,Morning,Present,8.02,2026-01
2026-01-09,E1020,Pooja Singh,IT,Kanpur,Morning,Present,8.85,2026-01
2026-01-12,E1020,Pooja Singh,IT,Kanpur,Morning,Present,8.05,2026-01
2026-01-13,E1020,Pooja Singh,IT,Kanpur,Morning,Present,8.34,2026-01
2026-01-14,E1020,Pooja Singh,IT,Kanpur,Morning,Present,8.12,2026-01
2026-01-15,E1020,Pooja Singh,IT,Kanpur,Morning,Present,7.8,2026-01
2026-01-16,E1020,Pooja Singh,IT,Kanpur,Morning,Present,7.83,2026-01
2026-01-19,E1020,Pooja Singh,IT,Kanpur,Morning,Present,8.28,2026-01
2026-01-20,E1020,Pooja Singh,IT,Kanpur,Morning,Present,8.74,2026-01
2026-01-21,E1020,Pooja Singh,IT,Kanpur,Morning,Present,7.52,2026-01
2026-01-22,E1020,Pooja Singh,IT,Kanpur,Morning,Present,8.81,2026-01
2026-01-23,E1020,Pooja Singh,IT,Kanpur,Morning,Present,8.39,2026-01
2026-01-26,E1020,Pooja Singh,IT,Kanpur,Morning,Present,7.99,2026-01
2026-01-27,E1020,Pooja Singh,IT,Kanpur,Morning,Present,8.25,2026-01
2026-01-28,E1020,Pooja Singh,IT,Kanpur,Morning,Present,8.38,2026-01
2026-01-29,E1020,Pooja Singh,IT,Kanpur,Morning,Present,7.61,2026-01
2026-01-30,E1020,Pooja Singh,IT,Kanpur,Morning,Present,8.03,2026-01
2026-02-02,E1020,Pooja Singh,IT,Kanpur,Morning,Present,8.1,2026-02
2026-02-03,E1020,Pooja Singh,IT,Kanpur,Morning,Present,7.37,2026-02
2026-02-04,E1020,Pooja Singh,IT,Kanpur,Morning,Present,8.48,2026-02
2026-02-05,E1020,Pooja Singh,IT,Kanpur,Morning,Present,7.82,2026-02
2026-02-06,E1020,Pooja Singh,IT,Kanpur,Morning,Present,7.85,2026-02
2026-02-09,E1020,Pooja Singh,IT,Kanpur,Morning,Present,8.06,2026-02
2026-02-10,E1020,Pooja Singh,IT,Kanpur,Morning,Present,8.3,2026-02
2026-02-11,E1020,Pooja Singh,IT,Kanpur,Morning,Present,8.27,2026-02
2026-02-12,E1020,Pooja Singh,IT,Kanpur,Morning,Present,8.12,2026-02
2026-02-13,E1020,Pooja Singh,IT,Kanpur,Morning,Present,8.25,2026-02
2026-02-16,E1020,Pooja Singh,IT,Kanpur,Morning,Present,7.78,2026-02
2026-02-17,E1020,Pooja Singh,IT,Kanpur,Morning,Present,8.17,2026-02
2026-02-18,E1020,Pooja Singh,IT,Kanpur,Morning,Late,7.77,2026-02
2026-02-19,E1020,Pooja Singh,IT,Kanpur,Morning,Present,7.84,2026-02
2026-02-20,E1020,Pooja Singh,IT,Kanpur,Morning,Present,8.11,2026-02
2026-02-23,E1020,Pooja Singh,IT,Kanpur,Morning,Late,7.79,2026-02
2026-02-24,E1020,Pooja Singh,IT,Kanpur,Morning,Present,8.06,2026-02
2026-02-25,E1020,Pooja Singh,IT,Kanpur,Morning,Present,7.54,2026-02
2026-02-26,E1020,Pooja Singh,IT,Kanpur,Morning,Present,8.73,2026-02
2026-02-27,E1020,Pooja Singh,IT,Kanpur,Morning,Present,8.63,2026-02
2026-03-02,E1020,Pooja Singh,IT,Kanpur,Morning,Present,8.1,2026-03
2026-03-03,E1020,Pooja Singh,IT,Kanpur,Morning,Present,8.8,2026-03
2026-03-04,E1020,Pooja Singh,IT,Kanpur,Morning,Present,8.38,2026-03
2026-03-05,E1020,Pooja Singh,IT,Kanpur,Morning,Present,8.01,2026-03
2026-03-06,E1020,Pooja Singh,IT,Kanpur,Morning,Present,7.79,2026-03
2026-03-09,E1020,Pooja Singh,IT,Kanpur,Morning,Present,7.61,2026-03
2026-03-10,E1020,Pooja Singh,IT,Kanpur,Morning,Present,8.03,2026-03
2026-03-11,E1020,Pooja Singh,IT,Kanpur,Morning,Present,7.71,2026-03
2026-03-12,E1020,Pooja Singh,IT,Kanpur,Morning,Present,7.74,2026-03
2026-03-13,E1020,Pooja Singh,IT,Kanpur,Morning,Present,8.25,2026-03
2026-03-16,E1020,Pooja Singh,IT,Kanpur,Morning,Present,7.5,2026-03
2026-03-17,E1020,Pooja Singh,IT,Kanpur,Morning,Present,7.38,2026-03
2026-03-18,E1020,Pooja Singh,IT,Kanpur,Morning,Present,8.15,2026-03
2026-03-19,E1020,Pooja Singh,IT,Kanpur,Morning,Present,8.36,2026-03
2026-03-20,E1020,Pooja Singh,IT,Kanpur,Morning,Present,8.28,2026-03
2026-03-23,E1020,Pooja Singh,IT,Kanpur,Morning,Present,7.39,2026-03
2026-03-24,E1020,Pooja Singh,IT,Kanpur,Morning,Present,7.78,2026-03
2026-03-25,E1020,Pooja Singh,IT,Kanpur,Morning,Present,7.83,2026-03
2026-03-26,E1020,Pooja Singh,IT,Kanpur,Morning,Present,7.41,2026-03
2026-03-27,E1020,Pooja Singh,IT,Kanpur,Morning,Present,8.11,2026-03
2026-03-30,E1020,Pooja Singh,IT,Kanpur,Morning,Present,8.2,2026-03
2026-03-31,E1020,Pooja Singh,IT,Kanpur,Morning,Present,8.01,2026-03
2026-01-01,E1021,Yash Yadav,IT,Noida,Morning,Present,8.36,2026-01
2026-01-02,E1021,Yash Yadav,IT,Noida,Morning,Present,8.83,2026-01
2026-01-05,E1021,Yash Yadav,IT,Noida,Morning,Present,8.15,2026-01
2026-01-06,E1021,Yash Yadav,IT,Noida,Morning,Present,8.01,2026-01
2026-01-07,E1021,Yash Yadav,IT,Noida,Morning,Present,8.51,2026-01
2026-01-08,E1021,Yash Yadav,IT,Noida,Morning,Present,7.45,2026-01
2026-01-09,E1021,Yash Yadav,IT,Noida,Morning,Present,8.09,2026-01
2026-01-12,E1021,Yash Yadav,IT,Noida,Morning,Present,8.5,2026-01
2026-01-13,E1021,Yash Yadav,IT,Noida,Morning,Present,7.91,2026-01
2026-01-14,E1021,Yash Yadav,IT,Noida,Morning,Present,6.93,2026-01
2026-01-15,E1021,Yash Yadav,IT,Noida,Morning,Present,8.19,2026-01
2026-01-16,E1021,Yash Yadav,IT,Noida,Morning,Present,8.66,2026-01
2026-01-19,E1021,Yash Yadav,IT,Noida,Morning,Present,7.62,2026-01
2026-01-20,E1021,Yash Yadav,IT,Noida,Morning,Present,7.3,2026-01
2026-01-21,E1021,Yash Yadav,IT,Noida,Morning,Present,8.24,2026-01
2026-01-22,E1021,Yash Yadav,IT,Noida,Morning,Present,8.26,2026-01
2026-01-23,E1021,Yash Yadav,IT,Noida,Morning,Present,7.88,2026-01
2026-01-26,E1021,Yash Yadav,IT,Noida,Morning,Present,7.8,2026-01
2026-01-27,E1021,Yash Yadav,IT,Noida,Morning,Leave,0.0,2026-01
2026-01-28,E1021,Yash Yadav,IT,Noida,Morning,Present,8.12,2026-01
2026-01-29,E1021,Yash Yadav,IT,Noida,Morning,Present,7.64,2026-01
2026-01-30,E1021,Yash Yadav,IT,Noida,Morning,Present,7.76,2026-01
2026-02-02,E1021,Yash Yadav,IT,Noida,Morning,Present,8.65,2026-02
2026-02-03,E1021,Yash Yadav,IT,Noida,Morning,Present,8.47,2026-02
2026-02-04,E1021,Yash Yadav,IT,Noida,Morning,Present,7.62,2026-02
2026-02-05,E1021,Yash Yadav,IT,Noida,Morning,Present,7.56,2026-02
2026-02-06,E1021,Yash Yadav,IT,Noida,Morning,Present,7.89,2026-02
2026-02-09,E1021,Yash Yadav,IT,Noida,Morning,Present,7.59,2026-02
2026-02-10,E1021,Yash Yadav,IT,Noida,Morning,Present,8.76,2026-02
2026-02-11,E1021,Yash Yadav,IT,Noida,Morning,Present,7.33,2026-02
2026-02-12,E1021,Yash Yadav,IT,Noida,Morning,Present,8.91,2026-02
2026-02-13,E1021,Yash Yadav,IT,Noida,Morning,Present,8.27,2026-02
2026-02-16,E1021,Yash Yadav,IT,Noida,Morning,Present,8.36,2026-02
2026-02-17,E1021,Yash Yadav,IT,Noida,Morning,Present,8.15,2026-02
2026-02-18,E1021,Yash Yadav,IT,Noida,Morning,Present,7.39,2026-02
2026-02-19,E1021,Yash Yadav,IT,Noida,Morning,Present,8.46,2026-02
2026-02-20,E1021,Yash Yadav,IT,Noida,Morning,Present,8.11,2026-02
2026-02-23,E1021,Yash Yadav,IT,Noida,Morning,Present,7.67,2026-02
2026-02-24,E1021,Yash Yadav,IT,Noida,Morning,Present,8.59,2026-02
2026-02-25,E1021,Yash Yadav,IT,Noida,Morning,Present,8.55,2026-02
2026-02-26,E1021,Yash Yadav,IT,Noida,Morning,Late,8.0,2026-02
2026-02-27,E1021,Yash Yadav,IT,Noida,Morning,Present,8.52,2026-02
2026-03-02,E1021,Yash Yadav,IT,Noida,Morning,Present,7.86,2026-03
2026-03-03,E1021,Yash Yadav,IT,Noida,Morning,Present,8.34,2026-03
2026-03-04,E1021,Yash Yadav,IT,Noida,Morning,Present,8.58,2026-03
2026-03-05,E1021,Yash Yadav,IT,Noida,Morning,Present,8.52,2026-03
2026-03-06,E1021,Yash Yadav,IT,Noida,Morning,Late,6.3,2026-03
2026-03-09,E1021,Yash Yadav,IT,Noida,Morning,Present,8.07,2026-03
2026-03-10,E1021,Yash Yadav,IT,Noida,Morning,Present,7.78,2026-03
2026-03-11,E1021,Yash Yadav,IT,Noida,Morning,Present,8.75,2026-03
2026-03-12,E1021,Yash Yadav,IT,Noida,Morning,Present,8.07,2026-03
2026-03-13,E1021,Yash Yadav,IT,Noida,Morning,Present,8.3,2026-03
2026-03-16,E1021,Yash Yadav,IT,Noida,Morning,Present,8.19,2026-03
2026-03-17,E1021,Yash Yadav,IT,Noida,Morning,Leave,0.0,2026-03
2026-03-18,E1021,Yash Yadav,IT,Noida,Morning,Present,8.69,2026-03
2026-03-19,E1021,Yash Yadav,IT,Noida,Morning,Present,8.41,2026-03
2026-03-20,E1021,Yash Yadav,IT,Noida,Morning,Present,8.29,2026-03
2026-03-23,E1021,Yash Yadav,IT,Noida,Morning,Present,7.13,2026-03
2026-03-24,E1021,Yash Yadav,IT,Noida,Morning,Present,8.59,2026-03
2026-03-25,E1021,Yash Yadav,IT,Noida,Morning,Present,7.88,2026-03
2026-03-26,E1021,Yash Yadav,IT,Noida,Morning,Present,7.71,2026-03
2026-03-27,E1021,Yash Yadav,IT,Noida,Morning,Present,8.58,2026-03
2026-03-30,E1021,Yash Yadav,IT,Noida,Morning,Present,8.38,2026-03
2026-03-31,E1021,Yash Yadav,IT,Noida,Morning,Present,8.65,2026-03
2026-01-01,E1022,Kavya Mishra,IT,Varanasi,Morning,Present,8.13,2026-01
2026-01-02,E1022,Kavya Mishra,IT,Varanasi,Morning,Present,7.81,2026-01
2026-01-05,E1022,Kavya Mishra,IT,Varanasi,Morning,Present,8.66,2026-01
2026-01-06,E1022,Kavya Mishra,IT,Varanasi,Morning,Present,7.42,2026-01
2026-01-07,E1022,Kavya Mishra,IT,Varanasi,Morning,Present,7.79,2026-01
2026-01-08,E1022,Kavya Mishra,IT,Varanasi,Morning,Present,8.03,2026-01
2026-01-09,E1022,Kavya Mishra,IT,Varanasi,Morning,Present,8.92,2026-01
2026-01-12,E1022,Kavya Mishra,IT,Varanasi,Morning,Present,7.8,2026-01
2026-01-13,E1022,Kavya Mishra,IT,Varanasi,Morning,Present,8.34,2026-01
2026-01-14,E1022,Kavya Mishra,IT,Varanasi,Morning,Present,8.03,2026-01
2026-01-15,E1022,Kavya Mishra,IT,Varanasi,Morning,Present,7.57,2026-01
2026-01-16,E1022,Kavya Mishra,IT,Varanasi,Morning,Present,8.33,2026-01
2026-01-19,E1022,Kavya Mishra,IT,Varanasi,Morning,Present,7.97,2026-01
2026-01-20,E1022,Kavya Mishra,IT,Varanasi,Morning,Present,7.86,2026-01
2026-01-21,E1022,Kavya Mishra,IT,Varanasi,Morning,Present,7.5,2026-01
2026-01-22,E1022,Kavya Mishra,IT,Varanasi,Morning,Leave,0.0,2026-01
2026-01-23,E1022,Kavya Mishra,IT,Varanasi,Morning,Present,8.13,2026-01
2026-01-26,E1022,Kavya Mishra,IT,Varanasi,Morning,Present,8.5,2026-01
2026-01-27,E1022,Kavya Mishra,IT,Varanasi,Morning,Present,8.57,2026-01
2026-01-28,E1022,Kavya Mishra,IT,Varanasi,Morning,Present,7.43,2026-01
2026-01-29,E1022,Kavya Mishra,IT,Varanasi,Morning,Present,7.81,2026-01
2026-01-30,E1022,Kavya Mishra,IT,Varanasi,Morning,Present,7.69,2026-01
2026-02-02,E1022,Kavya Mishra,IT,Varanasi,Morning,Present,7.65,2026-02
2026-02-03,E1022,Kavya Mishra,IT,Varanasi,Morning,Leave,0.0,2026-02
2026-02-04,E1022,Kavya Mishra,IT,Varanasi,Morning,Present,8.06,2026-02
2026-02-05,E1022,Kavya Mishra,IT,Varanasi,Morning,Present,8.18,2026-02
2026-02-06,E1022,Kavya Mishra,IT,Varanasi,Morning,Present,8.77,2026-02
2026-02-09,E1022,Kavya Mishra,IT,Varanasi,Morning,Present,8.66,2026-02
2026-02-10,E1022,Kavya Mishra,IT,Varanasi,Morning,Present,8.64,2026-02
2026-02-11,E1022,Kavya Mishra,IT,Varanasi,Morning,Present,8.56,2026-02
2026-02-12,E1022,Kavya Mishra,IT,Varanasi,Morning,Present,8.4,2026-02
2026-02-13,E1022,Kavya Mishra,IT,Varanasi,Morning,Present,7.41,2026-02
2026-02-16,E1022,Kavya Mishra,IT,Varanasi,Morning,Late,7.39,2026-02
2026-02-17,E1022,Kavya Mishra,IT,Varanasi,Morning,Present,8.22,2026-02
2026-02-18,E1022,Kavya Mishra,IT,Varanasi,Morning,Present,7.71,2026-02
2026-02-19,E1022,Kavya Mishra,IT,Varanasi,Morning,Present,8.86,2026-02
2026-02-20,E1022,Kavya Mishra,IT,Varanasi,Morning,Present,7.95,2026-02
2026-02-23,E1022,Kavya Mishra,IT,Varanasi,Morning,Leave,0.0,2026-02
2026-02-24,E1022,Kavya Mishra,IT,Varanasi,Morning,Present,7.37,2026-02
2026-02-25,E1022,Kavya Mishra,IT,Varanasi,Morning,Present,8.35,2026-02
2026-02-26,E1022,Kavya Mishra,IT,Varanasi,Morning,Leave,0.0,2026-02
2026-02-27,E1022,Kavya Mishra,IT,Varanasi,Morning,Present,7.64,2026-02
2026-03-02,E1022,Kavya Mishra,IT,Varanasi,Morning,Present,7.71,2026-03
2026-03-03,E1022,Kavya Mishra,IT,Varanasi,Morning,Present,8.04,2026-03
2026-03-04,E1022,Kavya Mishra,IT,Varanasi,Morning,Late,6.7,2026-03
2026-03-05,E1022,Kavya Mishra,IT,Varanasi,Morning,Present,7.9,2026-03
2026-03-06,E1022,Kavya Mishra,IT,Varanasi,Morning,Present,8.11,2026-03
2026-03-09,E1022,Kavya Mishra,IT,Varanasi,Morning,Present,8.06,2026-03
2026-03-10,E1022,Kavya Mishra,IT,Varanasi,Morning,Present,8.46,2026-03
2026-03-11,E1022,Kavya Mishra,IT,Varanasi,Morning,Present,7.66,2026-03
2026-03-12,E1022,Kavya Mishra,IT,Varanasi,Morning,Present,8.26,2026-03
2026-03-13,E1022,Kavya Mishra,IT,Varanasi,Morning,Present,8.36,2026-03
2026-03-16,E1022,Kavya Mishra,IT,Varanasi,Morning,Present,7.79,2026-03
2026-03-17,E1022,Kavya Mishra,IT,Varanasi,Morning,Present,7.71,2026-03
2026-03-18,E1022,Kavya Mishra,IT,Varanasi,Morning,Present,8.87,2026-03
2026-03-19,E1022,Kavya Mishra,IT,Varanasi,Morning,Present,7.96,2026-03
2026-03-20,E1022,Kavya Mishra,IT,Varanasi,Morning,Present,8.28,2026-03
2026-03-23,E1022,Kavya Mishra,IT,Varanasi,Morning,Present,8.3,2026-03
2026-03-24,E1022,Kavya Mishra,IT,Varanasi,Morning,Late,6.8,2026-03
2026-03-25,E1022,Kavya Mishra,IT,Varanasi,Morning,Present,8.19,2026-03
2026-03-26,E1022,Kavya Mishra,IT,Varanasi,Morning,Present,8.17,2026-03
2026-03-27,E1022,Kavya Mishra,IT,Varanasi,Morning,Present,8.87,2026-03
2026-03-30,E1022,Kavya Mishra,IT,Varanasi,Morning,Present,8.17,2026-03
2026-03-31,E1022,Kavya Mishra,IT,Varanasi,Morning,Present,8.44,2026-03
2026-01-01,E1023,Aditi Mishra,IT,Gurugram,Morning,Late,6.81,2026-01
2026-01-02,E1023,Aditi Mishra,IT,Gurugram,Morning,Present,8.0,2026-01
2026-01-05,E1023,Aditi Mishra,IT,Gurugram,Morning,Present,8.75,2026-01
2026-01-06,E1023,Aditi Mishra,IT,Gurugram,Morning,Present,7.83,2026-01
2026-01-07,E1023,Aditi Mishra,IT,Gurugram,Morning,Present,8.87,2026-01
2026-01-08,E1023,Aditi Mishra,IT,Gurugram,Morning,Present,7.85,2026-01
2026-01-09,E1023,Aditi Mishra,IT,Gurugram,Morning,Present,8.49,2026-01
2026-01-12,E1023,Aditi Mishra,IT,Gurugram,Morning,Present,8.11,2026-01
2026-01-13,E1023,Aditi Mishra,IT,Gurugram,Morning,Present,7.24,2026-01
2026-01-14,E1023,Aditi Mishra,IT,Gurugram,Morning,Present,7.88,2026-01
2026-01-15,E1023,Aditi Mishra,IT,Gurugram,Morning,Present,8.75,2026-01
2026-01-16,E1023,Aditi Mishra,IT,Gurugram,Morning,Present,7.97,2026-01
2026-01-19,E1023,Aditi Mishra,IT,Gurugram,Morning,Present,7.97,2026-01
2026-01-20,E1023,Aditi Mishra,IT,Gurugram,Morning,Present,8.46,2026-01
2026-01-21,E1023,Aditi Mishra,IT,Gurugram,Morning,Present,8.25,2026-01
2026-01-22,E1023,Aditi Mishra,IT,Gurugram,Morning,Present,7.95,2026-01
2026-01-23,E1023,Aditi Mishra,IT,Gurugram,Morning,Present,7.82,2026-01
2026-01-26,E1023,Aditi Mishra,IT,Gurugram,Morning,Present,9.43,2026-01
2026-01-27,E1023,Aditi Mishra,IT,Gurugram,Morning,Present,8.66,2026-01
2026-01-28,E1023,Aditi Mishra,IT,Gurugram,Morning,Present,8.32,2026-01
2026-01-29,E1023,Aditi Mishra,IT,Gurugram,Morning,Present,8.35,2026-01
2026-01-30,E1023,Aditi Mishra,IT,Gurugram,Morning,Leave,0.0,2026-01
2026-02-02,E1023,Aditi Mishra,IT,Gurugram,Morning,Absent,0.0,2026-02
2026-02-03,E1023,Aditi Mishra,IT,Gurugram,Morning,Present,8.14,2026-02
2026-02-04,E1023,Aditi Mishra,IT,Gurugram,Morning,Absent,0.0,2026-02
2026-02-05,E1023,Aditi Mishra,IT,Gurugram,Morning,Late,6.39,2026-02
2026-02-06,E1023,Aditi Mishra,IT,Gurugram,Morning,Present,8.58,2026-02
2026-02-09,E1023,Aditi Mishra,IT,Gurugram,Morning,Present,7.14,2026-02
2026-02-10,E1023,Aditi Mishra,IT,Gurugram,Morning,Present,8.29,2026-02
2026-02-11,E1023,Aditi Mishra,IT,Gurugram,Morning,Present,8.48,2026-02
2026-02-12,E1023,Aditi Mishra,IT,Gurugram,Morning,Present,7.92,2026-02
2026-02-13,E1023,Aditi Mishra,IT,Gurugram,Morning,Present,8.82,2026-02
2026-02-16,E1023,Aditi Mishra,IT,Gurugram,Morning,Present,7.66,2026-02
2026-02-17,E1023,Aditi Mishra,IT,Gurugram,Morning,Present,8.34,2026-02
2026-02-18,E1023,Aditi Mishra,IT,Gurugram,Morning,Present,8.15,2026-02
2026-02-19,E1023,Aditi Mishra,IT,Gurugram,Morning,Present,8.89,2026-02
2026-02-20,E1023,Aditi Mishra,IT,Gurugram,Morning,Present,7.97,2026-02
2026-02-23,E1023,Aditi Mishra,IT,Gurugram,Morning,Present,8.29,2026-02
2026-02-24,E1023,Aditi Mishra,IT,Gurugram,Morning,Present,8.15,2026-02
2026-02-25,E1023,Aditi Mishra,IT,Gurugram,Morning,Present,7.41,2026-02
2026-02-26,E1023,Aditi Mishra,IT,Gurugram,Morning,Present,8.03,2026-02
2026-02-27,E1023,Aditi Mishra,IT,Gurugram,Morning,Present,7.83,2026-02
2026-03-02,E1023,Aditi Mishra,IT,Gurugram,Morning,Present,8.15,2026-03
2026-03-03,E1023,Aditi Mishra,IT,Gurugram,Morning,Present,8.3,2026-03
2026-03-04,E1023,Aditi Mishra,IT,Gurugram,Morning,Present,8.7,2026-03
2026-03-05,E1023,Aditi Mishra,IT,Gurugram,Morning,Present,7.05,2026-03
2026-03-06,E1023,Aditi Mishra,IT,Gurugram,Morning,Present,8.1,2026-03
2026-03-09,E1023,Aditi Mishra,IT,Gurugram,Morning,Present,7.52,2026-03
2026-03-10,E1023,Aditi Mishra,IT,Gurugram,Morning,Late,7.77,2026-03
2026-03-11,E1023,Aditi Mishra,IT,Gurugram,Morning,Present,9.1,2026-03
2026-03-12,E1023,Aditi Mishra,IT,Gurugram,Morning,Present,7.95,2026-03
2026-03-13,E1023,Aditi Mishra,IT,Gurugram,Morning,Present,7.74,2026-03
2026-03-16,E1023,Aditi Mishra,IT,Gurugram,Morning,Present,7.89,2026-03
2026-03-17,E1023,Aditi Mishra,IT,Gurugram,Morning,Late,6.86,2026-03
2026-03-18,E1023,Aditi Mishra,IT,Gurugram,Morning,Present,6.89,2026-03
2026-03-19,E1023,Aditi Mishra,IT,Gurugram,Morning,Present,8.22,2026-03
2026-03-20,E1023,Aditi Mishra,IT,Gurugram,Morning,Present,8.08,2026-03
2026-03-23,E1023,Aditi Mishra,IT,Gurugram,Morning,Present,7.76,2026-03
2026-03-24,E1023,Aditi Mishra,IT,Gurugram,Morning,Present,7.61,2026-03
2026-03-25,E1023,Aditi Mishra,IT,Gurugram,Morning,Present,8.48,2026-03
2026-03-26,E1023,Aditi Mishra,IT,Gurugram,Morning,Present,8.66,2026-03
2026-03-27,E1023,Aditi Mishra,IT,Gurugram,Morning,Present,8.16,2026-03
2026-03-30,E1023,Aditi Mishra,IT,Gurugram,Morning,Present,7.16,2026-03
2026-03-31,E1023,Aditi Mishra,IT,Gurugram,Morning,Present,8.02,2026-03
2026-01-01,E1024,Karan Chauhan,IT,Kanpur,Morning,Late,7.4,2026-01
2026-01-02,E1024,Karan Chauhan,IT,Kanpur,Morning,Late,7.1,2026-01
2026-01-05,E1024,Karan Chauhan,IT,Kanpur,Morning,Present,8.07,2026-01
2026-01-06,E1024,Karan Chauhan,IT,Kanpur,Morning,Present,8.08,2026-01
2026-01-07,E1024,Karan Chauhan,IT,Kanpur,Morning,Present,8.13,2026-01
2026-01-08,E1024,Karan Chauhan,IT,Kanpur,Morning,Late,7.92,2026-01
2026-01-09,E1024,Karan Chauhan,IT,Kanpur,Morning,Absent,0.0,2026-01
2026-01-12,E1024,Karan Chauhan,IT,Kanpur,Morning,Present,7.09,2026-01
2026-01-13,E1024,Karan Chauhan,IT,Kanpur,Morning,Present,8.01,2026-01
2026-01-14,E1024,Karan Chauhan,IT,Kanpur,Morning,Present,7.8,2026-01
2026-01-15,E1024,Karan Chauhan,IT,Kanpur,Morning,Present,7.61,2026-01
2026-01-16,E1024,Karan Chauhan,IT,Kanpur,Morning,Present,7.79,2026-01
2026-01-19,E1024,Karan Chauhan,IT,Kanpur,Morning,Present,8.02,2026-01
2026-01-20,E1024,Karan Chauhan,IT,Kanpur,Morning,Present,7.82,2026-01
2026-01-21,E1024,Karan Chauhan,IT,Kanpur,Morning,Present,8.68,2026-01
2026-01-22,E1024,Karan Chauhan,IT,Kanpur,Morning,Present,8.54,2026-01
2026-01-23,E1024,Karan Chauhan,IT,Kanpur,Morning,Present,8.01,2026-01
2026-01-26,E1024,Karan Chauhan,IT,Kanpur,Morning,Present,9.05,2026-01
2026-01-27,E1024,Karan Chauhan,IT,Kanpur,Morning,Present,8.22,2026-01
2026-01-28,E1024,Karan Chauhan,IT,Kanpur,Morning,Present,8.78,2026-01
2026-01-29,E1024,Karan Chauhan,IT,Kanpur,Morning,Present,8.73,2026-01
2026-01-30,E1024,Karan Chauhan,IT,Kanpur,Morning,Present,8.29,2026-01
2026-02-02,E1024,Karan Chauhan,IT,Kanpur,Morning,Present,7.59,2026-02
2026-02-03,E1024,Karan Chauhan,IT,Kanpur,Morning,Present,8.13,2026-02
2026-02-04,E1024,Karan Chauhan,IT,Kanpur,Morning,Present,7.78,2026-02
2026-02-05,E1024,Karan Chauhan,IT,Kanpur,Morning,Present,8.34,2026-02
2026-02-06,E1024,Karan Chauhan,IT,Kanpur,Morning,Leave,0.0,2026-02
2026-02-09,E1024,Karan Chauhan,IT,Kanpur,Morning,Present,8.19,2026-02
2026-02-10,E1024,Karan Chauhan,IT,Kanpur,Morning,Present,8.24,2026-02
2026-02-11,E1024,Karan Chauhan,IT,Kanpur,Morning,Present,8.19,2026-02
2026-02-12,E1024,Karan Chauhan,IT,Kanpur,Morning,Present,8.52,2026-02
2026-02-13,E1024,Karan Chauhan,IT,Kanpur,Morning,Present,8.91,2026-02
2026-02-16,E1024,Karan Chauhan,IT,Kanpur,Morning,Present,8.0,2026-02
2026-02-17,E1024,Karan Chauhan,IT,Kanpur,Morning,Present,7.61,2026-02
2026-02-18,E1024,Karan Chauhan,IT,Kanpur,Morning,Present,7.75,2026-02
2026-02-19,E1024,Karan Chauhan,IT,Kanpur,Morning,Present,8.11,2026-02
2026-02-20,E1024,Karan Chauhan,IT,Kanpur,Morning,Present,8.51,2026-02
2026-02-23,E1024,Karan Chauhan,IT,Kanpur,Morning,Present,7.69,2026-02
2026-02-24,E1024,Karan Chauhan,IT,Kanpur,Morning,Present,8.78,2026-02
2026-02-25,E1024,Karan Chauhan,IT,Kanpur,Morning,Present,7.8,2026-02
2026-02-26,E1024,Karan Chauhan,IT,Kanpur,Morning,Present,8.48,2026-02
2026-02-27,E1024,Karan Chauhan,IT,Kanpur,Morning,Present,8.18,2026-02
2026-03-02,E1024,Karan Chauhan,IT,Kanpur,Morning,Present,8.35,2026-03
2026-03-03,E1024,Karan Chauhan,IT,Kanpur,Morning,Present,8.37,2026-03
2026-03-04,E1024,Karan Chauhan,IT,Kanpur,Morning,Present,7.67,2026-03
2026-03-05,E1024,Karan Chauhan,IT,Kanpur,Morning,Present,8.48,2026-03
2026-03-06,E1024,Karan Chauhan,IT,Kanpur,Morning,Present,7.55,2026-03
2026-03-09,E1024,Karan Chauhan,IT,Kanpur,Morning,Present,7.79,2026-03
2026-03-10,E1024,Karan Chauhan,IT,Kanpur,Morning,Present,8.36,2026-03
2026-03-11,E1024,Karan Chauhan,IT,Kanpur,Morning,Present,7.65,2026-03
2026-03-12,E1024,Karan Chauhan,IT,Kanpur,Morning,Present,7.22,2026-03
2026-03-13,E1024,Karan Chauhan,IT,Kanpur,Morning,Present,8.26,2026-03
2026-03-16,E1024,Karan Chauhan,IT,Kanpur,Morning,Present,7.4,2026-03
2026-03-17,E1024,Karan Chauhan,IT,Kanpur,Morning,Present,8.41,2026-03
2026-03-18,E1024,Karan Chauhan,IT,Kanpur,Morning,Leave,0.0,2026-03
2026-03-19,E1024,Karan Chauhan,IT,Kanpur,Morning,Present,7.96,2026-03
2026-03-20,E1024,Karan Chauhan,IT,Kanpur,Morning,Leave,0.0,2026-03
2026-03-23,E1024,Karan Chauhan,IT,Kanpur,Morning,Absent,0.0,2026-03
2026-03-24,E1024,Karan Chauhan,IT,Kanpur,Morning,Present,7.89,2026-03
2026-03-25,E1024,Karan Chauhan,IT,Kanpur,Morning,Present,8.39,2026-03
2026-03-26,E1024,Karan Chauhan,IT,Kanpur,Morning,Present,8.62,2026-03
2026-03-27,E1024,Karan Chauhan,IT,Kanpur,Morning,Present,7.73,2026-03
2026-03-30,E1024,Karan Chauhan,IT,Kanpur,Morning,Late,7.45,2026-03
2026-03-31,E1024,Karan Chauhan,IT,Kanpur,Morning,Present,7.87,2026-03
2026-01-01,E1025,Pooja Patel,HR,Gurugram,Morning,Present,8.04,2026-01
2026-01-02,E1025,Pooja Patel,HR,Gurugram,Morning,Present,8.59,2026-01
2026-01-05,E1025,Pooja Patel,HR,Gurugram,Morning,Present,7.51,2026-01
2026-01-06,E1025,Pooja Patel,HR,Gurugram,Morning,Present,8.38,2026-01
2026-01-07,E1025,Pooja Patel,HR,Gurugram,Morning,Present,8.7,2026-01
2026-01-08,E1025,Pooja Patel,HR,Gurugram,Morning,Present,8.27,2026-01
2026-01-09,E1025,Pooja Patel,HR,Gurugram,Morning,Present,8.59,2026-01
2026-01-12,E1025,Pooja Patel,HR,Gurugram,Morning,Present,8.21,2026-01
2026-01-13,E1025,Pooja Patel,HR,Gurugram,Morning,Present,8.57,2026-01
2026-01-14,E1025,Pooja Patel,HR,Gurugram,Morning,Absent,0.0,2026-01
2026-01-15,E1025,Pooja Patel,HR,Gurugram,Morning,Present,8.9,2026-01
2026-01-16,E1025,Pooja Patel,HR,Gurugram,Morning,Present,7.88,2026-01
2026-01-19,E1025,Pooja Patel,HR,Gurugram,Morning,Present,8.42,2026-01
2026-01-20,E1025,Pooja Patel,HR,Gurugram,Morning,Late,7.58,2026-01
2026-01-21,E1025,Pooja Patel,HR,Gurugram,Morning,Present,7.44,2026-01
2026-01-22,E1025,Pooja Patel,HR,Gurugram,Morning,Absent,0.0,2026-01
2026-01-23,E1025,Pooja Patel,HR,Gurugram,Morning,Absent,0.0,2026-01
2026-01-26,E1025,Pooja Patel,HR,Gurugram,Morning,Present,8.16,2026-01
2026-01-27,E1025,Pooja Patel,HR,Gurugram,Morning,Present,8.41,2026-01
2026-01-28,E1025,Pooja Patel,HR,Gurugram,Morning,Present,8.82,2026-01
2026-01-29,E1025,Pooja Patel,HR,Gurugram,Morning,Present,8.64,2026-01
2026-01-30,E1025,Pooja Patel,HR,Gurugram,Morning,Present,8.63,2026-01
2026-02-02,E1025,Pooja Patel,HR,Gurugram,Morning,Late,7.5,2026-02
2026-02-03,E1025,Pooja Patel,HR,Gurugram,Morning,Present,7.53,2026-02
2026-02-04,E1025,Pooja Patel,HR,Gurugram,Morning,Present,7.51,2026-02
2026-02-05,E1025,Pooja Patel,HR,Gurugram,Morning,Present,8.49,2026-02
2026-02-06,E1025,Pooja Patel,HR,Gurugram,Morning,Present,7.56,2026-02
2026-02-09,E1025,Pooja Patel,HR,Gurugram,Morning,Present,8.27,2026-02
2026-02-10,E1025,Pooja Patel,HR,Gurugram,Morning,Present,8.53,2026-02
2026-02-11,E1025,Pooja Patel,HR,Gurugram,Morning,Present,8.31,2026-02
2026-02-12,E1025,Pooja Patel,HR,Gurugram,Morning,Present,8.34,2026-02
2026-02-13,E1025,Pooja Patel,HR,Gurugram,Morning,Present,8.7,2026-02
2026-02-16,E1025,Pooja Patel,HR,Gurugram,Morning,Present,7.66,2026-02
2026-02-17,E1025,Pooja Patel,HR,Gurugram,Morning,Present,9.48,2026-02
2026-02-18,E1025,Pooja Patel,HR,Gurugram,Morning,Present,7.36,2026-02
2026-02-19,E1025,Pooja Patel,HR,Gurugram,Morning,Late,7.77,2026-02
2026-02-20,E1025,Pooja Patel,HR,Gurugram,Morning,Present,7.32,2026-02
2026-02-23,E1025,Pooja Patel,HR,Gurugram,Morning,Present,8.6,2026-02
2026-02-24,E1025,Pooja Patel,HR,Gurugram,Morning,Present,7.74,2026-02
2026-02-25,E1025,Pooja Patel,HR,Gurugram,Morning,Present,8.03,2026-02
2026-02-26,E1025,Pooja Patel,HR,Gurugram,Morning,Present,8.25,2026-02
2026-02-27,E1025,Pooja Patel,HR,Gurugram,Morning,Present,8.46,2026-02
2026-03-02,E1025,Pooja Patel,HR,Gurugram,Morning,Present,8.03,2026-03
2026-03-03,E1025,Pooja Patel,HR,Gurugram,Morning,Present,8.2,2026-03
2026-03-04,E1025,Pooja Patel,HR,Gurugram,Morning,Present,8.23,2026-03
2026-03-05,E1025,Pooja Patel,HR,Gurugram,Morning,Present,8.13,2026-03
2026-03-06,E1025,Pooja Patel,HR,Gurugram,Morning,Present,8.02,2026-03
2026-03-09,E1025,Pooja Patel,HR,Gurugram,Morning,Present,7.88,2026-03
2026-03-10,E1025,Pooja Patel,HR,Gurugram,Morning,Absent,0.0,2026-03
2026-03-11,E1025,Pooja Patel,HR,Gurugram,Morning,Present,8.01,2026-03
2026-03-12,E1025,Pooja Patel,HR,Gurugram,Morning,Present,7.76,2026-03
2026-03-13,E1025,Pooja Patel,HR,Gurugram,Morning,Present,8.02,2026-03
2026-03-16,E1025,Pooja Patel,HR,Gurugram,Morning,Present,7.4,2026-03
2026-03-17,E1025,Pooja Patel,HR,Gurugram,Morning,Present,7.98,2026-03
2026-03-18,E1025,Pooja Patel,HR,Gurugram,Morning,Leave,0.0,2026-03
2026-03-19,E1025,Pooja Patel,HR,Gurugram,Morning,Present,7.99,2026-03
2026-03-20,E1025,Pooja Patel,HR,Gurugram,Morning,Leave,0.0,2026-03
2026-03-23,E1025,Pooja Patel,HR,Gurugram,Morning,Present,8.49,2026-03
2026-03-24,E1025,Pooja Patel,HR,Gurugram,Morning,Present,7.81,2026-03
2026-03-25,E1025,Pooja Patel,HR,Gurugram,Morning,Present,7.88,2026-03
2026-03-26,E1025,Pooja Patel,HR,Gurugram,Morning,Present,7.94,2026-03
2026-03-27,E1025,Pooja Patel,HR,Gurugram,Morning,Present,7.89,2026-03
2026-03-30,E1025,Pooja Patel,HR,Gurugram,Morning,Present,8.18,2026-03
2026-03-31,E1025,Pooja Patel,HR,Gurugram,Morning,Present,7.91,2026-03
2026-01-01,E1026,Ankit Singh,HR,Lucknow,Evening,Late,6.54,2026-01
2026-01-02,E1026,Ankit Singh,HR,Lucknow,Evening,Present,8.03,2026-01
2026-01-05,E1026,Ankit Singh,HR,Lucknow,Evening,Present,8.21,2026-01
2026-01-06,E1026,Ankit Singh,HR,Lucknow,Evening,Present,7.62,2026-01
2026-01-07,E1026,Ankit Singh,HR,Lucknow,Evening,Present,7.46,2026-01
2026-01-08,E1026,Ankit Singh,HR,Lucknow,Evening,Present,8.45,2026-01
2026-01-09,E1026,Ankit Singh,HR,Lucknow,Evening,Present,7.25,2026-01
2026-01-12,E1026,Ankit Singh,HR,Lucknow,Evening,Present,7.92,2026-01
2026-01-13,E1026,Ankit Singh,HR,Lucknow,Evening,Present,7.57,2026-01
2026-01-14,E1026,Ankit Singh,HR,Lucknow,Evening,Present,7.06,2026-01
2026-01-15,E1026,Ankit Singh,HR,Lucknow,Evening,Present,8.61,2026-01
2026-01-16,E1026,Ankit Singh,HR,Lucknow,Evening,Late,7.84,2026-01
2026-01-19,E1026,Ankit Singh,HR,Lucknow,Evening,Present,8.65,2026-01
2026-01-20,E1026,Ankit Singh,HR,Lucknow,Evening,Absent,0.0,2026-01
2026-01-21,E1026,Ankit Singh,HR,Lucknow,Evening,Late,7.57,2026-01
2026-01-22,E1026,Ankit Singh,HR,Lucknow,Evening,Present,8.08,2026-01
2026-01-23,E1026,Ankit Singh,HR,Lucknow,Evening,Present,7.47,2026-01
2026-01-26,E1026,Ankit Singh,HR,Lucknow,Evening,Present,8.66,2026-01
2026-01-27,E1026,Ankit Singh,HR,Lucknow,Evening,Present,8.07,2026-01
2026-01-28,E1026,Ankit Singh,HR,Lucknow,Evening,Late,6.65,2026-01
2026-01-29,E1026,Ankit Singh,HR,Lucknow,Evening,Present,7.68,2026-01
2026-01-30,E1026,Ankit Singh,HR,Lucknow,Evening,Present,7.99,2026-01
2026-02-02,E1026,Ankit Singh,HR,Lucknow,Evening,Absent,0.0,2026-02
2026-02-03,E1026,Ankit Singh,HR,Lucknow,Evening,Present,7.97,2026-02
2026-02-04,E1026,Ankit Singh,HR,Lucknow,Evening,Present,7.94,2026-02
2026-02-05,E1026,Ankit Singh,HR,Lucknow,Evening,Present,9.31,2026-02
2026-02-06,E1026,Ankit Singh,HR,Lucknow,Evening,Present,7.16,2026-02
2026-02-09,E1026,Ankit Singh,HR,Lucknow,Evening,Present,8.49,2026-02
2026-02-10,E1026,Ankit Singh,HR,Lucknow,Evening,Present,7.52,2026-02
2026-02-11,E1026,Ankit Singh,HR,Lucknow,Evening,Present,8.23,2026-02
2026-02-12,E1026,Ankit Singh,HR,Lucknow,Evening,Present,8.3,2026-02
2026-02-13,E1026,Ankit Singh,HR,Lucknow,Evening,Present,7.91,2026-02
2026-02-16,E1026,Ankit Singh,HR,Lucknow,Evening,Leave,0.0,2026-02
2026-02-17,E1026,Ankit Singh,HR,Lucknow,Evening,Absent,0.0,2026-02
2026-02-18,E1026,Ankit Singh,HR,Lucknow,Evening,Present,7.94,2026-02
2026-02-19,E1026,Ankit Singh,HR,Lucknow,Evening,Present,7.65,2026-02
2026-02-20,E1026,Ankit Singh,HR,Lucknow,Evening,Present,8.15,2026-02
2026-02-23,E1026,Ankit Singh,HR,Lucknow,Evening,Present,7.72,2026-02
2026-02-24,E1026,Ankit Singh,HR,Lucknow,Evening,Present,8.33,2026-02
2026-02-25,E1026,Ankit Singh,HR,Lucknow,Evening,Present,7.66,2026-02
2026-02-26,E1026,Ankit Singh,HR,Lucknow,Evening,Present,7.94,2026-02
2026-02-27,E1026,Ankit Singh,HR,Lucknow,Evening,Present,8.34,2026-02
2026-03-02,E1026,Ankit Singh,HR,Lucknow,Evening,Present,8.23,2026-03
2026-03-03,E1026,Ankit Singh,HR,Lucknow,Evening,Present,8.27,2026-03
2026-03-04,E1026,Ankit Singh,HR,Lucknow,Evening,Present,8.04,2026-03
2026-03-05,E1026,Ankit Singh,HR,Lucknow,Evening,Present,7.57,2026-03
2026-03-06,E1026,Ankit Singh,HR,Lucknow,Evening,Present,8.47,2026-03
2026-03-09,E1026,Ankit Singh,HR,Lucknow,Evening,Present,8.09,2026-03
2026-03-10,E1026,Ankit Singh,HR,Lucknow,Evening,Present,7.8,2026-03
2026-03-11,E1026,Ankit Singh,HR,Lucknow,Evening,Leave,0.0,2026-03
2026-03-12,E1026,Ankit Singh,HR,Lucknow,Evening,Present,7.77,2026-03
2026-03-13,E1026,Ankit Singh,HR,Lucknow,Evening,Present,7.83,2026-03
2026-03-16,E1026,Ankit Singh,HR,Lucknow,Evening,Present,8.31,2026-03
2026-03-17,E1026,Ankit Singh,HR,Lucknow,Evening,Present,7.86,2026-03
2026-03-18,E1026,Ankit Singh,HR,Lucknow,Evening,Present,8.72,2026-03
2026-03-19,E1026,Ankit Singh,HR,Lucknow,Evening,Present,8.16,2026-03
2026-03-20,E1026,Ankit Singh,HR,Lucknow,Evening,Present,7.14,2026-03
2026-03-23,E1026,Ankit Singh,HR,Lucknow,Evening,Leave,0.0,2026-03
2026-03-24,E1026,Ankit Singh,HR,Lucknow,Evening,Present,7.81,2026-03
2026-03-25,E1026,Ankit Singh,HR,Lucknow,Evening,Present,8.1,2026-03
2026-03-26,E1026,Ankit Singh,HR,Lucknow,Evening,Present,8.64,2026-03
2026-03-27,E1026,Ankit Singh,HR,Lucknow,Evening,Present,8.0,2026-03
2026-03-30,E1026,Ankit Singh,HR,Lucknow,Evening,Present,7.4,2026-03
2026-03-31,E1026,Ankit Singh,HR,Lucknow,Evening,Present,7.96,2026-03
2026-01-01,E1027,Ankit Mehta,HR,Kanpur,Evening,Present,8.25,2026-01
2026-01-02,E1027,Ankit Mehta,HR,Kanpur,Evening,Present,7.91,2026-01
2026-01-05,E1027,Ankit Mehta,HR,Kanpur,Evening,Present,7.59,2026-01
2026-01-06,E1027,Ankit Mehta,HR,Kanpur,Evening,Present,7.86,2026-01
2026-01-07,E1027,Ankit Mehta,HR,Kanpur,Evening,Present,8.26,2026-01
2026-01-08,E1027,Ankit Mehta,HR,Kanpur,Evening,Present,8.41,2026-01
2026-01-09,E1027,Ankit Mehta,HR,Kanpur,Evening,Leave,0.0,2026-01
2026-01-12,E1027,Ankit Mehta,HR,Kanpur,Evening,Present,8.93,2026-01
2026-01-13,E1027,Ankit Mehta,HR,Kanpur,Evening,Present,8.79,2026-01
2026-01-14,E1027,Ankit Mehta,HR,Kanpur,Evening,Present,8.16,2026-01
2026-01-15,E1027,Ankit Mehta,HR,Kanpur,Evening,Present,8.33,2026-01
2026-01-16,E1027,Ankit Mehta,HR,Kanpur,Evening,Present,8.19,2026-01
2026-01-19,E1027,Ankit Mehta,HR,Kanpur,Evening,Present,7.57,2026-01
2026-01-20,E1027,Ankit Mehta,HR,Kanpur,Evening,Present,8.62,2026-01
2026-01-21,E1027,Ankit Mehta,HR,Kanpur,Evening,Leave,0.0,2026-01
2026-01-22,E1027,Ankit Mehta,HR,Kanpur,Evening,Late,7.06,2026-01
2026-01-23,E1027,Ankit Mehta,HR,Kanpur,Evening,Present,8.53,2026-01
2026-01-26,E1027,Ankit Mehta,HR,Kanpur,Evening,Absent,0.0,2026-01
2026-01-27,E1027,Ankit Mehta,HR,Kanpur,Evening,Present,8.55,2026-01
2026-01-28,E1027,Ankit Mehta,HR,Kanpur,Evening,Present,8.57,2026-01
2026-01-29,E1027,Ankit Mehta,HR,Kanpur,Evening,Absent,0.0,2026-01
2026-01-30,E1027,Ankit Mehta,HR,Kanpur,Evening,Present,7.83,2026-01
2026-02-02,E1027,Ankit Mehta,HR,Kanpur,Evening,Present,8.0,2026-02
2026-02-03,E1027,Ankit Mehta,HR,Kanpur,Evening,Present,8.55,2026-02
2026-02-04,E1027,Ankit Mehta,HR,Kanpur,Evening,Leave,0.0,2026-02
2026-02-05,E1027,Ankit Mehta,HR,Kanpur,Evening,Present,7.89,2026-02
2026-02-06,E1027,Ankit Mehta,HR,Kanpur,Evening,Present,7.61,2026-02
2026-02-09,E1027,Ankit Mehta,HR,Kanpur,Evening,Absent,0.0,2026-02
2026-02-10,E1027,Ankit Mehta,HR,Kanpur,Evening,Present,8.23,2026-02
2026-02-11,E1027,Ankit Mehta,HR,Kanpur,Evening,Present,8.02,2026-02
2026-02-12,E1027,Ankit Mehta,HR,Kanpur,Evening,Present,7.37,2026-02
2026-02-13,E1027,Ankit Mehta,HR,Kanpur,Evening,Present,8.31,2026-02
2026-02-16,E1027,Ankit Mehta,HR,Kanpur,Evening,Late,8.0,2026-02
2026-02-17,E1027,Ankit Mehta,HR,Kanpur,Evening,Present,7.67,2026-02
2026-02-18,E1027,Ankit Mehta,HR,Kanpur,Evening,Present,8.89,2026-02
2026-02-19,E1027,Ankit Mehta,HR,Kanpur,Evening,Late,8.0,2026-02
2026-02-20,E1027,Ankit Mehta,HR,Kanpur,Evening,Present,7.6,2026-02
2026-02-23,E1027,Ankit Mehta,HR,Kanpur,Evening,Present,7.86,2026-02
2026-02-24,E1027,Ankit Mehta,HR,Kanpur,Evening,Present,7.62,2026-02
2026-02-25,E1027,Ankit Mehta,HR,Kanpur,Evening,Present,8.26,2026-02
2026-02-26,E1027,Ankit Mehta,HR,Kanpur,Evening,Present,7.84,2026-02
2026-02-27,E1027,Ankit Mehta,HR,Kanpur,Evening,Present,7.24,2026-02
2026-03-02,E1027,Ankit Mehta,HR,Kanpur,Evening,Present,8.07,2026-03
2026-03-03,E1027,Ankit Mehta,HR,Kanpur,Evening,Present,8.51,2026-03
2026-03-04,E1027,Ankit Mehta,HR,Kanpur,Evening,Present,8.15,2026-03
2026-03-05,E1027,Ankit Mehta,HR,Kanpur,Evening,Present,8.34,2026-03
2026-03-06,E1027,Ankit Mehta,HR,Kanpur,Evening,Present,8.19,2026-03
2026-03-09,E1027,Ankit Mehta,HR,Kanpur,Evening,Present,8.43,2026-03
2026-03-10,E1027,Ankit Mehta,HR,Kanpur,Evening,Present,8.23,2026-03
2026-03-11,E1027,Ankit Mehta,HR,Kanpur,Evening,Present,8.04,2026-03
2026-03-12,E1027,Ankit Mehta,HR,Kanpur,Evening,Present,8.14,2026-03
2026-03-13,E1027,Ankit Mehta,HR,Kanpur,Evening,Present,8.78,2026-03
2026-03-16,E1027,Ankit Mehta,HR,Kanpur,Evening,Present,8.37,2026-03
2026-03-17,E1027,Ankit Mehta,HR,Kanpur,Evening,Present,7.67,2026-03
2026-03-18,E1027,Ankit Mehta,HR,Kanpur,Evening,Present,8.13,2026-03
2026-03-19,E1027,Ankit Mehta,HR,Kanpur,Evening,Present,8.25,2026-03
2026-03-20,E1027,Ankit Mehta,HR,Kanpur,Evening,Present,8.03,2026-03
2026-03-23,E1027,Ankit Mehta,HR,Kanpur,Evening,Absent,0.0,2026-03
2026-03-24,E1027,Ankit Mehta,HR,Kanpur,Evening,Present,8.07,2026-03
2026-03-25,E1027,Ankit Mehta,HR,Kanpur,Evening,Present,8.3,2026-03
2026-03-26,E1027,Ankit Mehta,HR,Kanpur,Evening,Present,8.16,2026-03
2026-03-27,E1027,Ankit Mehta,HR,Kanpur,Evening,Present,7.96,2026-03
2026-03-30,E1027,Ankit Mehta,HR,Kanpur,Evening,Present,7.46,2026-03
2026-03-31,E1027,Ankit Mehta,HR,Kanpur,Evening,Present,8.39,2026-03
2026-01-01,E1028,Nikhil Mishra,HR,Lucknow,Evening,Present,7.89,2026-01
2026-01-02,E1028,Nikhil Mishra,HR,Lucknow,Evening,Present,7.52,2026-01
2026-01-05,E1028,Nikhil Mishra,HR,Lucknow,Evening,Present,7.47,2026-01
2026-01-06,E1028,Nikhil Mishra,HR,Lucknow,Evening,Present,7.42,2026-01
2026-01-07,E1028,Nikhil Mishra,HR,Lucknow,Evening,Present,6.83,2026-01
2026-01-08,E1028,Nikhil Mishra,HR,Lucknow,Evening,Present,8.64,2026-01
2026-01-09,E1028,Nikhil Mishra,HR,Lucknow,Evening,Present,7.89,2026-01
2026-01-12,E1028,Nikhil Mishra,HR,Lucknow,Evening,Present,7.26,2026-01
2026-01-13,E1028,Nikhil Mishra,HR,Lucknow,Evening,Present,7.93,2026-01
2026-01-14,E1028,Nikhil Mishra,HR,Lucknow,Evening,Present,8.19,2026-01
2026-01-15,E1028,Nikhil Mishra,HR,Lucknow,Evening,Present,8.3,2026-01
2026-01-16,E1028,Nikhil Mishra,HR,Lucknow,Evening,Present,6.98,2026-01
2026-01-19,E1028,Nikhil Mishra,HR,Lucknow,Evening,Present,7.8,2026-01
2026-01-20,E1028,Nikhil Mishra,HR,Lucknow,Evening,Present,8.13,2026-01
2026-01-21,E1028,Nikhil Mishra,HR,Lucknow,Evening,Present,8.3,2026-01
2026-01-22,E1028,Nikhil Mishra,HR,Lucknow,Evening,Present,7.67,2026-01
2026-01-23,E1028,Nikhil Mishra,HR,Lucknow,Evening,Present,8.01,2026-01
2026-01-26,E1028,Nikhil Mishra,HR,Lucknow,Evening,Present,7.84,2026-01
2026-01-27,E1028,Nikhil Mishra,HR,Lucknow,Evening,Present,8.2,2026-01
2026-01-28,E1028,Nikhil Mishra,HR,Lucknow,Evening,Present,8.62,2026-01
2026-01-29,E1028,Nikhil Mishra,HR,Lucknow,Evening,Present,7.95,2026-01
2026-01-30,E1028,Nikhil Mishra,HR,Lucknow,Evening,Present,7.48,2026-01
2026-02-02,E1028,Nikhil Mishra,HR,Lucknow,Evening,Present,7.78,2026-02
2026-02-03,E1028,Nikhil Mishra,HR,Lucknow,Evening,Present,8.88,2026-02
2026-02-04,E1028,Nikhil Mishra,HR,Lucknow,Evening,Present,7.71,2026-02
2026-02-05,E1028,Nikhil Mishra,HR,Lucknow,Evening,Present,7.56,2026-02
2026-02-06,E1028,Nikhil Mishra,HR,Lucknow,Evening,Present,7.92,2026-02
2026-02-09,E1028,Nikhil Mishra,HR,Lucknow,Evening,Present,8.06,2026-02
2026-02-10,E1028,Nikhil Mishra,HR,Lucknow,Evening,Present,7.86,2026-02
2026-02-11,E1028,Nikhil Mishra,HR,Lucknow,Evening,Present,7.42,2026-02
2026-02-12,E1028,Nikhil Mishra,HR,Lucknow,Evening,Present,8.24,2026-02
2026-02-13,E1028,Nikhil Mishra,HR,Lucknow,Evening,Present,8.2,2026-02
2026-02-16,E1028,Nikhil Mishra,HR,Lucknow,Evening,Present,8.41,2026-02
2026-02-17,E1028,Nikhil Mishra,HR,Lucknow,Evening,Present,8.19,2026-02
2026-02-18,E1028,Nikhil Mishra,HR,Lucknow,Evening,Present,8.83,2026-02
2026-02-19,E1028,Nikhil Mishra,HR,Lucknow,Evening,Present,8.45,2026-02
2026-02-20,E1028,Nikhil Mishra,HR,Lucknow,Evening,Present,8.35,2026-02
2026-02-23,E1028,Nikhil Mishra,HR,Lucknow,Evening,Present,8.64,2026-02
2026-02-24,E1028,Nikhil Mishra,HR,Lucknow,Evening,Present,8.16,2026-02
2026-02-25,E1028,Nikhil Mishra,HR,Lucknow,Evening,Present,8.02,2026-02
2026-02-26,E1028,Nikhil Mishra,HR,Lucknow,Evening,Present,8.24,2026-02
2026-02-27,E1028,Nikhil Mishra,HR,Lucknow,Evening,Present,7.22,2026-02
2026-03-02,E1028,Nikhil Mishra,HR,Lucknow,Evening,Present,8.16,2026-03
2026-03-03,E1028,Nikhil Mishra,HR,Lucknow,Evening,Present,8.06,2026-03
2026-03-04,E1028,Nikhil Mishra,HR,Lucknow,Evening,Present,8.29,2026-03
2026-03-05,E1028,Nikhil Mishra,HR,Lucknow,Evening,Present,8.57,2026-03
2026-03-06,E1028,Nikhil Mishra,HR,Lucknow,Evening,Present,8.36,2026-03
2026-03-09,E1028,Nikhil Mishra,HR,Lucknow,Evening,Present,7.78,2026-03
2026-03-10,E1028,Nikhil Mishra,HR,Lucknow,Evening,Late,7.93,2026-03
2026-03-11,E1028,Nikhil Mishra,HR,Lucknow,Evening,Present,8.84,2026-03
2026-03-12,E1028,Nikhil Mishra,HR,Lucknow,Evening,Present,8.58,2026-03
2026-03-13,E1028,Nikhil Mishra,HR,Lucknow,Evening,Present,7.52,2026-03
2026-03-16,E1028,Nikhil Mishra,HR,Lucknow,Evening,Present,8.36,2026-03
2026-03-17,E1028,Nikhil Mishra,HR,Lucknow,Evening,Present,7.58,2026-03
2026-03-18,E1028,Nikhil Mishra,HR,Lucknow,Evening,Present,7.97,2026-03
2026-03-19,E1028,Nikhil Mishra,HR,Lucknow,Evening,Present,8.28,2026-03
2026-03-20,E1028,Nikhil Mishra,HR,Lucknow,Evening,Present,8.21,2026-03
2026-03-23,E1028,Nikhil Mishra,HR,Lucknow,Evening,Present,8.57,2026-03
2026-03-24,E1028,Nikhil Mishra,HR,Lucknow,Evening,Present,8.84,2026-03
2026-03-25,E1028,Nikhil Mishra,HR,Lucknow,Evening,Present,8.32,2026-03
2026-03-26,E1028,Nikhil Mishra,HR,Lucknow,Evening,Present,7.94,2026-03
2026-03-27,E1028,Nikhil Mishra,HR,Lucknow,Evening,Present,7.24,2026-03
2026-03-30,E1028,Nikhil Mishra,HR,Lucknow,Evening,Present,8.69,2026-03
2026-03-31,E1028,Nikhil Mishra,HR,Lucknow,Evening,Present,8.06,2026-03
2026-01-01,E1029,Priya Verma,HR,Varanasi,Morning,Present,8.25,2026-01
2026-01-02,E1029,Priya Verma,HR,Varanasi,Morning,Present,8.07,2026-01
2026-01-05,E1029,Priya Verma,HR,Varanasi,Morning,Present,7.64,2026-01
2026-01-06,E1029,Priya Verma,HR,Varanasi,Morning,Late,7.97,2026-01
2026-01-07,E1029,Priya Verma,HR,Varanasi,Morning,Present,7.82,2026-01
2026-01-08,E1029,Priya Verma,HR,Varanasi,Morning,Present,8.13,2026-01
2026-01-09,E1029,Priya Verma,HR,Varanasi,Morning,Present,7.83,2026-01
2026-01-12,E1029,Priya Verma,HR,Varanasi,Morning,Present,8.39,2026-01
2026-01-13,E1029,Priya Verma,HR,Varanasi,Morning,Present,7.21,2026-01
2026-01-14,E1029,Priya Verma,HR,Varanasi,Morning,Present,7.83,2026-01
2026-01-15,E1029,Priya Verma,HR,Varanasi,Morning,Present,8.4,2026-01
2026-01-16,E1029,Priya Verma,HR,Varanasi,Morning,Present,7.75,2026-01
2026-01-19,E1029,Priya Verma,HR,Varanasi,Morning,Present,7.23,2026-01
2026-01-20,E1029,Priya Verma,HR,Varanasi,Morning,Present,7.8,2026-01
2026-01-21,E1029,Priya Verma,HR,Varanasi,Morning,Present,8.21,2026-01
2026-01-22,E1029,Priya Verma,HR,Varanasi,Morning,Present,7.57,2026-01
2026-01-23,E1029,Priya Verma,HR,Varanasi,Morning,Present,8.02,2026-01
2026-01-26,E1029,Priya Verma,HR,Varanasi,Morning,Present,8.02,2026-01
2026-01-27,E1029,Priya Verma,HR,Varanasi,Morning,Present,8.86,2026-01
2026-01-28,E1029,Priya Verma,HR,Varanasi,Morning,Present,7.71,2026-01
2026-01-29,E1029,Priya Verma,HR,Varanasi,Morning,Present,8.81,2026-01
2026-01-30,E1029,Priya Verma,HR,Varanasi,Morning,Present,7.71,2026-01
2026-02-02,E1029,Priya Verma,HR,Varanasi,Morning,Present,8.34,2026-02
2026-02-03,E1029,Priya Verma,HR,Varanasi,Morning,Present,7.95,2026-02
2026-02-04,E1029,Priya Verma,HR,Varanasi,Morning,Present,7.89,2026-02
2026-02-05,E1029,Priya Verma,HR,Varanasi,Morning,Present,7.46,2026-02
2026-02-06,E1029,Priya Verma,HR,Varanasi,Morning,Present,8.33,2026-02
2026-02-09,E1029,Priya Verma,HR,Varanasi,Morning,Present,8.54,2026-02
2026-02-10,E1029,Priya Verma,HR,Varanasi,Morning,Present,8.32,2026-02
2026-02-11,E1029,Priya Verma,HR,Varanasi,Morning,Present,7.79,2026-02
2026-02-12,E1029,Priya Verma,HR,Varanasi,Morning,Present,7.93,2026-02
2026-02-13,E1029,Priya Verma,HR,Varanasi,Morning,Absent,0.0,2026-02
2026-02-16,E1029,Priya Verma,HR,Varanasi,Morning,Present,8.01,2026-02
2026-02-17,E1029,Priya Verma,HR,Varanasi,Morning,Absent,0.0,2026-02
2026-02-18,E1029,Priya Verma,HR,Varanasi,Morning,Absent,0.0,2026-02
2026-02-19,E1029,Priya Verma,HR,Varanasi,Morning,Present,8.5,2026-02
2026-02-20,E1029,Priya Verma,HR,Varanasi,Morning,Present,8.92,2026-02
2026-02-23,E1029,Priya Verma,HR,Varanasi,Morning,Present,9.13,2026-02
2026-02-24,E1029,Priya Verma,HR,Varanasi,Morning,Present,7.82,2026-02
2026-02-25,E1029,Priya Verma,HR,Varanasi,Morning,Present,8.42,2026-02
2026-02-26,E1029,Priya Verma,HR,Varanasi,Morning,Present,7.25,2026-02
2026-02-27,E1029,Priya Verma,HR,Varanasi,Morning,Present,8.18,2026-02
2026-03-02,E1029,Priya Verma,HR,Varanasi,Morning,Present,8.29,2026-03
2026-03-03,E1029,Priya Verma,HR,Varanasi,Morning,Present,7.67,2026-03
2026-03-04,E1029,Priya Verma,HR,Varanasi,Morning,Present,7.8,2026-03
2026-03-05,E1029,Priya Verma,HR,Varanasi,Morning,Present,8.51,2026-03
2026-03-06,E1029,Priya Verma,HR,Varanasi,Morning,Present,8.3,2026-03
2026-03-09,E1029,Priya Verma,HR,Varanasi,Morning,Present,8.85,2026-03
2026-03-10,E1029,Priya Verma,HR,Varanasi,Morning,Present,8.79,2026-03
2026-03-11,E1029,Priya Verma,HR,Varanasi,Morning,Present,7.35,2026-03
2026-03-12,E1029,Priya Verma,HR,Varanasi,Morning,Present,7.86,2026-03
2026-03-13,E1029,Priya Verma,HR,Varanasi,Morning,Present,7.63,2026-03
2026-03-16,E1029,Priya Verma,HR,Varanasi,Morning,Present,8.44,2026-03
2026-03-17,E1029,Priya Verma,HR,Varanasi,Morning,Present,8.23,2026-03
2026-03-18,E1029,Priya Verma,HR,Varanasi,Morning,Present,7.66,2026-03
2026-03-19,E1029,Priya Verma,HR,Varanasi,Morning,Present,7.72,2026-03
2026-03-20,E1029,Priya Verma,HR,Varanasi,Morning,Present,8.66,2026-03
2026-03-23,E1029,Priya Verma,HR,Varanasi,Morning,Late,7.29,2026-03
2026-03-24,E1029,Priya Verma,HR,Varanasi,Morning,Present,7.19,2026-03
2026-03-25,E1029,Priya Verma,HR,Varanasi,Morning,Present,7.62,2026-03
2026-03-26,E1029,Priya Verma,HR,Varanasi,Morning,Present,8.96,2026-03
2026-03-27,E1029,Priya Verma,HR,Varanasi,Morning,Present,8.55,2026-03
2026-03-30,E1029,Priya Verma,HR,Varanasi,Morning,Leave,0.0,2026-03
2026-03-31,E1029,Priya Verma,HR,Varanasi,Morning,Present,7.54,2026-03
2026-01-01,E1030,Pooja Singh,HR,Prayagraj,Evening,Present,8.52,2026-01
2026-01-02,E1030,Pooja Singh,HR,Prayagraj,Evening,Present,7.35,2026-01
2026-01-05,E1030,Pooja Singh,HR,Prayagraj,Evening,Late,8.0,2026-01
2026-01-06,E1030,Pooja Singh,HR,Prayagraj,Evening,Present,8.3,2026-01
2026-01-07,E1030,Pooja Singh,HR,Prayagraj,Evening,Present,7.77,2026-01
2026-01-08,E1030,Pooja Singh,HR,Prayagraj,Evening,Present,8.37,2026-01
2026-01-09,E1030,Pooja Singh,HR,Prayagraj,Evening,Present,8.23,2026-01
2026-01-12,E1030,Pooja Singh,HR,Prayagraj,Evening,Present,8.27,2026-01
2026-01-13,E1030,Pooja Singh,HR,Prayagraj,Evening,Present,8.17,2026-01
2026-01-14,E1030,Pooja Singh,HR,Prayagraj,Evening,Present,7.7,2026-01
2026-01-15,E1030,Pooja Singh,HR,Prayagraj,Evening,Present,7.78,2026-01
2026-01-16,E1030,Pooja Singh,HR,Prayagraj,Evening,Present,7.99,2026-01
2026-01-19,E1030,Pooja Singh,HR,Prayagraj,Evening,Present,8.12,2026-01
2026-01-20,E1030,Pooja Singh,HR,Prayagraj,Evening,Present,8.4,2026-01
2026-01-21,E1030,Pooja Singh,HR,Prayagraj,Evening,Present,8.97,2026-01
2026-01-22,E1030,Pooja Singh,HR,Prayagraj,Evening,Present,8.2,2026-01
2026-01-23,E1030,Pooja Singh,HR,Prayagraj,Evening,Present,8.39,2026-01
2026-01-26,E1030,Pooja Singh,HR,Prayagraj,Evening,Present,8.5,2026-01
2026-01-27,E1030,Pooja Singh,HR,Prayagraj,Evening,Present,8.42,2026-01
2026-01-28,E1030,Pooja Singh,HR,Prayagraj,Evening,Present,7.69,2026-01
2026-01-29,E1030,Pooja Singh,HR,Prayagraj,Evening,Present,8.71,2026-01
2026-01-30,E1030,Pooja Singh,HR,Prayagraj,Evening,Present,8.63,2026-01
2026-02-02,E1030,Pooja Singh,HR,Prayagraj,Evening,Leave,0.0,2026-02
2026-02-03,E1030,Pooja Singh,HR,Prayagraj,Evening,Present,8.16,2026-02
2026-02-04,E1030,Pooja Singh,HR,Prayagraj,Evening,Present,8.14,2026-02
2026-02-05,E1030,Pooja Singh,HR,Prayagraj,Evening,Present,7.72,2026-02
2026-02-06,E1030,Pooja Singh,HR,Prayagraj,Evening,Present,7.47,2026-02
2026-02-09,E1030,Pooja Singh,HR,Prayagraj,Evening,Present,7.83,2026-02
2026-02-10,E1030,Pooja Singh,HR,Prayagraj,Evening,Present,8.09,2026-02
2026-02-11,E1030,Pooja Singh,HR,Prayagraj,Evening,Present,8.22,2026-02
2026-02-12,E1030,Pooja Singh,HR,Prayagraj,Evening,Present,7.85,2026-02
2026-02-13,E1030,Pooja Singh,HR,Prayagraj,Evening,Present,8.56,2026-02
2026-02-16,E1030,Pooja Singh,HR,Prayagraj,Evening,Present,8.64,2026-02
2026-02-17,E1030,Pooja Singh,HR,Prayagraj,Evening,Present,8.61,2026-02
2026-02-18,E1030,Pooja Singh,HR,Prayagraj,Evening,Present,7.69,2026-02
2026-02-19,E1030,Pooja Singh,HR,Prayagraj,Evening,Present,8.25,2026-02
2026-02-20,E1030,Pooja Singh,HR,Prayagraj,Evening,Present,8.57,2026-02
2026-02-23,E1030,Pooja Singh,HR,Prayagraj,Evening,Present,8.47,2026-02
2026-02-24,E1030,Pooja Singh,HR,Prayagraj,Evening,Present,8.44,2026-02
2026-02-25,E1030,Pooja Singh,HR,Prayagraj,Evening,Present,8.75,2026-02
2026-02-26,E1030,Pooja Singh,HR,Prayagraj,Evening,Present,7.89,2026-02
2026-02-27,E1030,Pooja Singh,HR,Prayagraj,Evening,Present,7.32,2026-02
2026-03-02,E1030,Pooja Singh,HR,Prayagraj,Evening,Present,7.97,2026-03
2026-03-03,E1030,Pooja Singh,HR,Prayagraj,Evening,Leave,0.0,2026-03
2026-03-04,E1030,Pooja Singh,HR,Prayagraj,Evening,Present,7.99,2026-03
2026-03-05,E1030,Pooja Singh,HR,Prayagraj,Evening,Present,8.6,2026-03
2026-03-06,E1030,Pooja Singh,HR,Prayagraj,Evening,Present,9.14,2026-03
2026-03-09,E1030,Pooja Singh,HR,Prayagraj,Evening,Present,8.19,2026-03
2026-03-10,E1030,Pooja Singh,HR,Prayagraj,Evening,Present,7.69,2026-03
2026-03-11,E1030,Pooja Singh,HR,Prayagraj,Evening,Present,8.6,2026-03
2026-03-12,E1030,Pooja Singh,HR,Prayagraj,Evening,Present,8.31,2026-03
2026-03-13,E1030,Pooja Singh,HR,Prayagraj,Evening,Present,7.61,2026-03
2026-03-16,E1030,Pooja Singh,HR,Prayagraj,Evening,Present,8.48,2026-03
2026-03-17,E1030,Pooja Singh,HR,Prayagraj,Evening,Present,8.82,2026-03
2026-03-18,E1030,Pooja Singh,HR,Prayagraj,Evening,Present,8.36,2026-03
2026-03-19,E1030,Pooja Singh,HR,Prayagraj,Evening,Present,7.49,2026-03
2026-03-20,E1030,Pooja Singh,HR,Prayagraj,Evening,Present,8.03,2026-03
2026-03-23,E1030,Pooja Singh,HR,Prayagraj,Evening,Present,8.42,2026-03
2026-03-24,E1030,Pooja Singh,HR,Prayagraj,Evening,Present,7.99,2026-03
2026-03-25,E1030,Pooja Singh,HR,Prayagraj,Evening,Present,7.64,2026-03
2026-03-26,E1030,Pooja Singh,HR,Prayagraj,Evening,Present,8.65,2026-03
2026-03-27,E1030,Pooja Singh,HR,Prayagraj,Evening,Present,7.97,2026-03
2026-03-30,E1030,Pooja Singh,HR,Prayagraj,Evening,Present,8.82,2026-03
2026-03-31,E1030,Pooja Singh,HR,Prayagraj,Evening,Late,7.24,2026-03
2026-01-01,E1031,Aditya Yadav,HR,Gurugram,General,Present,8.06,2026-01
2026-01-02,E1031,Aditya Yadav,HR,Gurugram,General,Present,8.25,2026-01
2026-01-05,E1031,Aditya Yadav,HR,Gurugram,General,Present,7.54,2026-01
2026-01-06,E1031,Aditya Yadav,HR,Gurugram,General,Present,8.11,2026-01
2026-01-07,E1031,Aditya Yadav,HR,Gurugram,General,Absent,0.0,2026-01
2026-01-08,E1031,Aditya Yadav,HR,Gurugram,General,Present,7.58,2026-01
2026-01-09,E1031,Aditya Yadav,HR,Gurugram,General,Present,7.34,2026-01
2026-01-12,E1031,Aditya Yadav,HR,Gurugram,General,Present,7.29,2026-01
2026-01-13,E1031,Aditya Yadav,HR,Gurugram,General,Present,7.49,2026-01
2026-01-14,E1031,Aditya Yadav,HR,Gurugram,General,Present,7.86,2026-01
2026-01-15,E1031,Aditya Yadav,HR,Gurugram,General,Present,8.18,2026-01
2026-01-16,E1031,Aditya Yadav,HR,Gurugram,General,Leave,0.0,2026-01
2026-01-19,E1031,Aditya Yadav,HR,Gurugram,General,Present,9.2,2026-01
2026-01-20,E1031,Aditya Yadav,HR,Gurugram,General,Present,7.86,2026-01
2026-01-21,E1031,Aditya Yadav,HR,Gurugram,General,Present,7.72,2026-01
2026-01-22,E1031,Aditya Yadav,HR,Gurugram,General,Present,7.94,2026-01
2026-01-23,E1031,Aditya Yadav,HR,Gurugram,General,Present,7.72,2026-01
2026-01-26,E1031,Aditya Yadav,HR,Gurugram,General,Present,8.4,2026-01
2026-01-27,E1031,Aditya Yadav,HR,Gurugram,General,Present,8.55,2026-01
2026-01-28,E1031,Aditya Yadav,HR,Gurugram,General,Present,8.21,2026-01
2026-01-29,E1031,Aditya Yadav,HR,Gurugram,General,Present,8.18,2026-01
2026-01-30,E1031,Aditya Yadav,HR,Gurugram,General,Present,8.73,2026-01
2026-02-02,E1031,Aditya Yadav,HR,Gurugram,General,Present,8.01,2026-02
2026-02-03,E1031,Aditya Yadav,HR,Gurugram,General,Present,8.46,2026-02
2026-02-04,E1031,Aditya Yadav,HR,Gurugram,General,Present,8.0,2026-02
2026-02-05,E1031,Aditya Yadav,HR,Gurugram,General,Present,7.58,2026-02
2026-02-06,E1031,Aditya Yadav,HR,Gurugram,General,Present,8.64,2026-02
2026-02-09,E1031,Aditya Yadav,HR,Gurugram,General,Present,8.24,2026-02
2026-02-10,E1031,Aditya Yadav,HR,Gurugram,General,Present,8.59,2026-02
2026-02-11,E1031,Aditya Yadav,HR,Gurugram,General,Present,8.3,2026-02
2026-02-12,E1031,Aditya Yadav,HR,Gurugram,General,Present,8.35,2026-02
2026-02-13,E1031,Aditya Yadav,HR,Gurugram,General,Present,7.73,2026-02
2026-02-16,E1031,Aditya Yadav,HR,Gurugram,General,Present,9.29,2026-02
2026-02-17,E1031,Aditya Yadav,HR,Gurugram,General,Leave,0.0,2026-02
2026-02-18,E1031,Aditya Yadav,HR,Gurugram,General,Present,8.34,2026-02
2026-02-19,E1031,Aditya Yadav,HR,Gurugram,General,Present,7.8,2026-02
2026-02-20,E1031,Aditya Yadav,HR,Gurugram,General,Present,7.92,2026-02
2026-02-23,E1031,Aditya Yadav,HR,Gurugram,General,Present,7.85,2026-02
2026-02-24,E1031,Aditya Yadav,HR,Gurugram,General,Present,8.03,2026-02
2026-02-25,E1031,Aditya Yadav,HR,Gurugram,General,Late,6.85,2026-02
2026-02-26,E1031,Aditya Yadav,HR,Gurugram,General,Present,7.86,2026-02
2026-02-27,E1031,Aditya Yadav,HR,Gurugram,General,Present,8.29,2026-02
2026-03-02,E1031,Aditya Yadav,HR,Gurugram,General,Present,8.29,2026-03
2026-03-03,E1031,Aditya Yadav,HR,Gurugram,General,Present,8.21,2026-03
2026-03-04,E1031,Aditya Yadav,HR,Gurugram,General,Present,8.72,2026-03
2026-03-05,E1031,Aditya Yadav,HR,Gurugram,General,Present,8.31,2026-03
2026-03-06,E1031,Aditya Yadav,HR,Gurugram,General,Present,8.71,2026-03
2026-03-09,E1031,Aditya Yadav,HR,Gurugram,General,Leave,0.0,2026-03
2026-03-10,E1031,Aditya Yadav,HR,Gurugram,General,Present,7.5,2026-03
2026-03-11,E1031,Aditya Yadav,HR,Gurugram,General,Present,8.33,2026-03
2026-03-12,E1031,Aditya Yadav,HR,Gurugram,General,Present,8.73,2026-03
2026-03-13,E1031,Aditya Yadav,HR,Gurugram,General,Present,8.35,2026-03
2026-03-16,E1031,Aditya Yadav,HR,Gurugram,General,Present,7.83,2026-03
2026-03-17,E1031,Aditya Yadav,HR,Gurugram,General,Present,8.21,2026-03
2026-03-18,E1031,Aditya Yadav,HR,Gurugram,General,Present,7.87,2026-03
2026-03-19,E1031,Aditya Yadav,HR,Gurugram,General,Present,7.85,2026-03
2026-03-20,E1031,Aditya Yadav,HR,Gurugram,General,Present,8.23,2026-03
2026-03-23,E1031,Aditya Yadav,HR,Gurugram,General,Present,6.98,2026-03
2026-03-24,E1031,Aditya Yadav,HR,Gurugram,General,Present,8.01,2026-03
2026-03-25,E1031,Aditya Yadav,HR,Gurugram,General,Present,8.19,2026-03
2026-03-26,E1031,Aditya Yadav,HR,Gurugram,General,Present,8.16,2026-03
2026-03-27,E1031,Aditya Yadav,HR,Gurugram,General,Present,7.77,2026-03
2026-03-30,E1031,Aditya Yadav,HR,Gurugram,General,Present,8.35,2026-03
2026-03-31,E1031,Aditya Yadav,HR,Gurugram,General,Present,8.13,2026-03
2026-01-01,E1032,Ananya Maurya,HR,Kanpur,Evening,Present,7.5,2026-01
2026-01-02,E1032,Ananya Maurya,HR,Kanpur,Evening,Present,7.9,2026-01
2026-01-05,E1032,Ananya Maurya,HR,Kanpur,Evening,Present,8.0,2026-01
2026-01-06,E1032,Ananya Maurya,HR,Kanpur,Evening,Present,8.12,2026-01
2026-01-07,E1032,Ananya Maurya,HR,Kanpur,Evening,Present,7.62,2026-01
2026-01-08,E1032,Ananya Maurya,HR,Kanpur,Evening,Present,8.54,2026-01
2026-01-09,E1032,Ananya Maurya,HR,Kanpur,Evening,Present,7.15,2026-01
2026-01-12,E1032,Ananya Maurya,HR,Kanpur,Evening,Present,8.62,2026-01
2026-01-13,E1032,Ananya Maurya,HR,Kanpur,Evening,Present,8.72,2026-01
2026-01-14,E1032,Ananya Maurya,HR,Kanpur,Evening,Present,7.94,2026-01
2026-01-15,E1032,Ananya Maurya,HR,Kanpur,Evening,Present,8.07,2026-01
2026-01-16,E1032,Ananya Maurya,HR,Kanpur,Evening,Present,8.79,2026-01
2026-01-19,E1032,Ananya Maurya,HR,Kanpur,Evening,Present,8.4,2026-01
2026-01-20,E1032,Ananya Maurya,HR,Kanpur,Evening,Present,7.95,2026-01
2026-01-21,E1032,Ananya Maurya,HR,Kanpur,Evening,Present,8.0,2026-01
2026-01-22,E1032,Ananya Maurya,HR,Kanpur,Evening,Present,8.33,2026-01
2026-01-23,E1032,Ananya Maurya,HR,Kanpur,Evening,Present,8.97,2026-01
2026-01-26,E1032,Ananya Maurya,HR,Kanpur,Evening,Late,7.41,2026-01
2026-01-27,E1032,Ananya Maurya,HR,Kanpur,Evening,Present,7.94,2026-01
2026-01-28,E1032,Ananya Maurya,HR,Kanpur,Evening,Present,8.12,2026-01
2026-01-29,E1032,Ananya Maurya,HR,Kanpur,Evening,Present,8.12,2026-01
2026-01-30,E1032,Ananya Maurya,HR,Kanpur,Evening,Present,8.25,2026-01
2026-02-02,E1032,Ananya Maurya,HR,Kanpur,Evening,Present,8.07,2026-02
2026-02-03,E1032,Ananya Maurya,HR,Kanpur,Evening,Present,8.65,2026-02
2026-02-04,E1032,Ananya Maurya,HR,Kanpur,Evening,Present,7.71,2026-02
2026-02-05,E1032,Ananya Maurya,HR,Kanpur,Evening,Present,8.3,2026-02
2026-02-06,E1032,Ananya Maurya,HR,Kanpur,Evening,Present,8.31,2026-02
2026-02-09,E1032,Ananya Maurya,HR,Kanpur,Evening,Present,7.74,2026-02
2026-02-10,E1032,Ananya Maurya,HR,Kanpur,Evening,Present,8.29,2026-02
2026-02-11,E1032,Ananya Maurya,HR,Kanpur,Evening,Present,8.33,2026-02
2026-02-12,E1032,Ananya Maurya,HR,Kanpur,Evening,Absent,0.0,2026-02
2026-02-13,E1032,Ananya Maurya,HR,Kanpur,Evening,Present,6.98,2026-02
2026-02-16,E1032,Ananya Maurya,HR,Kanpur,Evening,Present,7.65,2026-02
2026-02-17,E1032,Ananya Maurya,HR,Kanpur,Evening,Present,7.97,2026-02
2026-02-18,E1032,Ananya Maurya,HR,Kanpur,Evening,Late,8.0,2026-02
2026-02-19,E1032,Ananya Maurya,HR,Kanpur,Evening,Present,7.57,2026-02
2026-02-20,E1032,Ananya Maurya,HR,Kanpur,Evening,Present,8.61,2026-02
2026-02-23,E1032,Ananya Maurya,HR,Kanpur,Evening,Present,7.32,2026-02
2026-02-24,E1032,Ananya Maurya,HR,Kanpur,Evening,Present,9.26,2026-02
2026-02-25,E1032,Ananya Maurya,HR,Kanpur,Evening,Present,7.49,2026-02
2026-02-26,E1032,Ananya Maurya,HR,Kanpur,Evening,Present,8.64,2026-02
2026-02-27,E1032,Ananya Maurya,HR,Kanpur,Evening,Present,7.82,2026-02
2026-03-02,E1032,Ananya Maurya,HR,Kanpur,Evening,Present,8.38,2026-03
2026-03-03,E1032,Ananya Maurya,HR,Kanpur,Evening,Present,8.9,2026-03
2026-03-04,E1032,Ananya Maurya,HR,Kanpur,Evening,Present,7.98,2026-03
2026-03-05,E1032,Ananya Maurya,HR,Kanpur,Evening,Present,9.2,2026-03
2026-03-06,E1032,Ananya Maurya,HR,Kanpur,Evening,Present,8.91,2026-03
2026-03-09,E1032,Ananya Maurya,HR,Kanpur,Evening,Present,7.44,2026-03
2026-03-10,E1032,Ananya Maurya,HR,Kanpur,Evening,Present,8.1,2026-03
2026-03-11,E1032,Ananya Maurya,HR,Kanpur,Evening,Present,8.0,2026-03
2026-03-12,E1032,Ananya Maurya,HR,Kanpur,Evening,Present,8.13,2026-03
2026-03-13,E1032,Ananya Maurya,HR,Kanpur,Evening,Late,7.32,2026-03
2026-03-16,E1032,Ananya Maurya,HR,Kanpur,Evening,Present,7.7,2026-03
2026-03-17,E1032,Ananya Maurya,HR,Kanpur,Evening,Present,8.07,2026-03
2026-03-18,E1032,Ananya Maurya,HR,Kanpur,Evening,Present,8.36,2026-03
2026-03-19,E1032,Ananya Maurya,HR,Kanpur,Evening,Present,6.97,2026-03
2026-03-20,E1032,Ananya Maurya,HR,Kanpur,Evening,Present,8.52,2026-03
2026-03-23,E1032,Ananya Maurya,HR,Kanpur,Evening,Present,8.18,2026-03
2026-03-24,E1032,Ananya Maurya,HR,Kanpur,Evening,Present,8.8,2026-03
2026-03-25,E1032,Ananya Maurya,HR,Kanpur,Evening,Late,7.28,2026-03
2026-03-26,E1032,Ananya Maurya,HR,Kanpur,Evening,Present,7.84,2026-03
2026-03-27,E1032,Ananya Maurya,HR,Kanpur,Evening,Present,7.74,2026-03
2026-03-30,E1032,Ananya Maurya,HR,Kanpur,Evening,Present,8.34,2026-03
2026-03-31,E1032,Ananya Maurya,HR,Kanpur,Evening,Present,7.27,2026-03
2026-01-01,E1033,Simran Verma,HR,Prayagraj,General,Present,7.55,2026-01
2026-01-02,E1033,Simran Verma,HR,Prayagraj,General,Present,8.13,2026-01
2026-01-05,E1033,Simran Verma,HR,Prayagraj,General,Present,7.52,2026-01
2026-01-06,E1033,Simran Verma,HR,Prayagraj,General,Present,8.66,2026-01
2026-01-07,E1033,Simran Verma,HR,Prayagraj,General,Present,7.92,2026-01
2026-01-08,E1033,Simran Verma,HR,Prayagraj,General,Present,8.58,2026-01
2026-01-09,E1033,Simran Verma,HR,Prayagraj,General,Present,8.37,2026-01
2026-01-12,E1033,Simran Verma,HR,Prayagraj,General,Present,9.14,2026-01
2026-01-13,E1033,Simran Verma,HR,Prayagraj,General,Present,7.43,2026-01
2026-01-14,E1033,Simran Verma,HR,Prayagraj,General,Present,7.66,2026-01
2026-01-15,E1033,Simran Verma,HR,Prayagraj,General,Present,8.55,2026-01
2026-01-16,E1033,Simran Verma,HR,Prayagraj,General,Present,8.25,2026-01
2026-01-19,E1033,Simran Verma,HR,Prayagraj,General,Present,8.0,2026-01
2026-01-20,E1033,Simran Verma,HR,Prayagraj,General,Present,9.02,2026-01
2026-01-21,E1033,Simran Verma,HR,Prayagraj,General,Present,8.1,2026-01
2026-01-22,E1033,Simran Verma,HR,Prayagraj,General,Present,7.75,2026-01
2026-01-23,E1033,Simran Verma,HR,Prayagraj,General,Present,8.59,2026-01
2026-01-26,E1033,Simran Verma,HR,Prayagraj,General,Present,8.12,2026-01
2026-01-27,E1033,Simran Verma,HR,Prayagraj,General,Present,8.15,2026-01
2026-01-28,E1033,Simran Verma,HR,Prayagraj,General,Present,8.41,2026-01
2026-01-29,E1033,Simran Verma,HR,Prayagraj,General,Present,8.43,2026-01
2026-01-30,E1033,Simran Verma,HR,Prayagraj,General,Present,7.66,2026-01
2026-02-02,E1033,Simran Verma,HR,Prayagraj,General,Present,7.97,2026-02
2026-02-03,E1033,Simran Verma,HR,Prayagraj,General,Present,7.48,2026-02
2026-02-04,E1033,Simran Verma,HR,Prayagraj,General,Present,8.26,2026-02
2026-02-05,E1033,Simran Verma,HR,Prayagraj,General,Present,8.95,2026-02
2026-02-06,E1033,Simran Verma,HR,Prayagraj,General,Present,7.67,2026-02
2026-02-09,E1033,Simran Verma,HR,Prayagraj,General,Present,7.41,2026-02
2026-02-10,E1033,Simran Verma,HR,Prayagraj,General,Present,7.82,2026-02
2026-02-11,E1033,Simran Verma,HR,Prayagraj,General,Present,7.99,2026-02
2026-02-12,E1033,Simran Verma,HR,Prayagraj,General,Present,8.43,2026-02
2026-02-13,E1033,Simran Verma,HR,Prayagraj,General,Present,7.95,2026-02
2026-02-16,E1033,Simran Verma,HR,Prayagraj,General,Present,8.27,2026-02
2026-02-17,E1033,Simran Verma,HR,Prayagraj,General,Present,7.88,2026-02
2026-02-18,E1033,Simran Verma,HR,Prayagraj,General,Present,8.02,2026-02
2026-02-19,E1033,Simran Verma,HR,Prayagraj,General,Present,7.74,2026-02
2026-02-20,E1033,Simran Verma,HR,Prayagraj,General,Present,7.6,2026-02
2026-02-23,E1033,Simran Verma,HR,Prayagraj,General,Present,8.45,2026-02
2026-02-24,E1033,Simran Verma,HR,Prayagraj,General,Present,7.91,2026-02
2026-02-25,E1033,Simran Verma,HR,Prayagraj,General,Present,8.3,2026-02
2026-02-26,E1033,Simran Verma,HR,Prayagraj,General,Present,7.73,2026-02
2026-02-27,E1033,Simran Verma,HR,Prayagraj,General,Present,8.1,2026-02
2026-03-02,E1033,Simran Verma,HR,Prayagraj,General,Present,7.16,2026-03
2026-03-03,E1033,Simran Verma,HR,Prayagraj,General,Present,7.94,2026-03
2026-03-04,E1033,Simran Verma,HR,Prayagraj,General,Present,7.77,2026-03
2026-03-05,E1033,Simran Verma,HR,Prayagraj,General,Present,8.64,2026-03
2026-03-06,E1033,Simran Verma,HR,Prayagraj,General,Present,7.53,2026-03
2026-03-09,E1033,Simran Verma,HR,Prayagraj,General,Present,8.04,2026-03
2026-03-10,E1033,Simran Verma,HR,Prayagraj,General,Present,8.25,2026-03
2026-03-11,E1033,Simran Verma,HR,Prayagraj,General,Present,8.56,2026-03
2026-03-12,E1033,Simran Verma,HR,Prayagraj,General,Present,8.49,2026-03
2026-03-13,E1033,Simran Verma,HR,Prayagraj,General,Present,8.07,2026-03
2026-03-16,E1033,Simran Verma,HR,Prayagraj,General,Present,8.13,2026-03
2026-03-17,E1033,Simran Verma,HR,Prayagraj,General,Present,8.64,2026-03
2026-03-18,E1033,Simran Verma,HR,Prayagraj,General,Present,8.06,2026-03
2026-03-19,E1033,Simran Verma,HR,Prayagraj,General,Present,8.18,2026-03
2026-03-20,E1033,Simran Verma,HR,Prayagraj,General,Present,8.65,2026-03
2026-03-23,E1033,Simran Verma,HR,Prayagraj,General,Present,9.22,2026-03
2026-03-24,E1033,Simran Verma,HR,Prayagraj,General,Present,8.22,2026-03
2026-03-25,E1033,Simran Verma,HR,Prayagraj,General,Present,8.34,2026-03
2026-03-26,E1033,Simran Verma,HR,Prayagraj,General,Present,8.48,2026-03
2026-03-27,E1033,Simran Verma,HR,Prayagraj,General,Present,8.65,2026-03
2026-03-30,E1033,Simran Verma,HR,Prayagraj,General,Present,8.58,2026-03
2026-03-31,E1033,Simran Verma,HR,Prayagraj,General,Present,7.84,2026-03
2026-01-01,E1034,Meera Das,HR,Noida,General,Present,8.13,2026-01
2026-01-02,E1034,Meera Das,HR,Noida,General,Present,8.18,2026-01
2026-01-05,E1034,Meera Das,HR,Noida,General,Present,8.55,2026-01
2026-01-06,E1034,Meera Das,HR,Noida,General,Present,7.77,2026-01
2026-01-07,E1034,Meera Das,HR,Noida,General,Present,8.11,2026-01
2026-01-08,E1034,Meera Das,HR,Noida,General,Leave,0.0,2026-01
2026-01-09,E1034,Meera Das,HR,Noida,General,Present,7.98,2026-01
2026-01-12,E1034,Meera Das,HR,Noida,General,Present,8.23,2026-01
2026-01-13,E1034,Meera Das,HR,Noida,General,Present,7.14,2026-01
2026-01-14,E1034,Meera Das,HR,Noida,General,Present,9.5,2026-01
2026-01-15,E1034,Meera Das,HR,Noida,General,Present,9.14,2026-01
2026-01-16,E1034,Meera Das,HR,Noida,General,Leave,0.0,2026-01
2026-01-19,E1034,Meera Das,HR,Noida,General,Present,8.2,2026-01
2026-01-20,E1034,Meera Das,HR,Noida,General,Present,7.85,2026-01
2026-01-21,E1034,Meera Das,HR,Noida,General,Present,8.73,2026-01
2026-01-22,E1034,Meera Das,HR,Noida,General,Present,7.93,2026-01
2026-01-23,E1034,Meera Das,HR,Noida,General,Present,7.65,2026-01
2026-01-26,E1034,Meera Das,HR,Noida,General,Present,8.92,2026-01
2026-01-27,E1034,Meera Das,HR,Noida,General,Present,8.14,2026-01
2026-01-28,E1034,Meera Das,HR,Noida,General,Present,8.84,2026-01
2026-01-29,E1034,Meera Das,HR,Noida,General,Present,8.1,2026-01
2026-01-30,E1034,Meera Das,HR,Noida,General,Late,7.51,2026-01
2026-02-02,E1034,Meera Das,HR,Noida,General,Present,7.47,2026-02
2026-02-03,E1034,Meera Das,HR,Noida,General,Present,7.92,2026-02
2026-02-04,E1034,Meera Das,HR,Noida,General,Late,7.74,2026-02
2026-02-05,E1034,Meera Das,HR,Noida,General,Present,8.41,2026-02
2026-02-06,E1034,Meera Das,HR,Noida,General,Present,8.17,2026-02
2026-02-09,E1034,Meera Das,HR,Noida,General,Late,7.36,2026-02
2026-02-10,E1034,Meera Das,HR,Noida,General,Present,8.12,2026-02
2026-02-11,E1034,Meera Das,HR,Noida,General,Present,7.63,2026-02
2026-02-12,E1034,Meera Das,HR,Noida,General,Present,8.76,2026-02
2026-02-13,E1034,Meera Das,HR,Noida,General,Present,8.46,2026-02
2026-02-16,E1034,Meera Das,HR,Noida,General,Present,8.05,2026-02
2026-02-17,E1034,Meera Das,HR,Noida,General,Present,7.9,2026-02
2026-02-18,E1034,Meera Das,HR,Noida,General,Present,8.96,2026-02
2026-02-19,E1034,Meera Das,HR,Noida,General,Present,7.83,2026-02
2026-02-20,E1034,Meera Das,HR,Noida,General,Present,8.0,2026-02
2026-02-23,E1034,Meera Das,HR,Noida,General,Leave,0.0,2026-02
2026-02-24,E1034,Meera Das,HR,Noida,General,Present,8.78,2026-02
2026-02-25,E1034,Meera Das,HR,Noida,General,Leave,0.0,2026-02
2026-02-26,E1034,Meera Das,HR,Noida,General,Present,8.21,2026-02
2026-02-27,E1034,Meera Das,HR,Noida,General,Absent,0.0,2026-02
2026-03-02,E1034,Meera Das,HR,Noida,General,Present,7.37,2026-03
2026-03-03,E1034,Meera Das,HR,Noida,General,Present,7.66,2026-03
2026-03-04,E1034,Meera Das,HR,Noida,General,Present,8.69,2026-03
2026-03-05,E1034,Meera Das,HR,Noida,General,Present,8.4,2026-03
2026-03-06,E1034,Meera Das,HR,Noida,General,Present,7.85,2026-03
2026-03-09,E1034,Meera Das,HR,Noida,General,Present,7.75,2026-03
2026-03-10,E1034,Meera Das,HR,Noida,General,Present,7.76,2026-03
2026-03-11,E1034,Meera Das,HR,Noida,General,Present,7.3,2026-03
2026-03-12,E1034,Meera Das,HR,Noida,General,Present,8.31,2026-03
2026-03-13,E1034,Meera Das,HR,Noida,General,Present,7.17,2026-03
2026-03-16,E1034,Meera Das,HR,Noida,General,Present,8.06,2026-03
2026-03-17,E1034,Meera Das,HR,Noida,General,Late,7.42,2026-03
2026-03-18,E1034,Meera Das,HR,Noida,General,Present,7.95,2026-03
2026-03-19,E1034,Meera Das,HR,Noida,General,Present,8.31,2026-03
2026-03-20,E1034,Meera Das,HR,Noida,General,Present,7.85,2026-03
2026-03-23,E1034,Meera Das,HR,Noida,General,Present,8.18,2026-03
2026-03-24,E1034,Meera Das,HR,Noida,General,Present,8.69,2026-03
2026-03-25,E1034,Meera Das,HR,Noida,General,Late,7.79,2026-03
2026-03-26,E1034,Meera Das,HR,Noida,General,Present,7.91,2026-03
2026-03-27,E1034,Meera Das,HR,Noida,General,Present,8.1,2026-03
2026-03-30,E1034,Meera Das,HR,Noida,General,Present,7.95,2026-03
2026-03-31,E1034,Meera Das,HR,Noida,General,Late,7.42,2026-03
2026-01-01,E1035,Mohit Singh,HR,Gurugram,Evening,Present,7.72,2026-01
2026-01-02,E1035,Mohit Singh,HR,Gurugram,Evening,Present,7.44,2026-01
2026-01-05,E1035,Mohit Singh,HR,Gurugram,Evening,Present,8.32,2026-01
2026-01-06,E1035,Mohit Singh,HR,Gurugram,Evening,Present,7.71,2026-01
2026-01-07,E1035,Mohit Singh,HR,Gurugram,Evening,Present,8.75,2026-01
2026-01-08,E1035,Mohit Singh,HR,Gurugram,Evening,Present,8.11,2026-01
2026-01-09,E1035,Mohit Singh,HR,Gurugram,Evening,Present,8.17,2026-01
2026-01-12,E1035,Mohit Singh,HR,Gurugram,Evening,Present,7.56,2026-01
2026-01-13,E1035,Mohit Singh,HR,Gurugram,Evening,Present,7.87,2026-01
2026-01-14,E1035,Mohit Singh,HR,Gurugram,Evening,Present,8.06,2026-01
2026-01-15,E1035,Mohit Singh,HR,Gurugram,Evening,Leave,0.0,2026-01
2026-01-16,E1035,Mohit Singh,HR,Gurugram,Evening,Late,7.31,2026-01
2026-01-19,E1035,Mohit Singh,HR,Gurugram,Evening,Present,8.04,2026-01
2026-01-20,E1035,Mohit Singh,HR,Gurugram,Evening,Present,7.92,2026-01
2026-01-21,E1035,Mohit Singh,HR,Gurugram,Evening,Leave,0.0,2026-01
2026-01-22,E1035,Mohit Singh,HR,Gurugram,Evening,Present,8.22,2026-01
2026-01-23,E1035,Mohit Singh,HR,Gurugram,Evening,Present,8.64,2026-01
2026-01-26,E1035,Mohit Singh,HR,Gurugram,Evening,Present,7.44,2026-01
2026-01-27,E1035,Mohit Singh,HR,Gurugram,Evening,Present,8.23,2026-01
2026-01-28,E1035,Mohit Singh,HR,Gurugram,Evening,Present,8.49,2026-01
2026-01-29,E1035,Mohit Singh,HR,Gurugram,Evening,Present,7.54,2026-01
2026-01-30,E1035,Mohit Singh,HR,Gurugram,Evening,Present,7.6,2026-01
2026-02-02,E1035,Mohit Singh,HR,Gurugram,Evening,Present,8.23,2026-02
2026-02-03,E1035,Mohit Singh,HR,Gurugram,Evening,Present,7.61,2026-02
2026-02-04,E1035,Mohit Singh,HR,Gurugram,Evening,Present,7.97,2026-02
2026-02-05,E1035,Mohit Singh,HR,Gurugram,Evening,Present,7.95,2026-02
2026-02-06,E1035,Mohit Singh,HR,Gurugram,Evening,Present,8.63,2026-02
2026-02-09,E1035,Mohit Singh,HR,Gurugram,Evening,Present,8.85,2026-02
2026-02-10,E1035,Mohit Singh,HR,Gurugram,Evening,Present,7.88,2026-02
2026-02-11,E1035,Mohit Singh,HR,Gurugram,Evening,Present,8.34,2026-02
2026-02-12,E1035,Mohit Singh,HR,Gurugram,Evening,Present,7.95,2026-02
2026-02-13,E1035,Mohit Singh,HR,Gurugram,Evening,Present,8.46,2026-02
2026-02-16,E1035,Mohit Singh,HR,Gurugram,Evening,Present,7.6,2026-02
2026-02-17,E1035,Mohit Singh,HR,Gurugram,Evening,Present,8.62,2026-02
2026-02-18,E1035,Mohit Singh,HR,Gurugram,Evening,Present,7.83,2026-02
2026-02-19,E1035,Mohit Singh,HR,Gurugram,Evening,Present,7.48,2026-02
2026-02-20,E1035,Mohit Singh,HR,Gurugram,Evening,Present,7.86,2026-02
2026-02-23,E1035,Mohit Singh,HR,Gurugram,Evening,Late,7.37,2026-02
2026-02-24,E1035,Mohit Singh,HR,Gurugram,Evening,Present,7.62,2026-02
2026-02-25,E1035,Mohit Singh,HR,Gurugram,Evening,Present,8.08,2026-02
2026-02-26,E1035,Mohit Singh,HR,Gurugram,Evening,Late,7.83,2026-02
2026-02-27,E1035,Mohit Singh,HR,Gurugram,Evening,Present,7.74,2026-02
2026-03-02,E1035,Mohit Singh,HR,Gurugram,Evening,Present,8.8,2026-03
2026-03-03,E1035,Mohit Singh,HR,Gurugram,Evening,Present,9.19,2026-03
2026-03-04,E1035,Mohit Singh,HR,Gurugram,Evening,Present,7.99,2026-03
2026-03-05,E1035,Mohit Singh,HR,Gurugram,Evening,Present,8.37,2026-03
2026-03-06,E1035,Mohit Singh,HR,Gurugram,Evening,Present,8.27,2026-03
2026-03-09,E1035,Mohit Singh,HR,Gurugram,Evening,Present,8.04,2026-03
2026-03-10,E1035,Mohit Singh,HR,Gurugram,Evening,Present,7.99,2026-03
2026-03-11,E1035,Mohit Singh,HR,Gurugram,Evening,Present,7.35,2026-03
2026-03-12,E1035,Mohit Singh,HR,Gurugram,Evening,Present,8.04,2026-03
2026-03-13,E1035,Mohit Singh,HR,Gurugram,Evening,Present,8.45,2026-03
2026-03-16,E1035,Mohit Singh,HR,Gurugram,Evening,Leave,0.0,2026-03
2026-03-17,E1035,Mohit Singh,HR,Gurugram,Evening,Present,7.11,2026-03
2026-03-18,E1035,Mohit Singh,HR,Gurugram,Evening,Late,7.42,2026-03
2026-03-19,E1035,Mohit Singh,HR,Gurugram,Evening,Present,8.41,2026-03
2026-03-20,E1035,Mohit Singh,HR,Gurugram,Evening,Present,8.36,2026-03
2026-03-23,E1035,Mohit Singh,HR,Gurugram,Evening,Present,7.92,2026-03
2026-03-24,E1035,Mohit Singh,HR,Gurugram,Evening,Present,8.55,2026-03
2026-03-25,E1035,Mohit Singh,HR,Gurugram,Evening,Late,8.0,2026-03
2026-03-26,E1035,Mohit Singh,HR,Gurugram,Evening,Present,8.42,2026-03
2026-03-27,E1035,Mohit Singh,HR,Gurugram,Evening,Present,7.85,2026-03
2026-03-30,E1035,Mohit Singh,HR,Gurugram,Evening,Present,8.04,2026-03
2026-03-31,E1035,Mohit Singh,HR,Gurugram,Evening,Present,8.83,2026-03
2026-01-01,E1036,Muskan Mehta,HR,Noida,Morning,Present,7.59,2026-01
2026-01-02,E1036,Muskan Mehta,HR,Noida,Morning,Present,8.32,2026-01
2026-01-05,E1036,Muskan Mehta,HR,Noida,Morning,Present,7.81,2026-01
2026-01-06,E1036,Muskan Mehta,HR,Noida,Morning,Present,7.68,2026-01
2026-01-07,E1036,Muskan Mehta,HR,Noida,Morning,Present,7.7,2026-01
2026-01-08,E1036,Muskan Mehta,HR,Noida,Morning,Late,6.21,2026-01
2026-01-09,E1036,Muskan Mehta,HR,Noida,Morning,Present,7.64,2026-01
2026-01-12,E1036,Muskan Mehta,HR,Noida,Morning,Present,8.48,2026-01
2026-01-13,E1036,Muskan Mehta,HR,Noida,Morning,Present,8.44,2026-01
2026-01-14,E1036,Muskan Mehta,HR,Noida,Morning,Present,7.57,2026-01
2026-01-15,E1036,Muskan Mehta,HR,Noida,Morning,Present,8.31,2026-01
2026-01-16,E1036,Muskan Mehta,HR,Noida,Morning,Present,7.78,2026-01
2026-01-19,E1036,Muskan Mehta,HR,Noida,Morning,Present,7.26,2026-01
2026-01-20,E1036,Muskan Mehta,HR,Noida,Morning,Present,8.49,2026-01
2026-01-21,E1036,Muskan Mehta,HR,Noida,Morning,Present,8.55,2026-01
2026-01-22,E1036,Muskan Mehta,HR,Noida,Morning,Present,7.85,2026-01
2026-01-23,E1036,Muskan Mehta,HR,Noida,Morning,Present,8.62,2026-01
2026-01-26,E1036,Muskan Mehta,HR,Noida,Morning,Present,8.06,2026-01
2026-01-27,E1036,Muskan Mehta,HR,Noida,Morning,Present,8.14,2026-01
2026-01-28,E1036,Muskan Mehta,HR,Noida,Morning,Present,8.04,2026-01
2026-01-29,E1036,Muskan Mehta,HR,Noida,Morning,Present,7.56,2026-01
2026-01-30,E1036,Muskan Mehta,HR,Noida,Morning,Present,7.99,2026-01
2026-02-02,E1036,Muskan Mehta,HR,Noida,Morning,Present,7.57,2026-02
2026-02-03,E1036,Muskan Mehta,HR,Noida,Morning,Present,8.33,2026-02
2026-02-04,E1036,Muskan Mehta,HR,Noida,Morning,Present,8.38,2026-02
2026-02-05,E1036,Muskan Mehta,HR,Noida,Morning,Present,7.26,2026-02
2026-02-06,E1036,Muskan Mehta,HR,Noida,Morning,Present,8.36,2026-02
2026-02-09,E1036,Muskan Mehta,HR,Noida,Morning,Present,8.06,2026-02
2026-02-10,E1036,Muskan Mehta,HR,Noida,Morning,Late,6.66,2026-02
2026-02-11,E1036,Muskan Mehta,HR,Noida,Morning,Present,8.19,2026-02
2026-02-12,E1036,Muskan Mehta,HR,Noida,Morning,Present,7.93,2026-02
2026-02-13,E1036,Muskan Mehta,HR,Noida,Morning,Present,7.78,2026-02
2026-02-16,E1036,Muskan Mehta,HR,Noida,Morning,Present,7.58,2026-02
2026-02-17,E1036,Muskan Mehta,HR,Noida,Morning,Present,8.26,2026-02
2026-02-18,E1036,Muskan Mehta,HR,Noida,Morning,Present,8.13,2026-02
2026-02-19,E1036,Muskan Mehta,HR,Noida,Morning,Present,8.16,2026-02
2026-02-20,E1036,Muskan Mehta,HR,Noida,Morning,Present,8.6,2026-02
2026-02-23,E1036,Muskan Mehta,HR,Noida,Morning,Present,8.78,2026-02
2026-02-24,E1036,Muskan Mehta,HR,Noida,Morning,Present,7.17,2026-02
2026-02-25,E1036,Muskan Mehta,HR,Noida,Morning,Present,8.26,2026-02
2026-02-26,E1036,Muskan Mehta,HR,Noida,Morning,Present,7.87,2026-02
2026-02-27,E1036,Muskan Mehta,HR,Noida,Morning,Present,8.33,2026-02
2026-03-02,E1036,Muskan Mehta,HR,Noida,Morning,Present,7.76,2026-03
2026-03-03,E1036,Muskan Mehta,HR,Noida,Morning,Present,8.97,2026-03
2026-03-04,E1036,Muskan Mehta,HR,Noida,Morning,Present,8.35,2026-03
2026-03-05,E1036,Muskan Mehta,HR,Noida,Morning,Late,7.4,2026-03
2026-03-06,E1036,Muskan Mehta,HR,Noida,Morning,Present,8.63,2026-03
2026-03-09,E1036,Muskan Mehta,HR,Noida,Morning,Present,7.71,2026-03
2026-03-10,E1036,Muskan Mehta,HR,Noida,Morning,Present,8.37,2026-03
2026-03-11,E1036,Muskan Mehta,HR,Noida,Morning,Present,8.0,2026-03
2026-03-12,E1036,Muskan Mehta,HR,Noida,Morning,Present,8.05,2026-03
2026-03-13,E1036,Muskan Mehta,HR,Noida,Morning,Present,8.87,2026-03
2026-03-16,E1036,Muskan Mehta,HR,Noida,Morning,Absent,0.0,2026-03
2026-03-17,E1036,Muskan Mehta,HR,Noida,Morning,Present,7.48,2026-03
2026-03-18,E1036,Muskan Mehta,HR,Noida,Morning,Present,8.37,2026-03
2026-03-19,E1036,Muskan Mehta,HR,Noida,Morning,Present,7.88,2026-03
2026-03-20,E1036,Muskan Mehta,HR,Noida,Morning,Present,8.38,2026-03
2026-03-23,E1036,Muskan Mehta,HR,Noida,Morning,Present,7.66,2026-03
2026-03-24,E1036,Muskan Mehta,HR,Noida,Morning,Present,8.19,2026-03
2026-03-25,E1036,Muskan Mehta,HR,Noida,Morning,Present,8.06,2026-03
2026-03-26,E1036,Muskan Mehta,HR,Noida,Morning,Present,7.84,2026-03
2026-03-27,E1036,Muskan Mehta,HR,Noida,Morning,Present,7.87,2026-03
2026-03-30,E1036,Muskan Mehta,HR,Noida,Morning,Present,8.06,2026-03
2026-03-31,E1036,Muskan Mehta,HR,Noida,Morning,Present,7.27,2026-03
2026-01-01,E1037,Ananya Chauhan,Finance,Varanasi,Evening,Present,7.98,2026-01
2026-01-02,E1037,Ananya Chauhan,Finance,Varanasi,Evening,Present,7.73,2026-01
2026-01-05,E1037,Ananya Chauhan,Finance,Varanasi,Evening,Present,8.23,2026-01
2026-01-06,E1037,Ananya Chauhan,Finance,Varanasi,Evening,Present,8.56,2026-01
2026-01-07,E1037,Ananya Chauhan,Finance,Varanasi,Evening,Present,7.77,2026-01
2026-01-08,E1037,Ananya Chauhan,Finance,Varanasi,Evening,Present,9.07,2026-01
2026-01-09,E1037,Ananya Chauhan,Finance,Varanasi,Evening,Present,7.67,2026-01
2026-01-12,E1037,Ananya Chauhan,Finance,Varanasi,Evening,Present,7.58,2026-01
2026-01-13,E1037,Ananya Chauhan,Finance,Varanasi,Evening,Present,8.49,2026-01
2026-01-14,E1037,Ananya Chauhan,Finance,Varanasi,Evening,Present,8.09,2026-01
2026-01-15,E1037,Ananya Chauhan,Finance,Varanasi,Evening,Present,7.75,2026-01
2026-01-16,E1037,Ananya Chauhan,Finance,Varanasi,Evening,Present,7.55,2026-01
2026-01-19,E1037,Ananya Chauhan,Finance,Varanasi,Evening,Present,7.68,2026-01
2026-01-20,E1037,Ananya Chauhan,Finance,Varanasi,Evening,Present,8.12,2026-01
2026-01-21,E1037,Ananya Chauhan,Finance,Varanasi,Evening,Late,8.0,2026-01
2026-01-22,E1037,Ananya Chauhan,Finance,Varanasi,Evening,Present,7.37,2026-01
2026-01-23,E1037,Ananya Chauhan,Finance,Varanasi,Evening,Present,8.16,2026-01
2026-01-26,E1037,Ananya Chauhan,Finance,Varanasi,Evening,Present,8.42,2026-01
2026-01-27,E1037,Ananya Chauhan,Finance,Varanasi,Evening,Present,7.87,2026-01
2026-01-28,E1037,Ananya Chauhan,Finance,Varanasi,Evening,Present,8.74,2026-01
2026-01-29,E1037,Ananya Chauhan,Finance,Varanasi,Evening,Present,8.21,2026-01
2026-01-30,E1037,Ananya Chauhan,Finance,Varanasi,Evening,Present,8.46,2026-01
2026-02-02,E1037,Ananya Chauhan,Finance,Varanasi,Evening,Present,8.44,2026-02
2026-02-03,E1037,Ananya Chauhan,Finance,Varanasi,Evening,Present,8.61,2026-02
2026-02-04,E1037,Ananya Chauhan,Finance,Varanasi,Evening,Present,8.03,2026-02
2026-02-05,E1037,Ananya Chauhan,Finance,Varanasi,Evening,Present,8.83,2026-02
2026-02-06,E1037,Ananya Chauhan,Finance,Varanasi,Evening,Present,8.06,2026-02
2026-02-09,E1037,Ananya Chauhan,Finance,Varanasi,Evening,Present,7.99,2026-02
2026-02-10,E1037,Ananya Chauhan,Finance,Varanasi,Evening,Present,7.97,2026-02
2026-02-11,E1037,Ananya Chauhan,Finance,Varanasi,Evening,Present,7.94,2026-02
2026-02-12,E1037,Ananya Chauhan,Finance,Varanasi,Evening,Present,7.94,2026-02
2026-02-13,E1037,Ananya Chauhan,Finance,Varanasi,Evening,Present,8.12,2026-02
2026-02-16,E1037,Ananya Chauhan,Finance,Varanasi,Evening,Present,8.14,2026-02
2026-02-17,E1037,Ananya Chauhan,Finance,Varanasi,Evening,Present,8.13,2026-02
2026-02-18,E1037,Ananya Chauhan,Finance,Varanasi,Evening,Present,8.01,2026-02
2026-02-19,E1037,Ananya Chauhan,Finance,Varanasi,Evening,Present,8.44,2026-02
2026-02-20,E1037,Ananya Chauhan,Finance,Varanasi,Evening,Present,8.18,2026-02
2026-02-23,E1037,Ananya Chauhan,Finance,Varanasi,Evening,Present,8.29,2026-02
2026-02-24,E1037,Ananya Chauhan,Finance,Varanasi,Evening,Late,7.04,2026-02
2026-02-25,E1037,Ananya Chauhan,Finance,Varanasi,Evening,Present,7.55,2026-02
2026-02-26,E1037,Ananya Chauhan,Finance,Varanasi,Evening,Present,8.39,2026-02
2026-02-27,E1037,Ananya Chauhan,Finance,Varanasi,Evening,Present,8.47,2026-02
2026-03-02,E1037,Ananya Chauhan,Finance,Varanasi,Evening,Present,7.66,2026-03
2026-03-03,E1037,Ananya Chauhan,Finance,Varanasi,Evening,Leave,0.0,2026-03
2026-03-04,E1037,Ananya Chauhan,Finance,Varanasi,Evening,Present,7.61,2026-03
2026-03-05,E1037,Ananya Chauhan,Finance,Varanasi,Evening,Present,8.07,2026-03
2026-03-06,E1037,Ananya Chauhan,Finance,Varanasi,Evening,Present,8.21,2026-03
2026-03-09,E1037,Ananya Chauhan,Finance,Varanasi,Evening,Present,8.01,2026-03
2026-03-10,E1037,Ananya Chauhan,Finance,Varanasi,Evening,Late,7.62,2026-03
2026-03-11,E1037,Ananya Chauhan,Finance,Varanasi,Evening,Present,8.62,2026-03
2026-03-12,E1037,Ananya Chauhan,Finance,Varanasi,Evening,Present,7.75,2026-03
2026-03-13,E1037,Ananya Chauhan,Finance,Varanasi,Evening,Present,8.83,2026-03
2026-03-16,E1037,Ananya Chauhan,Finance,Varanasi,Evening,Present,7.93,2026-03
2026-03-17,E1037,Ananya Chauhan,Finance,Varanasi,Evening,Present,7.99,2026-03
2026-03-18,E1037,Ananya Chauhan,Finance,Varanasi,Evening,Present,7.25,2026-03
2026-03-19,E1037,Ananya Chauhan,Finance,Varanasi,Evening,Present,7.83,2026-03
2026-03-20,E1037,Ananya Chauhan,Finance,Varanasi,Evening,Present,8.04,2026-03
2026-03-23,E1037,Ananya Chauhan,Finance,Varanasi,Evening,Present,8.24,2026-03
2026-03-24,E1037,Ananya Chauhan,Finance,Varanasi,Evening,Present,7.61,2026-03
2026-03-25,E1037,Ananya Chauhan,Finance,Varanasi,Evening,Present,7.77,2026-03
2026-03-26,E1037,Ananya Chauhan,Finance,Varanasi,Evening,Present,8.85,2026-03
2026-03-27,E1037,Ananya Chauhan,Finance,Varanasi,Evening,Present,8.58,2026-03
2026-03-30,E1037,Ananya Chauhan,Finance,Varanasi,Evening,Present,8.67,2026-03
2026-03-31,E1037,Ananya Chauhan,Finance,Varanasi,Evening,Present,8.07,2026-03
2026-01-01,E1038,Ananya Jain,Finance,Lucknow,General,Present,8.22,2026-01
2026-01-02,E1038,Ananya Jain,Finance,Lucknow,General,Present,8.32,2026-01
2026-01-05,E1038,Ananya Jain,Finance,Lucknow,General,Present,8.04,2026-01
2026-01-06,E1038,Ananya Jain,Finance,Lucknow,General,Present,8.6,2026-01
2026-01-07,E1038,Ananya Jain,Finance,Lucknow,General,Present,7.76,2026-01
2026-01-08,E1038,Ananya Jain,Finance,Lucknow,General,Present,8.08,2026-01
2026-01-09,E1038,Ananya Jain,Finance,Lucknow,General,Present,7.99,2026-01
2026-01-12,E1038,Ananya Jain,Finance,Lucknow,General,Present,8.24,2026-01
2026-01-13,E1038,Ananya Jain,Finance,Lucknow,General,Present,7.26,2026-01
2026-01-14,E1038,Ananya Jain,Finance,Lucknow,General,Present,8.15,2026-01
2026-01-15,E1038,Ananya Jain,Finance,Lucknow,General,Present,7.67,2026-01
2026-01-16,E1038,Ananya Jain,Finance,Lucknow,General,Present,7.83,2026-01
2026-01-19,E1038,Ananya Jain,Finance,Lucknow,General,Present,8.03,2026-01
2026-01-20,E1038,Ananya Jain,Finance,Lucknow,General,Present,8.78,2026-01
2026-01-21,E1038,Ananya Jain,Finance,Lucknow,General,Present,8.31,2026-01
2026-01-22,E1038,Ananya Jain,Finance,Lucknow,General,Present,8.02,2026-01
2026-01-23,E1038,Ananya Jain,Finance,Lucknow,General,Leave,0.0,2026-01
2026-01-26,E1038,Ananya Jain,Finance,Lucknow,General,Present,8.92,2026-01
2026-01-27,E1038,Ananya Jain,Finance,Lucknow,General,Leave,0.0,2026-01
2026-01-28,E1038,Ananya Jain,Finance,Lucknow,General,Present,7.95,2026-01
2026-01-29,E1038,Ananya Jain,Finance,Lucknow,General,Present,7.66,2026-01
2026-01-30,E1038,Ananya Jain,Finance,Lucknow,General,Present,8.54,2026-01
2026-02-02,E1038,Ananya Jain,Finance,Lucknow,General,Present,8.06,2026-02
2026-02-03,E1038,Ananya Jain,Finance,Lucknow,General,Present,7.6,2026-02
2026-02-04,E1038,Ananya Jain,Finance,Lucknow,General,Present,8.03,2026-02
2026-02-05,E1038,Ananya Jain,Finance,Lucknow,General,Present,8.52,2026-02
2026-02-06,E1038,Ananya Jain,Finance,Lucknow,General,Present,8.5,2026-02
2026-02-09,E1038,Ananya Jain,Finance,Lucknow,General,Present,7.99,2026-02
2026-02-10,E1038,Ananya Jain,Finance,Lucknow,General,Present,8.4,2026-02
2026-02-11,E1038,Ananya Jain,Finance,Lucknow,General,Leave,0.0,2026-02
2026-02-12,E1038,Ananya Jain,Finance,Lucknow,General,Present,8.18,2026-02
2026-02-13,E1038,Ananya Jain,Finance,Lucknow,General,Present,8.21,2026-02
2026-02-16,E1038,Ananya Jain,Finance,Lucknow,General,Present,7.61,2026-02
2026-02-17,E1038,Ananya Jain,Finance,Lucknow,General,Present,8.15,2026-02
2026-02-18,E1038,Ananya Jain,Finance,Lucknow,General,Present,7.82,2026-02
2026-02-19,E1038,Ananya Jain,Finance,Lucknow,General,Present,8.32,2026-02
2026-02-20,E1038,Ananya Jain,Finance,Lucknow,General,Present,6.82,2026-02
2026-02-23,E1038,Ananya Jain,Finance,Lucknow,General,Present,7.98,2026-02
2026-02-24,E1038,Ananya Jain,Finance,Lucknow,General,Leave,0.0,2026-02
2026-02-25,E1038,Ananya Jain,Finance,Lucknow,General,Late,7.23,2026-02
2026-02-26,E1038,Ananya Jain,Finance,Lucknow,General,Present,8.48,2026-02
2026-02-27,E1038,Ananya Jain,Finance,Lucknow,General,Present,8.17,2026-02
2026-03-02,E1038,Ananya Jain,Finance,Lucknow,General,Present,7.96,2026-03
2026-03-03,E1038,Ananya Jain,Finance,Lucknow,General,Present,8.11,2026-03
2026-03-04,E1038,Ananya Jain,Finance,Lucknow,General,Present,8.59,2026-03
2026-03-05,E1038,Ananya Jain,Finance,Lucknow,General,Absent,0.0,2026-03
2026-03-06,E1038,Ananya Jain,Finance,Lucknow,General,Present,8.51,2026-03
2026-03-09,E1038,Ananya Jain,Finance,Lucknow,General,Present,7.02,2026-03
2026-03-10,E1038,Ananya Jain,Finance,Lucknow,General,Present,8.48,2026-03
2026-03-11,E1038,Ananya Jain,Finance,Lucknow,General,Leave,0.0,2026-03
2026-03-12,E1038,Ananya Jain,Finance,Lucknow,General,Present,9.23,2026-03
2026-03-13,E1038,Ananya Jain,Finance,Lucknow,General,Present,8.08,2026-03
2026-03-16,E1038,Ananya Jain,Finance,Lucknow,General,Present,8.17,2026-03
2026-03-17,E1038,Ananya Jain,Finance,Lucknow,General,Absent,0.0,2026-03
2026-03-18,E1038,Ananya Jain,Finance,Lucknow,General,Present,8.97,2026-03
2026-03-19,E1038,Ananya Jain,Finance,Lucknow,General,Present,7.83,2026-03
2026-03-20,E1038,Ananya Jain,Finance,Lucknow,General,Present,8.33,2026-03
2026-03-23,E1038,Ananya Jain,Finance,Lucknow,General,Present,8.75,2026-03
2026-03-24,E1038,Ananya Jain,Finance,Lucknow,General,Present,7.94,2026-03
2026-03-25,E1038,Ananya Jain,Finance,Lucknow,General,Present,7.27,2026-03
2026-03-26,E1038,Ananya Jain,Finance,Lucknow,General,Present,8.5,2026-03
2026-03-27,E1038,Ananya Jain,Finance,Lucknow,General,Present,8.11,2026-03
2026-03-30,E1038,Ananya Jain,Finance,Lucknow,General,Present,7.41,2026-03
2026-03-31,E1038,Ananya Jain,Finance,Lucknow,General,Present,8.17,2026-03
2026-01-01,E1039,Meera Singh,Finance,Kanpur,Morning,Present,8.13,2026-01
2026-01-02,E1039,Meera Singh,Finance,Kanpur,Morning,Present,8.31,2026-01
2026-01-05,E1039,Meera Singh,Finance,Kanpur,Morning,Present,8.58,2026-01
2026-01-06,E1039,Meera Singh,Finance,Kanpur,Morning,Present,8.19,2026-01
2026-01-07,E1039,Meera Singh,Finance,Kanpur,Morning,Present,7.76,2026-01
2026-01-08,E1039,Meera Singh,Finance,Kanpur,Morning,Present,7.99,2026-01
2026-01-09,E1039,Meera Singh,Finance,Kanpur,Morning,Present,7.93,2026-01
2026-01-12,E1039,Meera Singh,Finance,Kanpur,Morning,Present,8.35,2026-01
2026-01-13,E1039,Meera Singh,Finance,Kanpur,Morning,Present,7.76,2026-01
2026-01-14,E1039,Meera Singh,Finance,Kanpur,Morning,Present,7.54,2026-01
2026-01-15,E1039,Meera Singh,Finance,Kanpur,Morning,Present,7.25,2026-01
2026-01-16,E1039,Meera Singh,Finance,Kanpur,Morning,Present,7.83,2026-01
2026-01-19,E1039,Meera Singh,Finance,Kanpur,Morning,Present,8.52,2026-01
2026-01-20,E1039,Meera Singh,Finance,Kanpur,Morning,Present,7.69,2026-01
2026-01-21,E1039,Meera Singh,Finance,Kanpur,Morning,Present,7.39,2026-01
2026-01-22,E1039,Meera Singh,Finance,Kanpur,Morning,Present,7.55,2026-01
2026-01-23,E1039,Meera Singh,Finance,Kanpur,Morning,Present,7.65,2026-01
2026-01-26,E1039,Meera Singh,Finance,Kanpur,Morning,Present,7.84,2026-01
2026-01-27,E1039,Meera Singh,Finance,Kanpur,Morning,Present,7.51,2026-01
2026-01-28,E1039,Meera Singh,Finance,Kanpur,Morning,Present,7.14,2026-01
2026-01-29,E1039,Meera Singh,Finance,Kanpur,Morning,Late,7.89,2026-01
2026-01-30,E1039,Meera Singh,Finance,Kanpur,Morning,Present,7.6,2026-01
2026-02-02,E1039,Meera Singh,Finance,Kanpur,Morning,Present,8.22,2026-02
2026-02-03,E1039,Meera Singh,Finance,Kanpur,Morning,Present,7.83,2026-02
2026-02-04,E1039,Meera Singh,Finance,Kanpur,Morning,Present,7.73,2026-02
2026-02-05,E1039,Meera Singh,Finance,Kanpur,Morning,Present,8.41,2026-02
2026-02-06,E1039,Meera Singh,Finance,Kanpur,Morning,Present,8.04,2026-02
2026-02-09,E1039,Meera Singh,Finance,Kanpur,Morning,Present,8.64,2026-02
2026-02-10,E1039,Meera Singh,Finance,Kanpur,Morning,Present,7.85,2026-02
2026-02-11,E1039,Meera Singh,Finance,Kanpur,Morning,Present,7.6,2026-02
2026-02-12,E1039,Meera Singh,Finance,Kanpur,Morning,Present,7.93,2026-02
2026-02-13,E1039,Meera Singh,Finance,Kanpur,Morning,Present,7.79,2026-02
2026-02-16,E1039,Meera Singh,Finance,Kanpur,Morning,Present,8.84,2026-02
2026-02-17,E1039,Meera Singh,Finance,Kanpur,Morning,Present,7.78,2026-02
2026-02-18,E1039,Meera Singh,Finance,Kanpur,Morning,Present,8.23,2026-02
2026-02-19,E1039,Meera Singh,Finance,Kanpur,Morning,Present,8.07,2026-02
2026-02-20,E1039,Meera Singh,Finance,Kanpur,Morning,Present,7.59,2026-02
2026-02-23,E1039,Meera Singh,Finance,Kanpur,Morning,Present,7.7,2026-02
2026-02-24,E1039,Meera Singh,Finance,Kanpur,Morning,Present,8.15,2026-02
2026-02-25,E1039,Meera Singh,Finance,Kanpur,Morning,Present,8.15,2026-02
2026-02-26,E1039,Meera Singh,Finance,Kanpur,Morning,Present,7.92,2026-02
2026-02-27,E1039,Meera Singh,Finance,Kanpur,Morning,Present,8.02,2026-02
2026-03-02,E1039,Meera Singh,Finance,Kanpur,Morning,Present,7.33,2026-03
2026-03-03,E1039,Meera Singh,Finance,Kanpur,Morning,Present,7.69,2026-03
2026-03-04,E1039,Meera Singh,Finance,Kanpur,Morning,Present,8.52,2026-03
2026-03-05,E1039,Meera Singh,Finance,Kanpur,Morning,Present,7.83,2026-03
2026-03-06,E1039,Meera Singh,Finance,Kanpur,Morning,Present,8.52,2026-03
2026-03-09,E1039,Meera Singh,Finance,Kanpur,Morning,Late,8.0,2026-03
2026-03-10,E1039,Meera Singh,Finance,Kanpur,Morning,Present,8.59,2026-03
2026-03-11,E1039,Meera Singh,Finance,Kanpur,Morning,Present,8.82,2026-03
2026-03-12,E1039,Meera Singh,Finance,Kanpur,Morning,Present,8.29,2026-03
2026-03-13,E1039,Meera Singh,Finance,Kanpur,Morning,Present,8.8,2026-03
2026-03-16,E1039,Meera Singh,Finance,Kanpur,Morning,Present,8.49,2026-03
2026-03-17,E1039,Meera Singh,Finance,Kanpur,Morning,Present,7.29,2026-03
2026-03-18,E1039,Meera Singh,Finance,Kanpur,Morning,Present,8.25,2026-03
2026-03-19,E1039,Meera Singh,Finance,Kanpur,Morning,Present,9.13,2026-03
2026-03-20,E1039,Meera Singh,Finance,Kanpur,Morning,Present,7.22,2026-03
2026-03-23,E1039,Meera Singh,Finance,Kanpur,Morning,Present,8.06,2026-03
2026-03-24,E1039,Meera Singh,Finance,Kanpur,Morning,Present,7.58,2026-03
2026-03-25,E1039,Meera Singh,Finance,Kanpur,Morning,Present,7.72,2026-03
2026-03-26,E1039,Meera Singh,Finance,Kanpur,Morning,Present,7.83,2026-03
2026-03-27,E1039,Meera Singh,Finance,Kanpur,Morning,Present,8.24,2026-03
2026-03-30,E1039,Meera Singh,Finance,Kanpur,Morning,Present,7.92,2026-03
2026-03-31,E1039,Meera Singh,Finance,Kanpur,Morning,Present,8.23,2026-03
2026-01-01,E1040,Riya Mishra,Finance,Gurugram,Morning,Present,8.64,2026-01
2026-01-02,E1040,Riya Mishra,Finance,Gurugram,Morning,Present,7.86,2026-01
2026-01-05,E1040,Riya Mishra,Finance,Gurugram,Morning,Present,8.11,2026-01
2026-01-06,E1040,Riya Mishra,Finance,Gurugram,Morning,Present,7.32,2026-01
2026-01-07,E1040,Riya Mishra,Finance,Gurugram,Morning,Present,7.85,2026-01
2026-01-08,E1040,Riya Mishra,Finance,Gurugram,Morning,Present,8.55,2026-01
2026-01-09,E1040,Riya Mishra,Finance,Gurugram,Morning,Present,8.39,2026-01
2026-01-12,E1040,Riya Mishra,Finance,Gurugram,Morning,Present,7.03,2026-01
2026-01-13,E1040,Riya Mishra,Finance,Gurugram,Morning,Present,9.02,2026-01
2026-01-14,E1040,Riya Mishra,Finance,Gurugram,Morning,Present,8.17,2026-01
2026-01-15,E1040,Riya Mishra,Finance,Gurugram,Morning,Present,8.18,2026-01
2026-01-16,E1040,Riya Mishra,Finance,Gurugram,Morning,Present,7.83,2026-01
2026-01-19,E1040,Riya Mishra,Finance,Gurugram,Morning,Present,7.92,2026-01
2026-01-20,E1040,Riya Mishra,Finance,Gurugram,Morning,Present,8.17,2026-01
2026-01-21,E1040,Riya Mishra,Finance,Gurugram,Morning,Present,8.36,2026-01
2026-01-22,E1040,Riya Mishra,Finance,Gurugram,Morning,Present,8.25,2026-01
2026-01-23,E1040,Riya Mishra,Finance,Gurugram,Morning,Present,7.86,2026-01
2026-01-26,E1040,Riya Mishra,Finance,Gurugram,Morning,Present,7.69,2026-01
2026-01-27,E1040,Riya Mishra,Finance,Gurugram,Morning,Late,7.02,2026-01
2026-01-28,E1040,Riya Mishra,Finance,Gurugram,Morning,Present,8.59,2026-01
2026-01-29,E1040,Riya Mishra,Finance,Gurugram,Morning,Present,8.52,2026-01
2026-01-30,E1040,Riya Mishra,Finance,Gurugram,Morning,Leave,0.0,2026-01
2026-02-02,E1040,Riya Mishra,Finance,Gurugram,Morning,Leave,0.0,2026-02
2026-02-03,E1040,Riya Mishra,Finance,Gurugram,Morning,Present,8.32,2026-02
2026-02-04,E1040,Riya Mishra,Finance,Gurugram,Morning,Present,8.58,2026-02
2026-02-05,E1040,Riya Mishra,Finance,Gurugram,Morning,Present,8.04,2026-02
2026-02-06,E1040,Riya Mishra,Finance,Gurugram,Morning,Present,8.48,2026-02
2026-02-09,E1040,Riya Mishra,Finance,Gurugram,Morning,Present,8.34,2026-02
2026-02-10,E1040,Riya Mishra,Finance,Gurugram,Morning,Present,8.49,2026-02
2026-02-11,E1040,Riya Mishra,Finance,Gurugram,Morning,Present,7.62,2026-02
2026-02-12,E1040,Riya Mishra,Finance,Gurugram,Morning,Late,6.25,2026-02
2026-02-13,E1040,Riya Mishra,Finance,Gurugram,Morning,Present,8.22,2026-02
2026-02-16,E1040,Riya Mishra,Finance,Gurugram,Morning,Present,7.22,2026-02
2026-02-17,E1040,Riya Mishra,Finance,Gurugram,Morning,Leave,0.0,2026-02
2026-02-18,E1040,Riya Mishra,Finance,Gurugram,Morning,Present,7.11,2026-02
2026-02-19,E1040,Riya Mishra,Finance,Gurugram,Morning,Present,7.95,2026-02
2026-02-20,E1040,Riya Mishra,Finance,Gurugram,Morning,Present,7.65,2026-02
2026-02-23,E1040,Riya Mishra,Finance,Gurugram,Morning,Present,8.51,2026-02
2026-02-24,E1040,Riya Mishra,Finance,Gurugram,Morning,Present,7.96,2026-02
2026-02-25,E1040,Riya Mishra,Finance,Gurugram,Morning,Present,8.15,2026-02
2026-02-26,E1040,Riya Mishra,Finance,Gurugram,Morning,Present,8.04,2026-02
2026-02-27,E1040,Riya Mishra,Finance,Gurugram,Morning,Present,8.54,2026-02
2026-03-02,E1040,Riya Mishra,Finance,Gurugram,Morning,Present,8.55,2026-03
2026-03-03,E1040,Riya Mishra,Finance,Gurugram,Morning,Present,8.34,2026-03
2026-03-04,E1040,Riya Mishra,Finance,Gurugram,Morning,Present,8.24,2026-03
2026-03-05,E1040,Riya Mishra,Finance,Gurugram,Morning,Present,7.39,2026-03
2026-03-06,E1040,Riya Mishra,Finance,Gurugram,Morning,Present,8.0,2026-03
2026-03-09,E1040,Riya Mishra,Finance,Gurugram,Morning,Present,8.63,2026-03
2026-03-10,E1040,Riya Mishra,Finance,Gurugram,Morning,Present,8.19,2026-03
2026-03-11,E1040,Riya Mishra,Finance,Gurugram,Morning,Present,7.96,2026-03
2026-03-12,E1040,Riya Mishra,Finance,Gurugram,Morning,Present,7.88,2026-03
2026-03-13,E1040,Riya Mishra,Finance,Gurugram,Morning,Present,7.88,2026-03
2026-03-16,E1040,Riya Mishra,Finance,Gurugram,Morning,Present,8.14,2026-03
2026-03-17,E1040,Riya Mishra,Finance,Gurugram,Morning,Present,7.83,2026-03
2026-03-18,E1040,Riya Mishra,Finance,Gurugram,Morning,Present,8.59,2026-03
2026-03-19,E1040,Riya Mishra,Finance,Gurugram,Morning,Present,7.33,2026-03
2026-03-20,E1040,Riya Mishra,Finance,Gurugram,Morning,Present,8.44,2026-03
2026-03-23,E1040,Riya Mishra,Finance,Gurugram,Morning,Present,8.73,2026-03
2026-03-24,E1040,Riya Mishra,Finance,Gurugram,Morning,Present,7.62,2026-03
2026-03-25,E1040,Riya Mishra,Finance,Gurugram,Morning,Present,8.38,2026-03
2026-03-26,E1040,Riya Mishra,Finance,Gurugram,Morning,Present,8.27,2026-03
2026-03-27,E1040,Riya Mishra,Finance,Gurugram,Morning,Present,7.74,2026-03
2026-03-30,E1040,Riya Mishra,Finance,Gurugram,Morning,Leave,0.0,2026-03
2026-03-31,E1040,Riya Mishra,Finance,Gurugram,Morning,Present,8.25,2026-03
2026-01-01,E1041,Diya Mishra,Finance,Noida,Morning,Present,8.42,2026-01
2026-01-02,E1041,Diya Mishra,Finance,Noida,Morning,Present,8.54,2026-01
2026-01-05,E1041,Diya Mishra,Finance,Noida,Morning,Present,8.39,2026-01
2026-01-06,E1041,Diya Mishra,Finance,Noida,Morning,Present,8.3,2026-01
2026-01-07,E1041,Diya Mishra,Finance,Noida,Morning,Present,8.19,2026-01
2026-01-08,E1041,Diya Mishra,Finance,Noida,Morning,Present,8.06,2026-01
2026-01-09,E1041,Diya Mishra,Finance,Noida,Morning,Present,8.33,2026-01
2026-01-12,E1041,Diya Mishra,Finance,Noida,Morning,Present,7.73,2026-01
2026-01-13,E1041,Diya Mishra,Finance,Noida,Morning,Present,8.49,2026-01
2026-01-14,E1041,Diya Mishra,Finance,Noida,Morning,Present,8.09,2026-01
2026-01-15,E1041,Diya Mishra,Finance,Noida,Morning,Present,8.1,2026-01
2026-01-16,E1041,Diya Mishra,Finance,Noida,Morning,Present,8.83,2026-01
2026-01-19,E1041,Diya Mishra,Finance,Noida,Morning,Present,7.54,2026-01
2026-01-20,E1041,Diya Mishra,Finance,Noida,Morning,Present,8.4,2026-01
2026-01-21,E1041,Diya Mishra,Finance,Noida,Morning,Present,8.76,2026-01
2026-01-22,E1041,Diya Mishra,Finance,Noida,Morning,Present,8.34,2026-01
2026-01-23,E1041,Diya Mishra,Finance,Noida,Morning,Present,8.2,2026-01
2026-01-26,E1041,Diya Mishra,Finance,Noida,Morning,Present,8.08,2026-01
2026-01-27,E1041,Diya Mishra,Finance,Noida,Morning,Present,8.49,2026-01
2026-01-28,E1041,Diya Mishra,Finance,Noida,Morning,Present,7.22,2026-01
2026-01-29,E1041,Diya Mishra,Finance,Noida,Morning,Present,8.32,2026-01
2026-01-30,E1041,Diya Mishra,Finance,Noida,Morning,Present,7.97,2026-01
2026-02-02,E1041,Diya Mishra,Finance,Noida,Morning,Present,8.08,2026-02
2026-02-03,E1041,Diya Mishra,Finance,Noida,Morning,Present,8.32,2026-02
2026-02-04,E1041,Diya Mishra,Finance,Noida,Morning,Present,7.68,2026-02
2026-02-05,E1041,Diya Mishra,Finance,Noida,Morning,Present,7.83,2026-02
2026-02-06,E1041,Diya Mishra,Finance,Noida,Morning,Present,8.71,2026-02
2026-02-09,E1041,Diya Mishra,Finance,Noida,Morning,Present,7.94,2026-02
2026-02-10,E1041,Diya Mishra,Finance,Noida,Morning,Present,7.59,2026-02
2026-02-11,E1041,Diya Mishra,Finance,Noida,Morning,Present,8.34,2026-02
2026-02-12,E1041,Diya Mishra,Finance,Noida,Morning,Present,8.71,2026-02
2026-02-13,E1041,Diya Mishra,Finance,Noida,Morning,Present,7.53,2026-02
2026-02-16,E1041,Diya Mishra,Finance,Noida,Morning,Present,8.57,2026-02
2026-02-17,E1041,Diya Mishra,Finance,Noida,Morning,Present,8.76,2026-02
2026-02-18,E1041,Diya Mishra,Finance,Noida,Morning,Present,8.54,2026-02
2026-02-19,E1041,Diya Mishra,Finance,Noida,Morning,Present,8.05,2026-02
2026-02-20,E1041,Diya Mishra,Finance,Noida,Morning,Present,8.59,2026-02
2026-02-23,E1041,Diya Mishra,Finance,Noida,Morning,Late,8.0,2026-02
2026-02-24,E1041,Diya Mishra,Finance,Noida,Morning,Late,6.95,2026-02
2026-02-25,E1041,Diya Mishra,Finance,Noida,Morning,Present,8.46,2026-02
2026-02-26,E1041,Diya Mishra,Finance,Noida,Morning,Present,8.16,2026-02
2026-02-27,E1041,Diya Mishra,Finance,Noida,Morning,Present,8.14,2026-02
2026-03-02,E1041,Diya Mishra,Finance,Noida,Morning,Present,7.32,2026-03
2026-03-03,E1041,Diya Mishra,Finance,Noida,Morning,Present,7.23,2026-03
2026-03-04,E1041,Diya Mishra,Finance,Noida,Morning,Present,8.16,2026-03
2026-03-05,E1041,Diya Mishra,Finance,Noida,Morning,Present,8.05,2026-03
2026-03-06,E1041,Diya Mishra,Finance,Noida,Morning,Present,8.04,2026-03
2026-03-09,E1041,Diya Mishra,Finance,Noida,Morning,Present,7.99,2026-03
2026-03-10,E1041,Diya Mishra,Finance,Noida,Morning,Present,7.67,2026-03
2026-03-11,E1041,Diya Mishra,Finance,Noida,Morning,Present,8.49,2026-03
2026-03-12,E1041,Diya Mishra,Finance,Noida,Morning,Present,8.75,2026-03
2026-03-13,E1041,Diya Mishra,Finance,Noida,Morning,Present,7.46,2026-03
2026-03-16,E1041,Diya Mishra,Finance,Noida,Morning,Present,8.41,2026-03
2026-03-17,E1041,Diya Mishra,Finance,Noida,Morning,Present,7.55,2026-03
2026-03-18,E1041,Diya Mishra,Finance,Noida,Morning,Present,7.99,2026-03
2026-03-19,E1041,Diya Mishra,Finance,Noida,Morning,Present,8.3,2026-03
2026-03-20,E1041,Diya Mishra,Finance,Noida,Morning,Late,7.16,2026-03
2026-03-23,E1041,Diya Mishra,Finance,Noida,Morning,Present,7.72,2026-03
2026-03-24,E1041,Diya Mishra,Finance,Noida,Morning,Late,7.5,2026-03
2026-03-25,E1041,Diya Mishra,Finance,Noida,Morning,Present,8.49,2026-03
2026-03-26,E1041,Diya Mishra,Finance,Noida,Morning,Present,7.87,2026-03
2026-03-27,E1041,Diya Mishra,Finance,Noida,Morning,Present,7.72,2026-03
2026-03-30,E1041,Diya Mishra,Finance,Noida,Morning,Present,7.9,2026-03
2026-03-31,E1041,Diya Mishra,Finance,Noida,Morning,Present,8.62,2026-03
2026-01-01,E1042,Aman Chauhan,Finance,Kanpur,Morning,Present,8.92,2026-01
2026-01-02,E1042,Aman Chauhan,Finance,Kanpur,Morning,Absent,0.0,2026-01
2026-01-05,E1042,Aman Chauhan,Finance,Kanpur,Morning,Present,7.95,2026-01
2026-01-06,E1042,Aman Chauhan,Finance,Kanpur,Morning,Present,8.02,2026-01
2026-01-07,E1042,Aman Chauhan,Finance,Kanpur,Morning,Present,8.43,2026-01
2026-01-08,E1042,Aman Chauhan,Finance,Kanpur,Morning,Present,8.16,2026-01
2026-01-09,E1042,Aman Chauhan,Finance,Kanpur,Morning,Present,8.9,2026-01
2026-01-12,E1042,Aman Chauhan,Finance,Kanpur,Morning,Present,7.89,2026-01
2026-01-13,E1042,Aman Chauhan,Finance,Kanpur,Morning,Present,8.71,2026-01
2026-01-14,E1042,Aman Chauhan,Finance,Kanpur,Morning,Present,7.48,2026-01
2026-01-15,E1042,Aman Chauhan,Finance,Kanpur,Morning,Present,8.16,2026-01
2026-01-16,E1042,Aman Chauhan,Finance,Kanpur,Morning,Present,8.1,2026-01
2026-01-19,E1042,Aman Chauhan,Finance,Kanpur,Morning,Present,8.72,2026-01
2026-01-20,E1042,Aman Chauhan,Finance,Kanpur,Morning,Present,7.96,2026-01
2026-01-21,E1042,Aman Chauhan,Finance,Kanpur,Morning,Late,8.0,2026-01
2026-01-22,E1042,Aman Chauhan,Finance,Kanpur,Morning,Present,7.44,2026-01
2026-01-23,E1042,Aman Chauhan,Finance,Kanpur,Morning,Present,7.77,2026-01
2026-01-26,E1042,Aman Chauhan,Finance,Kanpur,Morning,Present,7.8,2026-01
2026-01-27,E1042,Aman Chauhan,Finance,Kanpur,Morning,Present,7.54,2026-01
2026-01-28,E1042,Aman Chauhan,Finance,Kanpur,Morning,Absent,0.0,2026-01
2026-01-29,E1042,Aman Chauhan,Finance,Kanpur,Morning,Late,7.51,2026-01
2026-01-30,E1042,Aman Chauhan,Finance,Kanpur,Morning,Late,8.0,2026-01
2026-02-02,E1042,Aman Chauhan,Finance,Kanpur,Morning,Present,7.87,2026-02
2026-02-03,E1042,Aman Chauhan,Finance,Kanpur,Morning,Present,8.13,2026-02
2026-02-04,E1042,Aman Chauhan,Finance,Kanpur,Morning,Present,7.96,2026-02
2026-02-05,E1042,Aman Chauhan,Finance,Kanpur,Morning,Present,8.09,2026-02
2026-02-06,E1042,Aman Chauhan,Finance,Kanpur,Morning,Present,8.05,2026-02
2026-02-09,E1042,Aman Chauhan,Finance,Kanpur,Morning,Present,7.7,2026-02
2026-02-10,E1042,Aman Chauhan,Finance,Kanpur,Morning,Present,8.45,2026-02
2026-02-11,E1042,Aman Chauhan,Finance,Kanpur,Morning,Present,7.8,2026-02
2026-02-12,E1042,Aman Chauhan,Finance,Kanpur,Morning,Present,7.77,2026-02
2026-02-13,E1042,Aman Chauhan,Finance,Kanpur,Morning,Present,7.4,2026-02
2026-02-16,E1042,Aman Chauhan,Finance,Kanpur,Morning,Late,7.23,2026-02
2026-02-17,E1042,Aman Chauhan,Finance,Kanpur,Morning,Present,7.79,2026-02
2026-02-18,E1042,Aman Chauhan,Finance,Kanpur,Morning,Present,6.79,2026-02
2026-02-19,E1042,Aman Chauhan,Finance,Kanpur,Morning,Present,7.19,2026-02
2026-02-20,E1042,Aman Chauhan,Finance,Kanpur,Morning,Present,6.83,2026-02
2026-02-23,E1042,Aman Chauhan,Finance,Kanpur,Morning,Leave,0.0,2026-02
2026-02-24,E1042,Aman Chauhan,Finance,Kanpur,Morning,Present,8.89,2026-02
2026-02-25,E1042,Aman Chauhan,Finance,Kanpur,Morning,Present,7.92,2026-02
2026-02-26,E1042,Aman Chauhan,Finance,Kanpur,Morning,Present,8.03,2026-02
2026-02-27,E1042,Aman Chauhan,Finance,Kanpur,Morning,Present,7.48,2026-02
2026-03-02,E1042,Aman Chauhan,Finance,Kanpur,Morning,Leave,0.0,2026-03
2026-03-03,E1042,Aman Chauhan,Finance,Kanpur,Morning,Present,8.12,2026-03
2026-03-04,E1042,Aman Chauhan,Finance,Kanpur,Morning,Present,8.38,2026-03
2026-03-05,E1042,Aman Chauhan,Finance,Kanpur,Morning,Present,7.96,2026-03
2026-03-06,E1042,Aman Chauhan,Finance,Kanpur,Morning,Present,7.68,2026-03
2026-03-09,E1042,Aman Chauhan,Finance,Kanpur,Morning,Present,8.77,2026-03
2026-03-10,E1042,Aman Chauhan,Finance,Kanpur,Morning,Present,7.97,2026-03
2026-03-11,E1042,Aman Chauhan,Finance,Kanpur,Morning,Present,8.42,2026-03
2026-03-12,E1042,Aman Chauhan,Finance,Kanpur,Morning,Present,8.03,2026-03
2026-03-13,E1042,Aman Chauhan,Finance,Kanpur,Morning,Present,7.71,2026-03
2026-03-16,E1042,Aman Chauhan,Finance,Kanpur,Morning,Absent,0.0,2026-03
2026-03-17,E1042,Aman Chauhan,Finance,Kanpur,Morning,Present,8.12,2026-03
2026-03-18,E1042,Aman Chauhan,Finance,Kanpur,Morning,Present,7.68,2026-03
2026-03-19,E1042,Aman Chauhan,Finance,Kanpur,Morning,Absent,0.0,2026-03
2026-03-20,E1042,Aman Chauhan,Finance,Kanpur,Morning,Present,8.19,2026-03
2026-03-23,E1042,Aman Chauhan,Finance,Kanpur,Morning,Present,8.47,2026-03
2026-03-24,E1042,Aman Chauhan,Finance,Kanpur,Morning,Present,7.67,2026-03
2026-03-25,E1042,Aman Chauhan,Finance,Kanpur,Morning,Present,8.49,2026-03
2026-03-26,E1042,Aman Chauhan,Finance,Kanpur,Morning,Present,8.21,2026-03
2026-03-27,E1042,Aman Chauhan,Finance,Kanpur,Morning,Present,8.76,2026-03
2026-03-30,E1042,Aman Chauhan,Finance,Kanpur,Morning,Present,7.79,2026-03
2026-03-31,E1042,Aman Chauhan,Finance,Kanpur,Morning,Present,7.74,2026-03
2026-01-01,E1043,Simran Patel,Finance,Varanasi,Morning,Present,7.53,2026-01
2026-01-02,E1043,Simran Patel,Finance,Varanasi,Morning,Present,7.54,2026-01
2026-01-05,E1043,Simran Patel,Finance,Varanasi,Morning,Present,7.97,2026-01
2026-01-06,E1043,Simran Patel,Finance,Varanasi,Morning,Present,8.22,2026-01
2026-01-07,E1043,Simran Patel,Finance,Varanasi,Morning,Present,7.88,2026-01
2026-01-08,E1043,Simran Patel,Finance,Varanasi,Morning,Present,8.16,2026-01
2026-01-09,E1043,Simran Patel,Finance,Varanasi,Morning,Present,8.68,2026-01
2026-01-12,E1043,Simran Patel,Finance,Varanasi,Morning,Present,7.82,2026-01
2026-01-13,E1043,Simran Patel,Finance,Varanasi,Morning,Present,8.04,2026-01
2026-01-14,E1043,Simran Patel,Finance,Varanasi,Morning,Present,8.36,2026-01
2026-01-15,E1043,Simran Patel,Finance,Varanasi,Morning,Present,8.32,2026-01
2026-01-16,E1043,Simran Patel,Finance,Varanasi,Morning,Present,8.35,2026-01
2026-01-19,E1043,Simran Patel,Finance,Varanasi,Morning,Present,7.89,2026-01
2026-01-20,E1043,Simran Patel,Finance,Varanasi,Morning,Absent,0.0,2026-01
2026-01-21,E1043,Simran Patel,Finance,Varanasi,Morning,Present,8.45,2026-01
2026-01-22,E1043,Simran Patel,Finance,Varanasi,Morning,Present,9.17,2026-01
2026-01-23,E1043,Simran Patel,Finance,Varanasi,Morning,Present,8.63,2026-01
2026-01-26,E1043,Simran Patel,Finance,Varanasi,Morning,Present,8.43,2026-01
2026-01-27,E1043,Simran Patel,Finance,Varanasi,Morning,Present,8.15,2026-01
2026-01-28,E1043,Simran Patel,Finance,Varanasi,Morning,Present,8.11,2026-01
2026-01-29,E1043,Simran Patel,Finance,Varanasi,Morning,Present,7.96,2026-01
2026-01-30,E1043,Simran Patel,Finance,Varanasi,Morning,Present,8.19,2026-01
2026-02-02,E1043,Simran Patel,Finance,Varanasi,Morning,Present,7.88,2026-02
2026-02-03,E1043,Simran Patel,Finance,Varanasi,Morning,Present,7.56,2026-02
2026-02-04,E1043,Simran Patel,Finance,Varanasi,Morning,Present,8.08,2026-02
2026-02-05,E1043,Simran Patel,Finance,Varanasi,Morning,Present,8.23,2026-02
2026-02-06,E1043,Simran Patel,Finance,Varanasi,Morning,Present,8.53,2026-02
2026-02-09,E1043,Simran Patel,Finance,Varanasi,Morning,Absent,0.0,2026-02
2026-02-10,E1043,Simran Patel,Finance,Varanasi,Morning,Present,8.19,2026-02
2026-02-11,E1043,Simran Patel,Finance,Varanasi,Morning,Present,7.81,2026-02
2026-02-12,E1043,Simran Patel,Finance,Varanasi,Morning,Present,6.71,2026-02
2026-02-13,E1043,Simran Patel,Finance,Varanasi,Morning,Present,8.16,2026-02
2026-02-16,E1043,Simran Patel,Finance,Varanasi,Morning,Present,9.0,2026-02
2026-02-17,E1043,Simran Patel,Finance,Varanasi,Morning,Present,9.01,2026-02
2026-02-18,E1043,Simran Patel,Finance,Varanasi,Morning,Present,8.36,2026-02
2026-02-19,E1043,Simran Patel,Finance,Varanasi,Morning,Present,7.93,2026-02
2026-02-20,E1043,Simran Patel,Finance,Varanasi,Morning,Present,8.21,2026-02
2026-02-23,E1043,Simran Patel,Finance,Varanasi,Morning,Present,7.73,2026-02
2026-02-24,E1043,Simran Patel,Finance,Varanasi,Morning,Present,8.4,2026-02
2026-02-25,E1043,Simran Patel,Finance,Varanasi,Morning,Present,7.53,2026-02
2026-02-26,E1043,Simran Patel,Finance,Varanasi,Morning,Present,8.22,2026-02
2026-02-27,E1043,Simran Patel,Finance,Varanasi,Morning,Present,8.56,2026-02
2026-03-02,E1043,Simran Patel,Finance,Varanasi,Morning,Present,8.32,2026-03
2026-03-03,E1043,Simran Patel,Finance,Varanasi,Morning,Present,7.72,2026-03
2026-03-04,E1043,Simran Patel,Finance,Varanasi,Morning,Present,8.71,2026-03
2026-03-05,E1043,Simran Patel,Finance,Varanasi,Morning,Absent,0.0,2026-03
2026-03-06,E1043,Simran Patel,Finance,Varanasi,Morning,Present,8.11,2026-03
2026-03-09,E1043,Simran Patel,Finance,Varanasi,Morning,Absent,0.0,2026-03
2026-03-10,E1043,Simran Patel,Finance,Varanasi,Morning,Present,8.59,2026-03
2026-03-11,E1043,Simran Patel,Finance,Varanasi,Morning,Present,7.95,2026-03
2026-03-12,E1043,Simran Patel,Finance,Varanasi,Morning,Present,8.64,2026-03
2026-03-13,E1043,Simran Patel,Finance,Varanasi,Morning,Present,8.08,2026-03
2026-03-16,E1043,Simran Patel,Finance,Varanasi,Morning,Present,8.05,2026-03
2026-03-17,E1043,Simran Patel,Finance,Varanasi,Morning,Present,7.16,2026-03
2026-03-18,E1043,Simran Patel,Finance,Varanasi,Morning,Present,8.07,2026-03
2026-03-19,E1043,Simran Patel,Finance,Varanasi,Morning,Present,8.75,2026-03
2026-03-20,E1043,Simran Patel,Finance,Varanasi,Morning,Present,7.7,2026-03
2026-03-23,E1043,Simran Patel,Finance,Varanasi,Morning,Present,7.87,2026-03
2026-03-24,E1043,Simran Patel,Finance,Varanasi,Morning,Present,8.08,2026-03
2026-03-25,E1043,Simran Patel,Finance,Varanasi,Morning,Present,8.04,2026-03
2026-03-26,E1043,Simran Patel,Finance,Varanasi,Morning,Present,7.76,2026-03
2026-03-27,E1043,Simran Patel,Finance,Varanasi,Morning,Absent,0.0,2026-03
2026-03-30,E1043,Simran Patel,Finance,Varanasi,Morning,Present,7.18,2026-03
2026-03-31,E1043,Simran Patel,Finance,Varanasi,Morning,Present,7.98,2026-03
2026-01-01,E1044,Rahul Das,Finance,Gurugram,Morning,Present,8.4,2026-01
2026-01-02,E1044,Rahul Das,Finance,Gurugram,Morning,Present,7.68,2026-01
2026-01-05,E1044,Rahul Das,Finance,Gurugram,Morning,Present,7.8,2026-01
2026-01-06,E1044,Rahul Das,Finance,Gurugram,Morning,Present,8.62,2026-01
2026-01-07,E1044,Rahul Das,Finance,Gurugram,Morning,Present,7.94,2026-01
2026-01-08,E1044,Rahul Das,Finance,Gurugram,Morning,Leave,0.0,2026-01
2026-01-09,E1044,Rahul Das,Finance,Gurugram,Morning,Present,8.29,2026-01
2026-01-12,E1044,Rahul Das,Finance,Gurugram,Morning,Present,8.38,2026-01
2026-01-13,E1044,Rahul Das,Finance,Gurugram,Morning,Present,7.97,2026-01
2026-01-14,E1044,Rahul Das,Finance,Gurugram,Morning,Present,7.72,2026-01
2026-01-15,E1044,Rahul Das,Finance,Gurugram,Morning,Present,8.09,2026-01
2026-01-16,E1044,Rahul Das,Finance,Gurugram,Morning,Absent,0.0,2026-01
2026-01-19,E1044,Rahul Das,Finance,Gurugram,Morning,Absent,0.0,2026-01
2026-01-20,E1044,Rahul Das,Finance,Gurugram,Morning,Present,8.14,2026-01
2026-01-21,E1044,Rahul Das,Finance,Gurugram,Morning,Present,8.46,2026-01
2026-01-22,E1044,Rahul Das,Finance,Gurugram,Morning,Present,8.49,2026-01
2026-01-23,E1044,Rahul Das,Finance,Gurugram,Morning,Present,7.57,2026-01
2026-01-26,E1044,Rahul Das,Finance,Gurugram,Morning,Present,8.36,2026-01
2026-01-27,E1044,Rahul Das,Finance,Gurugram,Morning,Present,8.38,2026-01
2026-01-28,E1044,Rahul Das,Finance,Gurugram,Morning,Present,7.89,2026-01
2026-01-29,E1044,Rahul Das,Finance,Gurugram,Morning,Present,7.76,2026-01
2026-01-30,E1044,Rahul Das,Finance,Gurugram,Morning,Present,7.74,2026-01
2026-02-02,E1044,Rahul Das,Finance,Gurugram,Morning,Present,8.13,2026-02
2026-02-03,E1044,Rahul Das,Finance,Gurugram,Morning,Present,8.41,2026-02
2026-02-04,E1044,Rahul Das,Finance,Gurugram,Morning,Present,8.04,2026-02
2026-02-05,E1044,Rahul Das,Finance,Gurugram,Morning,Present,7.12,2026-02
2026-02-06,E1044,Rahul Das,Finance,Gurugram,Morning,Present,7.86,2026-02
2026-02-09,E1044,Rahul Das,Finance,Gurugram,Morning,Leave,0.0,2026-02
2026-02-10,E1044,Rahul Das,Finance,Gurugram,Morning,Present,8.12,2026-02
2026-02-11,E1044,Rahul Das,Finance,Gurugram,Morning,Present,7.52,2026-02
2026-02-12,E1044,Rahul Das,Finance,Gurugram,Morning,Present,8.15,2026-02
2026-02-13,E1044,Rahul Das,Finance,Gurugram,Morning,Present,8.38,2026-02
2026-02-16,E1044,Rahul Das,Finance,Gurugram,Morning,Present,7.8,2026-02
2026-02-17,E1044,Rahul Das,Finance,Gurugram,Morning,Late,7.71,2026-02
2026-02-18,E1044,Rahul Das,Finance,Gurugram,Morning,Present,7.63,2026-02
2026-02-19,E1044,Rahul Das,Finance,Gurugram,Morning,Present,7.73,2026-02
2026-02-20,E1044,Rahul Das,Finance,Gurugram,Morning,Present,6.94,2026-02
2026-02-23,E1044,Rahul Das,Finance,Gurugram,Morning,Absent,0.0,2026-02
2026-02-24,E1044,Rahul Das,Finance,Gurugram,Morning,Present,7.96,2026-02
2026-02-25,E1044,Rahul Das,Finance,Gurugram,Morning,Present,8.17,2026-02
2026-02-26,E1044,Rahul Das,Finance,Gurugram,Morning,Present,7.87,2026-02
2026-02-27,E1044,Rahul Das,Finance,Gurugram,Morning,Late,8.0,2026-02
2026-03-02,E1044,Rahul Das,Finance,Gurugram,Morning,Present,8.71,2026-03
2026-03-03,E1044,Rahul Das,Finance,Gurugram,Morning,Present,7.83,2026-03
2026-03-04,E1044,Rahul Das,Finance,Gurugram,Morning,Present,7.64,2026-03
2026-03-05,E1044,Rahul Das,Finance,Gurugram,Morning,Present,7.79,2026-03
2026-03-06,E1044,Rahul Das,Finance,Gurugram,Morning,Present,8.54,2026-03
2026-03-09,E1044,Rahul Das,Finance,Gurugram,Morning,Present,8.55,2026-03
2026-03-10,E1044,Rahul Das,Finance,Gurugram,Morning,Present,8.72,2026-03
2026-03-11,E1044,Rahul Das,Finance,Gurugram,Morning,Absent,0.0,2026-03
2026-03-12,E1044,Rahul Das,Finance,Gurugram,Morning,Present,7.89,2026-03
2026-03-13,E1044,Rahul Das,Finance,Gurugram,Morning,Late,7.19,2026-03
2026-03-16,E1044,Rahul Das,Finance,Gurugram,Morning,Present,8.19,2026-03
2026-03-17,E1044,Rahul Das,Finance,Gurugram,Morning,Present,7.91,2026-03
2026-03-18,E1044,Rahul Das,Finance,Gurugram,Morning,Absent,0.0,2026-03
2026-03-19,E1044,Rahul Das,Finance,Gurugram,Morning,Present,7.73,2026-03
2026-03-20,E1044,Rahul Das,Finance,Gurugram,Morning,Present,7.55,2026-03
2026-03-23,E1044,Rahul Das,Finance,Gurugram,Morning,Present,7.62,2026-03
2026-03-24,E1044,Rahul Das,Finance,Gurugram,Morning,Present,8.1,2026-03
2026-03-25,E1044,Rahul Das,Finance,Gurugram,Morning,Present,8.4,2026-03
2026-03-26,E1044,Rahul Das,Finance,Gurugram,Morning,Present,8.37,2026-03
2026-03-27,E1044,Rahul Das,Finance,Gurugram,Morning,Present,7.64,2026-03
2026-03-30,E1044,Rahul Das,Finance,Gurugram,Morning,Present,7.93,2026-03
2026-03-31,E1044,Rahul Das,Finance,Gurugram,Morning,Present,7.88,2026-03
2026-01-01,E1045,Ankit Kumar,Finance,Kanpur,Morning,Present,7.7,2026-01
2026-01-02,E1045,Ankit Kumar,Finance,Kanpur,Morning,Absent,0.0,2026-01
2026-01-05,E1045,Ankit Kumar,Finance,Kanpur,Morning,Present,8.24,2026-01
2026-01-06,E1045,Ankit Kumar,Finance,Kanpur,Morning,Present,8.47,2026-01
2026-01-07,E1045,Ankit Kumar,Finance,Kanpur,Morning,Present,8.17,2026-01
2026-01-08,E1045,Ankit Kumar,Finance,Kanpur,Morning,Present,8.58,2026-01
2026-01-09,E1045,Ankit Kumar,Finance,Kanpur,Morning,Present,7.93,2026-01
2026-01-12,E1045,Ankit Kumar,Finance,Kanpur,Morning,Present,8.85,2026-01
2026-01-13,E1045,Ankit Kumar,Finance,Kanpur,Morning,Present,8.24,2026-01
2026-01-14,E1045,Ankit Kumar,Finance,Kanpur,Morning,Present,8.3,2026-01
2026-01-15,E1045,Ankit Kumar,Finance,Kanpur,Morning,Present,7.87,2026-01
2026-01-16,E1045,Ankit Kumar,Finance,Kanpur,Morning,Present,7.52,2026-01
2026-01-19,E1045,Ankit Kumar,Finance,Kanpur,Morning,Present,8.04,2026-01
2026-01-20,E1045,Ankit Kumar,Finance,Kanpur,Morning,Present,8.59,2026-01
2026-01-21,E1045,Ankit Kumar,Finance,Kanpur,Morning,Present,7.11,2026-01
2026-01-22,E1045,Ankit Kumar,Finance,Kanpur,Morning,Present,7.89,2026-01
2026-01-23,E1045,Ankit Kumar,Finance,Kanpur,Morning,Present,8.34,2026-01
2026-01-26,E1045,Ankit Kumar,Finance,Kanpur,Morning,Late,7.5,2026-01
2026-01-27,E1045,Ankit Kumar,Finance,Kanpur,Morning,Absent,0.0,2026-01
2026-01-28,E1045,Ankit Kumar,Finance,Kanpur,Morning,Present,8.65,2026-01
2026-01-29,E1045,Ankit Kumar,Finance,Kanpur,Morning,Present,7.47,2026-01
2026-01-30,E1045,Ankit Kumar,Finance,Kanpur,Morning,Absent,0.0,2026-01
2026-02-02,E1045,Ankit Kumar,Finance,Kanpur,Morning,Present,8.68,2026-02
2026-02-03,E1045,Ankit Kumar,Finance,Kanpur,Morning,Present,8.89,2026-02
2026-02-04,E1045,Ankit Kumar,Finance,Kanpur,Morning,Present,8.57,2026-02
2026-02-05,E1045,Ankit Kumar,Finance,Kanpur,Morning,Present,7.93,2026-02
2026-02-06,E1045,Ankit Kumar,Finance,Kanpur,Morning,Present,8.3,2026-02
2026-02-09,E1045,Ankit Kumar,Finance,Kanpur,Morning,Present,8.46,2026-02
2026-02-10,E1045,Ankit Kumar,Finance,Kanpur,Morning,Present,8.54,2026-02
2026-02-11,E1045,Ankit Kumar,Finance,Kanpur,Morning,Present,8.01,2026-02
2026-02-12,E1045,Ankit Kumar,Finance,Kanpur,Morning,Absent,0.0,2026-02
2026-02-13,E1045,Ankit Kumar,Finance,Kanpur,Morning,Present,8.58,2026-02
2026-02-16,E1045,Ankit Kumar,Finance,Kanpur,Morning,Present,8.34,2026-02
2026-02-17,E1045,Ankit Kumar,Finance,Kanpur,Morning,Present,8.04,2026-02
2026-02-18,E1045,Ankit Kumar,Finance,Kanpur,Morning,Late,7.34,2026-02
2026-02-19,E1045,Ankit Kumar,Finance,Kanpur,Morning,Present,8.47,2026-02
2026-02-20,E1045,Ankit Kumar,Finance,Kanpur,Morning,Present,8.57,2026-02
2026-02-23,E1045,Ankit Kumar,Finance,Kanpur,Morning,Present,7.79,2026-02
2026-02-24,E1045,Ankit Kumar,Finance,Kanpur,Morning,Present,7.85,2026-02
2026-02-25,E1045,Ankit Kumar,Finance,Kanpur,Morning,Present,8.69,2026-02
2026-02-26,E1045,Ankit Kumar,Finance,Kanpur,Morning,Present,8.3,2026-02
2026-02-27,E1045,Ankit Kumar,Finance,Kanpur,Morning,Present,7.09,2026-02
2026-03-02,E1045,Ankit Kumar,Finance,Kanpur,Morning,Present,9.02,2026-03
2026-03-03,E1045,Ankit Kumar,Finance,Kanpur,Morning,Present,8.23,2026-03
2026-03-04,E1045,Ankit Kumar,Finance,Kanpur,Morning,Present,8.17,2026-03
2026-03-05,E1045,Ankit Kumar,Finance,Kanpur,Morning,Present,8.23,2026-03
2026-03-06,E1045,Ankit Kumar,Finance,Kanpur,Morning,Present,8.14,2026-03
2026-03-09,E1045,Ankit Kumar,Finance,Kanpur,Morning,Present,7.95,2026-03
2026-03-10,E1045,Ankit Kumar,Finance,Kanpur,Morning,Present,7.8,2026-03
2026-03-11,E1045,Ankit Kumar,Finance,Kanpur,Morning,Present,8.0,2026-03
2026-03-12,E1045,Ankit Kumar,Finance,Kanpur,Morning,Absent,0.0,2026-03
2026-03-13,E1045,Ankit Kumar,Finance,Kanpur,Morning,Present,7.8,2026-03
2026-03-16,E1045,Ankit Kumar,Finance,Kanpur,Morning,Present,8.08,2026-03
2026-03-17,E1045,Ankit Kumar,Finance,Kanpur,Morning,Present,8.42,2026-03
2026-03-18,E1045,Ankit Kumar,Finance,Kanpur,Morning,Present,9.5,2026-03
2026-03-19,E1045,Ankit Kumar,Finance,Kanpur,Morning,Present,7.91,2026-03
2026-03-20,E1045,Ankit Kumar,Finance,Kanpur,Morning,Present,7.9,2026-03
2026-03-23,E1045,Ankit Kumar,Finance,Kanpur,Morning,Present,8.43,2026-03
2026-03-24,E1045,Ankit Kumar,Finance,Kanpur,Morning,Present,7.53,2026-03
2026-03-25,E1045,Ankit Kumar,Finance,Kanpur,Morning,Present,7.77,2026-03
2026-03-26,E1045,Ankit Kumar,Finance,Kanpur,Morning,Present,8.04,2026-03
2026-03-27,E1045,Ankit Kumar,Finance,Kanpur,Morning,Absent,0.0,2026-03
2026-03-30,E1045,Ankit Kumar,Finance,Kanpur,Morning,Present,7.85,2026-03
2026-03-31,E1045,Ankit Kumar,Finance,Kanpur,Morning,Present,8.11,2026-03
2026-01-01,E1046,Diya Kumar,Finance,Prayagraj,Evening,Absent,0.0,2026-01
2026-01-02,E1046,Diya Kumar,Finance,Prayagraj,Evening,Present,9.02,2026-01
2026-01-05,E1046,Diya Kumar,Finance,Prayagraj,Evening,Present,7.38,2026-01
2026-01-06,E1046,Diya Kumar,Finance,Prayagraj,Evening,Present,8.01,2026-01
2026-01-07,E1046,Diya Kumar,Finance,Prayagraj,Evening,Present,7.28,2026-01
2026-01-08,E1046,Diya Kumar,Finance,Prayagraj,Evening,Present,8.57,2026-01
2026-01-09,E1046,Diya Kumar,Finance,Prayagraj,Evening,Present,8.32,2026-01
2026-01-12,E1046,Diya Kumar,Finance,Prayagraj,Evening,Present,8.54,2026-01
2026-01-13,E1046,Diya Kumar,Finance,Prayagraj,Evening,Absent,0.0,2026-01
2026-01-14,E1046,Diya Kumar,Finance,Prayagraj,Evening,Absent,0.0,2026-01
2026-01-15,E1046,Diya Kumar,Finance,Prayagraj,Evening,Present,8.2,2026-01
2026-01-16,E1046,Diya Kumar,Finance,Prayagraj,Evening,Present,8.51,2026-01
2026-01-19,E1046,Diya Kumar,Finance,Prayagraj,Evening,Present,7.98,2026-01
2026-01-20,E1046,Diya Kumar,Finance,Prayagraj,Evening,Present,7.37,2026-01
2026-01-21,E1046,Diya Kumar,Finance,Prayagraj,Evening,Present,7.71,2026-01
2026-01-22,E1046,Diya Kumar,Finance,Prayagraj,Evening,Present,8.53,2026-01
2026-01-23,E1046,Diya Kumar,Finance,Prayagraj,Evening,Present,8.78,2026-01
2026-01-26,E1046,Diya Kumar,Finance,Prayagraj,Evening,Present,7.87,2026-01
2026-01-27,E1046,Diya Kumar,Finance,Prayagraj,Evening,Absent,0.0,2026-01
2026-01-28,E1046,Diya Kumar,Finance,Prayagraj,Evening,Present,7.17,2026-01
2026-01-29,E1046,Diya Kumar,Finance,Prayagraj,Evening,Present,8.09,2026-01
2026-01-30,E1046,Diya Kumar,Finance,Prayagraj,Evening,Leave,0.0,2026-01
2026-02-02,E1046,Diya Kumar,Finance,Prayagraj,Evening,Present,8.0,2026-02
2026-02-03,E1046,Diya Kumar,Finance,Prayagraj,Evening,Leave,0.0,2026-02
2026-02-04,E1046,Diya Kumar,Finance,Prayagraj,Evening,Present,8.23,2026-02
2026-02-05,E1046,Diya Kumar,Finance,Prayagraj,Evening,Absent,0.0,2026-02
2026-02-06,E1046,Diya Kumar,Finance,Prayagraj,Evening,Present,8.16,2026-02
2026-02-09,E1046,Diya Kumar,Finance,Prayagraj,Evening,Absent,0.0,2026-02
2026-02-10,E1046,Diya Kumar,Finance,Prayagraj,Evening,Present,7.21,2026-02
2026-02-11,E1046,Diya Kumar,Finance,Prayagraj,Evening,Present,7.96,2026-02
2026-02-12,E1046,Diya Kumar,Finance,Prayagraj,Evening,Present,8.57,2026-02
2026-02-13,E1046,Diya Kumar,Finance,Prayagraj,Evening,Present,8.43,2026-02
2026-02-16,E1046,Diya Kumar,Finance,Prayagraj,Evening,Present,8.01,2026-02
2026-02-17,E1046,Diya Kumar,Finance,Prayagraj,Evening,Present,8.09,2026-02
2026-02-18,E1046,Diya Kumar,Finance,Prayagraj,Evening,Present,8.23,2026-02
2026-02-19,E1046,Diya Kumar,Finance,Prayagraj,Evening,Present,7.57,2026-02
2026-02-20,E1046,Diya Kumar,Finance,Prayagraj,Evening,Absent,0.0,2026-02
2026-02-23,E1046,Diya Kumar,Finance,Prayagraj,Evening,Present,8.0,2026-02
2026-02-24,E1046,Diya Kumar,Finance,Prayagraj,Evening,Present,8.81,2026-02
2026-02-25,E1046,Diya Kumar,Finance,Prayagraj,Evening,Absent,0.0,2026-02
2026-02-26,E1046,Diya Kumar,Finance,Prayagraj,Evening,Absent,0.0,2026-02
2026-02-27,E1046,Diya Kumar,Finance,Prayagraj,Evening,Present,8.39,2026-02
2026-03-02,E1046,Diya Kumar,Finance,Prayagraj,Evening,Present,8.88,2026-03
2026-03-03,E1046,Diya Kumar,Finance,Prayagraj,Evening,Present,9.02,2026-03
2026-03-04,E1046,Diya Kumar,Finance,Prayagraj,Evening,Present,7.32,2026-03
2026-03-05,E1046,Diya Kumar,Finance,Prayagraj,Evening,Present,8.2,2026-03
2026-03-06,E1046,Diya Kumar,Finance,Prayagraj,Evening,Present,8.14,2026-03
2026-03-09,E1046,Diya Kumar,Finance,Prayagraj,Evening,Present,7.91,2026-03
2026-03-10,E1046,Diya Kumar,Finance,Prayagraj,Evening,Absent,0.0,2026-03
2026-03-11,E1046,Diya Kumar,Finance,Prayagraj,Evening,Present,8.14,2026-03
2026-03-12,E1046,Diya Kumar,Finance,Prayagraj,Evening,Late,7.14,2026-03
2026-03-13,E1046,Diya Kumar,Finance,Prayagraj,Evening,Absent,0.0,2026-03
2026-03-16,E1046,Diya Kumar,Finance,Prayagraj,Evening,Present,8.38,2026-03
2026-03-17,E1046,Diya Kumar,Finance,Prayagraj,Evening,Present,7.98,2026-03
2026-03-18,E1046,Diya Kumar,Finance,Prayagraj,Evening,Present,7.88,2026-03
2026-03-19,E1046,Diya Kumar,Finance,Prayagraj,Evening,Present,8.05,2026-03
2026-03-20,E1046,Diya Kumar,Finance,Prayagraj,Evening,Present,8.24,2026-03
2026-03-23,E1046,Diya Kumar,Finance,Prayagraj,Evening,Present,8.16,2026-03
2026-03-24,E1046,Diya Kumar,Finance,Prayagraj,Evening,Late,7.53,2026-03
2026-03-25,E1046,Diya Kumar,Finance,Prayagraj,Evening,Present,7.8,2026-03
2026-03-26,E1046,Diya Kumar,Finance,Prayagraj,Evening,Absent,0.0,2026-03
2026-03-27,E1046,Diya Kumar,Finance,Prayagraj,Evening,Present,8.56,2026-03
2026-03-30,E1046,Diya Kumar,Finance,Prayagraj,Evening,Present,8.33,2026-03
2026-03-31,E1046,Diya Kumar,Finance,Prayagraj,Evening,Absent,0.0,2026-03
2026-01-01,E1047,Sahil Yadav,Finance,Prayagraj,General,Present,8.19,2026-01
2026-01-02,E1047,Sahil Yadav,Finance,Prayagraj,General,Present,7.62,2026-01
2026-01-05,E1047,Sahil Yadav,Finance,Prayagraj,General,Present,8.14,2026-01
2026-01-06,E1047,Sahil Yadav,Finance,Prayagraj,General,Present,8.08,2026-01
2026-01-07,E1047,Sahil Yadav,Finance,Prayagraj,General,Late,6.8,2026-01
2026-01-08,E1047,Sahil Yadav,Finance,Prayagraj,General,Present,8.85,2026-01
2026-01-09,E1047,Sahil Yadav,Finance,Prayagraj,General,Present,7.83,2026-01
2026-01-12,E1047,Sahil Yadav,Finance,Prayagraj,General,Present,7.48,2026-01
2026-01-13,E1047,Sahil Yadav,Finance,Prayagraj,General,Leave,0.0,2026-01
2026-01-14,E1047,Sahil Yadav,Finance,Prayagraj,General,Present,7.9,2026-01
2026-01-15,E1047,Sahil Yadav,Finance,Prayagraj,General,Present,7.81,2026-01
2026-01-16,E1047,Sahil Yadav,Finance,Prayagraj,General,Present,8.37,2026-01
2026-01-19,E1047,Sahil Yadav,Finance,Prayagraj,General,Present,8.36,2026-01
2026-01-20,E1047,Sahil Yadav,Finance,Prayagraj,General,Present,8.4,2026-01
2026-01-21,E1047,Sahil Yadav,Finance,Prayagraj,General,Present,7.95,2026-01
2026-01-22,E1047,Sahil Yadav,Finance,Prayagraj,General,Present,8.16,2026-01
2026-01-23,E1047,Sahil Yadav,Finance,Prayagraj,General,Present,8.12,2026-01
2026-01-26,E1047,Sahil Yadav,Finance,Prayagraj,General,Present,8.74,2026-01
2026-01-27,E1047,Sahil Yadav,Finance,Prayagraj,General,Present,7.9,2026-01
2026-01-28,E1047,Sahil Yadav,Finance,Prayagraj,General,Present,7.85,2026-01
2026-01-29,E1047,Sahil Yadav,Finance,Prayagraj,General,Present,7.91,2026-01
2026-01-30,E1047,Sahil Yadav,Finance,Prayagraj,General,Present,8.58,2026-01
2026-02-02,E1047,Sahil Yadav,Finance,Prayagraj,General,Present,8.46,2026-02
2026-02-03,E1047,Sahil Yadav,Finance,Prayagraj,General,Present,7.57,2026-02
2026-02-04,E1047,Sahil Yadav,Finance,Prayagraj,General,Present,7.55,2026-02
2026-02-05,E1047,Sahil Yadav,Finance,Prayagraj,General,Present,8.29,2026-02
2026-02-06,E1047,Sahil Yadav,Finance,Prayagraj,General,Leave,0.0,2026-02
2026-02-09,E1047,Sahil Yadav,Finance,Prayagraj,General,Present,7.71,2026-02
2026-02-10,E1047,Sahil Yadav,Finance,Prayagraj,General,Present,8.1,2026-02
2026-02-11,E1047,Sahil Yadav,Finance,Prayagraj,General,Present,8.02,2026-02
2026-02-12,E1047,Sahil Yadav,Finance,Prayagraj,General,Present,7.59,2026-02
2026-02-13,E1047,Sahil Yadav,Finance,Prayagraj,General,Present,8.06,2026-02
2026-02-16,E1047,Sahil Yadav,Finance,Prayagraj,General,Present,8.11,2026-02
2026-02-17,E1047,Sahil Yadav,Finance,Prayagraj,General,Present,7.87,2026-02
2026-02-18,E1047,Sahil Yadav,Finance,Prayagraj,General,Present,8.03,2026-02
2026-02-19,E1047,Sahil Yadav,Finance,Prayagraj,General,Late,7.12,2026-02
2026-02-20,E1047,Sahil Yadav,Finance,Prayagraj,General,Present,7.59,2026-02
2026-02-23,E1047,Sahil Yadav,Finance,Prayagraj,General,Present,7.91,2026-02
2026-02-24,E1047,Sahil Yadav,Finance,Prayagraj,General,Present,7.65,2026-02
2026-02-25,E1047,Sahil Yadav,Finance,Prayagraj,General,Present,7.51,2026-02
2026-02-26,E1047,Sahil Yadav,Finance,Prayagraj,General,Present,7.27,2026-02
2026-02-27,E1047,Sahil Yadav,Finance,Prayagraj,General,Present,8.2,2026-02
2026-03-02,E1047,Sahil Yadav,Finance,Prayagraj,General,Late,7.28,2026-03
2026-03-03,E1047,Sahil Yadav,Finance,Prayagraj,General,Present,8.57,2026-03
2026-03-04,E1047,Sahil Yadav,Finance,Prayagraj,General,Present,7.22,2026-03
2026-03-05,E1047,Sahil Yadav,Finance,Prayagraj,General,Late,7.32,2026-03
2026-03-06,E1047,Sahil Yadav,Finance,Prayagraj,General,Present,8.2,2026-03
2026-03-09,E1047,Sahil Yadav,Finance,Prayagraj,General,Present,7.81,2026-03
2026-03-10,E1047,Sahil Yadav,Finance,Prayagraj,General,Present,8.08,2026-03
2026-03-11,E1047,Sahil Yadav,Finance,Prayagraj,General,Present,7.27,2026-03
2026-03-12,E1047,Sahil Yadav,Finance,Prayagraj,General,Present,7.91,2026-03
2026-03-13,E1047,Sahil Yadav,Finance,Prayagraj,General,Present,7.72,2026-03
2026-03-16,E1047,Sahil Yadav,Finance,Prayagraj,General,Present,8.52,2026-03
2026-03-17,E1047,Sahil Yadav,Finance,Prayagraj,General,Present,8.17,2026-03
2026-03-18,E1047,Sahil Yadav,Finance,Prayagraj,General,Present,8.45,2026-03
2026-03-19,E1047,Sahil Yadav,Finance,Prayagraj,General,Present,8.62,2026-03
2026-03-20,E1047,Sahil Yadav,Finance,Prayagraj,General,Present,7.87,2026-03
2026-03-23,E1047,Sahil Yadav,Finance,Prayagraj,General,Present,8.15,2026-03
2026-03-24,E1047,Sahil Yadav,Finance,Prayagraj,General,Late,6.96,2026-03
2026-03-25,E1047,Sahil Yadav,Finance,Prayagraj,General,Present,8.26,2026-03
2026-03-26,E1047,Sahil Yadav,Finance,Prayagraj,General,Present,8.33,2026-03
2026-03-27,E1047,Sahil Yadav,Finance,Prayagraj,General,Present,8.23,2026-03
2026-03-30,E1047,Sahil Yadav,Finance,Prayagraj,General,Present,7.87,2026-03
2026-03-31,E1047,Sahil Yadav,Finance,Prayagraj,General,Present,8.9,2026-03
2026-01-01,E1048,Muskan Kumar,Finance,Gurugram,Morning,Present,7.92,2026-01
2026-01-02,E1048,Muskan Kumar,Finance,Gurugram,Morning,Present,6.95,2026-01
2026-01-05,E1048,Muskan Kumar,Finance,Gurugram,Morning,Present,8.3,2026-01
2026-01-06,E1048,Muskan Kumar,Finance,Gurugram,Morning,Present,7.89,2026-01
2026-01-07,E1048,Muskan Kumar,Finance,Gurugram,Morning,Present,7.77,2026-01
2026-01-08,E1048,Muskan Kumar,Finance,Gurugram,Morning,Present,8.85,2026-01
2026-01-09,E1048,Muskan Kumar,Finance,Gurugram,Morning,Present,9.1,2026-01
2026-01-12,E1048,Muskan Kumar,Finance,Gurugram,Morning,Present,8.28,2026-01
2026-01-13,E1048,Muskan Kumar,Finance,Gurugram,Morning,Late,7.1,2026-01
2026-01-14,E1048,Muskan Kumar,Finance,Gurugram,Morning,Present,8.18,2026-01
2026-01-15,E1048,Muskan Kumar,Finance,Gurugram,Morning,Present,8.09,2026-01
2026-01-16,E1048,Muskan Kumar,Finance,Gurugram,Morning,Present,8.76,2026-01
2026-01-19,E1048,Muskan Kumar,Finance,Gurugram,Morning,Present,8.49,2026-01
2026-01-20,E1048,Muskan Kumar,Finance,Gurugram,Morning,Present,8.01,2026-01
2026-01-21,E1048,Muskan Kumar,Finance,Gurugram,Morning,Present,7.92,2026-01
2026-01-22,E1048,Muskan Kumar,Finance,Gurugram,Morning,Present,8.47,2026-01
2026-01-23,E1048,Muskan Kumar,Finance,Gurugram,Morning,Present,7.41,2026-01
2026-01-26,E1048,Muskan Kumar,Finance,Gurugram,Morning,Present,7.87,2026-01
2026-01-27,E1048,Muskan Kumar,Finance,Gurugram,Morning,Present,8.38,2026-01
2026-01-28,E1048,Muskan Kumar,Finance,Gurugram,Morning,Present,7.32,2026-01
2026-01-29,E1048,Muskan Kumar,Finance,Gurugram,Morning,Present,8.31,2026-01
2026-01-30,E1048,Muskan Kumar,Finance,Gurugram,Morning,Present,8.23,2026-01
2026-02-02,E1048,Muskan Kumar,Finance,Gurugram,Morning,Present,7.8,2026-02
2026-02-03,E1048,Muskan Kumar,Finance,Gurugram,Morning,Present,8.31,2026-02
2026-02-04,E1048,Muskan Kumar,Finance,Gurugram,Morning,Present,7.83,2026-02
2026-02-05,E1048,Muskan Kumar,Finance,Gurugram,Morning,Present,8.43,2026-02
2026-02-06,E1048,Muskan Kumar,Finance,Gurugram,Morning,Present,8.26,2026-02
2026-02-09,E1048,Muskan Kumar,Finance,Gurugram,Morning,Present,8.54,2026-02
2026-02-10,E1048,Muskan Kumar,Finance,Gurugram,Morning,Present,9.05,2026-02
2026-02-11,E1048,Muskan Kumar,Finance,Gurugram,Morning,Present,8.27,2026-02
2026-02-12,E1048,Muskan Kumar,Finance,Gurugram,Morning,Present,8.6,2026-02
2026-02-13,E1048,Muskan Kumar,Finance,Gurugram,Morning,Present,7.61,2026-02
2026-02-16,E1048,Muskan Kumar,Finance,Gurugram,Morning,Present,8.37,2026-02
2026-02-17,E1048,Muskan Kumar,Finance,Gurugram,Morning,Present,7.16,2026-02
2026-02-18,E1048,Muskan Kumar,Finance,Gurugram,Morning,Present,8.4,2026-02
2026-02-19,E1048,Muskan Kumar,Finance,Gurugram,Morning,Present,7.61,2026-02
2026-02-20,E1048,Muskan Kumar,Finance,Gurugram,Morning,Present,8.47,2026-02
2026-02-23,E1048,Muskan Kumar,Finance,Gurugram,Morning,Present,8.65,2026-02
2026-02-24,E1048,Muskan Kumar,Finance,Gurugram,Morning,Present,8.37,2026-02
2026-02-25,E1048,Muskan Kumar,Finance,Gurugram,Morning,Present,7.32,2026-02
2026-02-26,E1048,Muskan Kumar,Finance,Gurugram,Morning,Present,7.93,2026-02
2026-02-27,E1048,Muskan Kumar,Finance,Gurugram,Morning,Present,7.26,2026-02
2026-03-02,E1048,Muskan Kumar,Finance,Gurugram,Morning,Late,8.0,2026-03
2026-03-03,E1048,Muskan Kumar,Finance,Gurugram,Morning,Late,7.78,2026-03
2026-03-04,E1048,Muskan Kumar,Finance,Gurugram,Morning,Present,8.44,2026-03
2026-03-05,E1048,Muskan Kumar,Finance,Gurugram,Morning,Present,7.66,2026-03
2026-03-06,E1048,Muskan Kumar,Finance,Gurugram,Morning,Present,7.73,2026-03
2026-03-09,E1048,Muskan Kumar,Finance,Gurugram,Morning,Present,8.02,2026-03
2026-03-10,E1048,Muskan Kumar,Finance,Gurugram,Morning,Present,8.54,2026-03
2026-03-11,E1048,Muskan Kumar,Finance,Gurugram,Morning,Present,7.76,2026-03
2026-03-12,E1048,Muskan Kumar,Finance,Gurugram,Morning,Present,8.96,2026-03
2026-03-13,E1048,Muskan Kumar,Finance,Gurugram,Morning,Present,7.45,2026-03
2026-03-16,E1048,Muskan Kumar,Finance,Gurugram,Morning,Present,8.02,2026-03
2026-03-17,E1048,Muskan Kumar,Finance,Gurugram,Morning,Present,8.72,2026-03
2026-03-18,E1048,Muskan Kumar,Finance,Gurugram,Morning,Late,7.01,2026-03
2026-03-19,E1048,Muskan Kumar,Finance,Gurugram,Morning,Present,7.9,2026-03
2026-03-20,E1048,Muskan Kumar,Finance,Gurugram,Morning,Late,7.59,2026-03
2026-03-23,E1048,Muskan Kumar,Finance,Gurugram,Morning,Present,7.67,2026-03
2026-03-24,E1048,Muskan Kumar,Finance,Gurugram,Morning,Present,7.38,2026-03
2026-03-25,E1048,Muskan Kumar,Finance,Gurugram,Morning,Present,7.79,2026-03
2026-03-26,E1048,Muskan Kumar,Finance,Gurugram,Morning,Present,8.65,2026-03
2026-03-27,E1048,Muskan Kumar,Finance,Gurugram,Morning,Present,8.02,2026-03
2026-03-30,E1048,Muskan Kumar,Finance,Gurugram,Morning,Absent,0.0,2026-03
2026-03-31,E1048,Muskan Kumar,Finance,Gurugram,Morning,Present,7.75,2026-03
2026-01-01,E1049,Aman Verma,Finance,Noida,Evening,Present,8.51,2026-01
2026-01-02,E1049,Aman Verma,Finance,Noida,Evening,Late,7.17,2026-01
2026-01-05,E1049,Aman Verma,Finance,Noida,Evening,Absent,0.0,2026-01
2026-01-06,E1049,Aman Verma,Finance,Noida,Evening,Present,7.94,2026-01
2026-01-07,E1049,Aman Verma,Finance,Noida,Evening,Present,8.45,2026-01
2026-01-08,E1049,Aman Verma,Finance,Noida,Evening,Present,7.63,2026-01
2026-01-09,E1049,Aman Verma,Finance,Noida,Evening,Present,8.29,2026-01
2026-01-12,E1049,Aman Verma,Finance,Noida,Evening,Present,7.95,2026-01
2026-01-13,E1049,Aman Verma,Finance,Noida,Evening,Absent,0.0,2026-01
2026-01-14,E1049,Aman Verma,Finance,Noida,Evening,Present,8.85,2026-01
2026-01-15,E1049,Aman Verma,Finance,Noida,Evening,Present,8.38,2026-01
2026-01-16,E1049,Aman Verma,Finance,Noida,Evening,Present,6.5,2026-01
2026-01-19,E1049,Aman Verma,Finance,Noida,Evening,Present,8.28,2026-01
2026-01-20,E1049,Aman Verma,Finance,Noida,Evening,Present,8.26,2026-01
2026-01-21,E1049,Aman Verma,Finance,Noida,Evening,Present,7.73,2026-01
2026-01-22,E1049,Aman Verma,Finance,Noida,Evening,Present,7.38,2026-01
2026-01-23,E1049,Aman Verma,Finance,Noida,Evening,Present,7.82,2026-01
2026-01-26,E1049,Aman Verma,Finance,Noida,Evening,Present,7.97,2026-01
2026-01-27,E1049,Aman Verma,Finance,Noida,Evening,Present,7.99,2026-01
2026-01-28,E1049,Aman Verma,Finance,Noida,Evening,Present,7.95,2026-01
2026-01-29,E1049,Aman Verma,Finance,Noida,Evening,Present,8.39,2026-01
2026-01-30,E1049,Aman Verma,Finance,Noida,Evening,Present,8.46,2026-01
2026-02-02,E1049,Aman Verma,Finance,Noida,Evening,Present,8.58,2026-02
2026-02-03,E1049,Aman Verma,Finance,Noida,Evening,Present,7.78,2026-02
2026-02-04,E1049,Aman Verma,Finance,Noida,Evening,Present,8.05,2026-02
2026-02-05,E1049,Aman Verma,Finance,Noida,Evening,Present,8.75,2026-02
2026-02-06,E1049,Aman Verma,Finance,Noida,Evening,Present,8.03,2026-02
2026-02-09,E1049,Aman Verma,Finance,Noida,Evening,Present,8.93,2026-02
2026-02-10,E1049,Aman Verma,Finance,Noida,Evening,Absent,0.0,2026-02
2026-02-11,E1049,Aman Verma,Finance,Noida,Evening,Absent,0.0,2026-02
2026-02-12,E1049,Aman Verma,Finance,Noida,Evening,Present,7.86,2026-02
2026-02-13,E1049,Aman Verma,Finance,Noida,Evening,Present,8.34,2026-02
2026-02-16,E1049,Aman Verma,Finance,Noida,Evening,Present,8.41,2026-02
2026-02-17,E1049,Aman Verma,Finance,Noida,Evening,Present,8.03,2026-02
2026-02-18,E1049,Aman Verma,Finance,Noida,Evening,Present,7.92,2026-02
2026-02-19,E1049,Aman Verma,Finance,Noida,Evening,Present,7.64,2026-02
2026-02-20,E1049,Aman Verma,Finance,Noida,Evening,Present,7.94,2026-02
2026-02-23,E1049,Aman Verma,Finance,Noida,Evening,Present,7.52,2026-02
2026-02-24,E1049,Aman Verma,Finance,Noida,Evening,Present,8.59,2026-02
2026-02-25,E1049,Aman Verma,Finance,Noida,Evening,Present,7.44,2026-02
2026-02-26,E1049,Aman Verma,Finance,Noida,Evening,Late,7.19,2026-02
2026-02-27,E1049,Aman Verma,Finance,Noida,Evening,Late,7.6,2026-02
2026-03-02,E1049,Aman Verma,Finance,Noida,Evening,Absent,0.0,2026-03
2026-03-03,E1049,Aman Verma,Finance,Noida,Evening,Present,7.25,2026-03
2026-03-04,E1049,Aman Verma,Finance,Noida,Evening,Present,8.24,2026-03
2026-03-05,E1049,Aman Verma,Finance,Noida,Evening,Present,8.34,2026-03
2026-03-06,E1049,Aman Verma,Finance,Noida,Evening,Present,8.14,2026-03
2026-03-09,E1049,Aman Verma,Finance,Noida,Evening,Present,7.41,2026-03
2026-03-10,E1049,Aman Verma,Finance,Noida,Evening,Present,8.62,2026-03
2026-03-11,E1049,Aman Verma,Finance,Noida,Evening,Present,7.86,2026-03
2026-03-12,E1049,Aman Verma,Finance,Noida,Evening,Present,7.86,2026-03
2026-03-13,E1049,Aman Verma,Finance,Noida,Evening,Present,7.78,2026-03
2026-03-16,E1049,Aman Verma,Finance,Noida,Evening,Present,8.39,2026-03
2026-03-17,E1049,Aman Verma,Finance,Noida,Evening,Present,7.84,2026-03
2026-03-18,E1049,Aman Verma,Finance,Noida,Evening,Present,7.57,2026-03
2026-03-19,E1049,Aman Verma,Finance,Noida,Evening,Present,8.52,2026-03
2026-03-20,E1049,Aman Verma,Finance,Noida,Evening,Leave,0.0,2026-03
2026-03-23,E1049,Aman Verma,Finance,Noida,Evening,Present,8.06,2026-03
2026-03-24,E1049,Aman Verma,Finance,Noida,Evening,Present,7.44,2026-03
2026-03-25,E1049,Aman Verma,Finance,Noida,Evening,Present,7.91,2026-03
2026-03-26,E1049,Aman Verma,Finance,Noida,Evening,Present,7.51,2026-03
2026-03-27,E1049,Aman Verma,Finance,Noida,Evening,Present,8.46,2026-03
2026-03-30,E1049,Aman Verma,Finance,Noida,Evening,Present,8.29,2026-03
2026-03-31,E1049,Aman Verma,Finance,Noida,Evening,Present,8.26,2026-03
2026-01-01,E1050,Sneha Gupta,Finance,Kanpur,Morning,Present,8.07,2026-01
2026-01-02,E1050,Sneha Gupta,Finance,Kanpur,Morning,Present,7.72,2026-01
2026-01-05,E1050,Sneha Gupta,Finance,Kanpur,Morning,Present,7.86,2026-01
2026-01-06,E1050,Sneha Gupta,Finance,Kanpur,Morning,Present,7.49,2026-01
2026-01-07,E1050,Sneha Gupta,Finance,Kanpur,Morning,Late,8.0,2026-01
2026-01-08,E1050,Sneha Gupta,Finance,Kanpur,Morning,Present,8.24,2026-01
2026-01-09,E1050,Sneha Gupta,Finance,Kanpur,Morning,Present,7.47,2026-01
2026-01-12,E1050,Sneha Gupta,Finance,Kanpur,Morning,Present,8.87,2026-01
2026-01-13,E1050,Sneha Gupta,Finance,Kanpur,Morning,Present,7.6,2026-01
2026-01-14,E1050,Sneha Gupta,Finance,Kanpur,Morning,Present,7.82,2026-01
2026-01-15,E1050,Sneha Gupta,Finance,Kanpur,Morning,Present,7.98,2026-01
2026-01-16,E1050,Sneha Gupta,Finance,Kanpur,Morning,Present,8.08,2026-01
2026-01-19,E1050,Sneha Gupta,Finance,Kanpur,Morning,Present,8.4,2026-01
2026-01-20,E1050,Sneha Gupta,Finance,Kanpur,Morning,Present,7.21,2026-01
2026-01-21,E1050,Sneha Gupta,Finance,Kanpur,Morning,Present,8.09,2026-01
2026-01-22,E1050,Sneha Gupta,Finance,Kanpur,Morning,Present,7.95,2026-01
2026-01-23,E1050,Sneha Gupta,Finance,Kanpur,Morning,Present,8.16,2026-01
2026-01-26,E1050,Sneha Gupta,Finance,Kanpur,Morning,Present,7.93,2026-01
2026-01-27,E1050,Sneha Gupta,Finance,Kanpur,Morning,Present,7.87,2026-01
2026-01-28,E1050,Sneha Gupta,Finance,Kanpur,Morning,Present,8.02,2026-01
2026-01-29,E1050,Sneha Gupta,Finance,Kanpur,Morning,Present,8.84,2026-01
2026-01-30,E1050,Sneha Gupta,Finance,Kanpur,Morning,Present,7.88,2026-01
2026-02-02,E1050,Sneha Gupta,Finance,Kanpur,Morning,Present,8.59,2026-02
2026-02-03,E1050,Sneha Gupta,Finance,Kanpur,Morning,Present,8.14,2026-02
2026-02-04,E1050,Sneha Gupta,Finance,Kanpur,Morning,Present,8.12,2026-02
2026-02-05,E1050,Sneha Gupta,Finance,Kanpur,Morning,Present,8.16,2026-02
2026-02-06,E1050,Sneha Gupta,Finance,Kanpur,Morning,Present,8.29,2026-02
2026-02-09,E1050,Sneha Gupta,Finance,Kanpur,Morning,Present,7.92,2026-02
2026-02-10,E1050,Sneha Gupta,Finance,Kanpur,Morning,Present,8.56,2026-02
2026-02-11,E1050,Sneha Gupta,Finance,Kanpur,Morning,Present,8.29,2026-02
2026-02-12,E1050,Sneha Gupta,Finance,Kanpur,Morning,Present,7.53,2026-02
2026-02-13,E1050,Sneha Gupta,Finance,Kanpur,Morning,Present,7.11,2026-02
2026-02-16,E1050,Sneha Gupta,Finance,Kanpur,Morning,Present,8.82,2026-02
2026-02-17,E1050,Sneha Gupta,Finance,Kanpur,Morning,Present,8.17,2026-02
2026-02-18,E1050,Sneha Gupta,Finance,Kanpur,Morning,Late,6.81,2026-02
2026-02-19,E1050,Sneha Gupta,Finance,Kanpur,Morning,Present,7.88,2026-02
2026-02-20,E1050,Sneha Gupta,Finance,Kanpur,Morning,Present,8.48,2026-02
2026-02-23,E1050,Sneha Gupta,Finance,Kanpur,Morning,Present,8.0,2026-02
2026-02-24,E1050,Sneha Gupta,Finance,Kanpur,Morning,Late,7.43,2026-02
2026-02-25,E1050,Sneha Gupta,Finance,Kanpur,Morning,Present,8.39,2026-02
2026-02-26,E1050,Sneha Gupta,Finance,Kanpur,Morning,Present,8.22,2026-02
2026-02-27,E1050,Sneha Gupta,Finance,Kanpur,Morning,Present,8.33,2026-02
2026-03-02,E1050,Sneha Gupta,Finance,Kanpur,Morning,Present,8.38,2026-03
2026-03-03,E1050,Sneha Gupta,Finance,Kanpur,Morning,Present,7.76,2026-03
2026-03-04,E1050,Sneha Gupta,Finance,Kanpur,Morning,Present,7.8,2026-03
2026-03-05,E1050,Sneha Gupta,Finance,Kanpur,Morning,Present,7.71,2026-03
2026-03-06,E1050,Sneha Gupta,Finance,Kanpur,Morning,Present,7.82,2026-03
2026-03-09,E1050,Sneha Gupta,Finance,Kanpur,Morning,Present,8.02,2026-03
2026-03-10,E1050,Sneha Gupta,Finance,Kanpur,Morning,Present,8.05,2026-03
2026-03-11,E1050,Sneha Gupta,Finance,Kanpur,Morning,Present,8.69,2026-03
2026-03-12,E1050,Sneha Gupta,Finance,Kanpur,Morning,Late,7.61,2026-03
2026-03-13,E1050,Sneha Gupta,Finance,Kanpur,Morning,Present,8.03,2026-03
2026-03-16,E1050,Sneha Gupta,Finance,Kanpur,Morning,Present,9.23,2026-03
2026-03-17,E1050,Sneha Gupta,Finance,Kanpur,Morning,Leave,0.0,2026-03
2026-03-18,E1050,Sneha Gupta,Finance,Kanpur,Morning,Present,8.3,2026-03
2026-03-19,E1050,Sneha Gupta,Finance,Kanpur,Morning,Present,7.69,2026-03
2026-03-20,E1050,Sneha Gupta,Finance,Kanpur,Morning,Present,7.5,2026-03
2026-03-23,E1050,Sneha Gupta,Finance,Kanpur,Morning,Present,9.06,2026-03
2026-03-24,E1050,Sneha Gupta,Finance,Kanpur,Morning,Present,8.86,2026-03
2026-03-25,E1050,Sneha Gupta,Finance,Kanpur,Morning,Present,7.06,2026-03
2026-03-26,E1050,Sneha Gupta,Finance,Kanpur,Morning,Present,8.84,2026-03
2026-03-27,E1050,Sneha Gupta,Finance,Kanpur,Morning,Present,7.57,2026-03
2026-03-30,E1050,Sneha Gupta,Finance,Kanpur,Morning,Late,8.0,2026-03
2026-03-31,E1050,Sneha Gupta,Finance,Kanpur,Morning,Present,7.77,2026-03
2026-01-01,E1051,Aditya Mehta,Sales,Prayagraj,Morning,Present,7.45,2026-01
2026-01-02,E1051,Aditya Mehta,Sales,Prayagraj,Morning,Present,8.09,2026-01
2026-01-05,E1051,Aditya Mehta,Sales,Prayagraj,Morning,Present,8.45,2026-01
2026-01-06,E1051,Aditya Mehta,Sales,Prayagraj,Morning,Present,7.82,2026-01
2026-01-07,E1051,Aditya Mehta,Sales,Prayagraj,Morning,Late,7.87,2026-01
2026-01-08,E1051,Aditya Mehta,Sales,Prayagraj,Morning,Late,7.52,2026-01
2026-01-09,E1051,Aditya Mehta,Sales,Prayagraj,Morning,Present,8.41,2026-01
2026-01-12,E1051,Aditya Mehta,Sales,Prayagraj,Morning,Present,8.22,2026-01
2026-01-13,E1051,Aditya Mehta,Sales,Prayagraj,Morning,Present,7.65,2026-01
2026-01-14,E1051,Aditya Mehta,Sales,Prayagraj,Morning,Present,7.95,2026-01
2026-01-15,E1051,Aditya Mehta,Sales,Prayagraj,Morning,Present,7.93,2026-01
2026-01-16,E1051,Aditya Mehta,Sales,Prayagraj,Morning,Present,7.8,2026-01
2026-01-19,E1051,Aditya Mehta,Sales,Prayagraj,Morning,Present,8.19,2026-01
2026-01-20,E1051,Aditya Mehta,Sales,Prayagraj,Morning,Present,8.96,2026-01
2026-01-21,E1051,Aditya Mehta,Sales,Prayagraj,Morning,Present,8.56,2026-01
2026-01-22,E1051,Aditya Mehta,Sales,Prayagraj,Morning,Present,8.63,2026-01
2026-01-23,E1051,Aditya Mehta,Sales,Prayagraj,Morning,Present,7.77,2026-01
2026-01-26,E1051,Aditya Mehta,Sales,Prayagraj,Morning,Present,8.63,2026-01
2026-01-27,E1051,Aditya Mehta,Sales,Prayagraj,Morning,Present,8.79,2026-01
2026-01-28,E1051,Aditya Mehta,Sales,Prayagraj,Morning,Present,7.76,2026-01
2026-01-29,E1051,Aditya Mehta,Sales,Prayagraj,Morning,Present,8.27,2026-01
2026-01-30,E1051,Aditya Mehta,Sales,Prayagraj,Morning,Present,8.28,2026-01
2026-02-02,E1051,Aditya Mehta,Sales,Prayagraj,Morning,Present,7.98,2026-02
2026-02-03,E1051,Aditya Mehta,Sales,Prayagraj,Morning,Present,8.15,2026-02
2026-02-04,E1051,Aditya Mehta,Sales,Prayagraj,Morning,Present,8.31,2026-02
2026-02-05,E1051,Aditya Mehta,Sales,Prayagraj,Morning,Present,8.0,2026-02
2026-02-06,E1051,Aditya Mehta,Sales,Prayagraj,Morning,Present,8.54,2026-02
2026-02-09,E1051,Aditya Mehta,Sales,Prayagraj,Morning,Late,6.86,2026-02
2026-02-10,E1051,Aditya Mehta,Sales,Prayagraj,Morning,Present,7.93,2026-02
2026-02-11,E1051,Aditya Mehta,Sales,Prayagraj,Morning,Late,7.83,2026-02
2026-02-12,E1051,Aditya Mehta,Sales,Prayagraj,Morning,Late,8.0,2026-02
2026-02-13,E1051,Aditya Mehta,Sales,Prayagraj,Morning,Present,8.57,2026-02
2026-02-16,E1051,Aditya Mehta,Sales,Prayagraj,Morning,Present,8.14,2026-02
2026-02-17,E1051,Aditya Mehta,Sales,Prayagraj,Morning,Present,8.02,2026-02
2026-02-18,E1051,Aditya Mehta,Sales,Prayagraj,Morning,Present,7.95,2026-02
2026-02-19,E1051,Aditya Mehta,Sales,Prayagraj,Morning,Leave,0.0,2026-02
2026-02-20,E1051,Aditya Mehta,Sales,Prayagraj,Morning,Present,9.0,2026-02
2026-02-23,E1051,Aditya Mehta,Sales,Prayagraj,Morning,Present,7.9,2026-02
2026-02-24,E1051,Aditya Mehta,Sales,Prayagraj,Morning,Present,8.38,2026-02
2026-02-25,E1051,Aditya Mehta,Sales,Prayagraj,Morning,Present,8.28,2026-02
2026-02-26,E1051,Aditya Mehta,Sales,Prayagraj,Morning,Present,8.26,2026-02
2026-02-27,E1051,Aditya Mehta,Sales,Prayagraj,Morning,Present,7.89,2026-02
2026-03-02,E1051,Aditya Mehta,Sales,Prayagraj,Morning,Late,7.98,2026-03
2026-03-03,E1051,Aditya Mehta,Sales,Prayagraj,Morning,Present,8.47,2026-03
2026-03-04,E1051,Aditya Mehta,Sales,Prayagraj,Morning,Present,8.7,2026-03
2026-03-05,E1051,Aditya Mehta,Sales,Prayagraj,Morning,Present,8.36,2026-03
2026-03-06,E1051,Aditya Mehta,Sales,Prayagraj,Morning,Leave,0.0,2026-03
2026-03-09,E1051,Aditya Mehta,Sales,Prayagraj,Morning,Present,8.45,2026-03
2026-03-10,E1051,Aditya Mehta,Sales,Prayagraj,Morning,Present,7.85,2026-03
2026-03-11,E1051,Aditya Mehta,Sales,Prayagraj,Morning,Present,8.44,2026-03
2026-03-12,E1051,Aditya Mehta,Sales,Prayagraj,Morning,Present,7.32,2026-03
2026-03-13,E1051,Aditya Mehta,Sales,Prayagraj,Morning,Present,8.75,2026-03
2026-03-16,E1051,Aditya Mehta,Sales,Prayagraj,Morning,Present,8.52,2026-03
2026-03-17,E1051,Aditya Mehta,Sales,Prayagraj,Morning,Present,8.04,2026-03
2026-03-18,E1051,Aditya Mehta,Sales,Prayagraj,Morning,Present,8.61,2026-03
2026-03-19,E1051,Aditya Mehta,Sales,Prayagraj,Morning,Present,8.55,2026-03
2026-03-20,E1051,Aditya Mehta,Sales,Prayagraj,Morning,Present,8.08,2026-03
2026-03-23,E1051,Aditya Mehta,Sales,Prayagraj,Morning,Present,8.08,2026-03
2026-03-24,E1051,Aditya Mehta,Sales,Prayagraj,Morning,Absent,0.0,2026-03
2026-03-25,E1051,Aditya Mehta,Sales,Prayagraj,Morning,Present,7.68,2026-03
2026-03-26,E1051,Aditya Mehta,Sales,Prayagraj,Morning,Present,7.39,2026-03
2026-03-27,E1051,Aditya Mehta,Sales,Prayagraj,Morning,Present,8.1,2026-03
2026-03-30,E1051,Aditya Mehta,Sales,Prayagraj,Morning,Present,7.77,2026-03
2026-03-31,E1051,Aditya Mehta,Sales,Prayagraj,Morning,Late,7.86,2026-03
2026-01-01,E1052,Aditya Chauhan,Sales,Varanasi,Morning,Present,8.7,2026-01
2026-01-02,E1052,Aditya Chauhan,Sales,Varanasi,Morning,Present,7.81,2026-01
2026-01-05,E1052,Aditya Chauhan,Sales,Varanasi,Morning,Present,9.37,2026-01
2026-01-06,E1052,Aditya Chauhan,Sales,Varanasi,Morning,Present,8.18,2026-01
2026-01-07,E1052,Aditya Chauhan,Sales,Varanasi,Morning,Present,8.71,2026-01
2026-01-08,E1052,Aditya Chauhan,Sales,Varanasi,Morning,Present,7.67,2026-01
2026-01-09,E1052,Aditya Chauhan,Sales,Varanasi,Morning,Present,7.95,2026-01
2026-01-12,E1052,Aditya Chauhan,Sales,Varanasi,Morning,Present,7.85,2026-01
2026-01-13,E1052,Aditya Chauhan,Sales,Varanasi,Morning,Present,7.43,2026-01
2026-01-14,E1052,Aditya Chauhan,Sales,Varanasi,Morning,Present,7.53,2026-01
2026-01-15,E1052,Aditya Chauhan,Sales,Varanasi,Morning,Present,8.02,2026-01
2026-01-16,E1052,Aditya Chauhan,Sales,Varanasi,Morning,Present,8.25,2026-01
2026-01-19,E1052,Aditya Chauhan,Sales,Varanasi,Morning,Present,7.63,2026-01
2026-01-20,E1052,Aditya Chauhan,Sales,Varanasi,Morning,Present,7.92,2026-01
2026-01-21,E1052,Aditya Chauhan,Sales,Varanasi,Morning,Leave,0.0,2026-01
2026-01-22,E1052,Aditya Chauhan,Sales,Varanasi,Morning,Absent,0.0,2026-01
2026-01-23,E1052,Aditya Chauhan,Sales,Varanasi,Morning,Late,7.13,2026-01
2026-01-26,E1052,Aditya Chauhan,Sales,Varanasi,Morning,Present,8.05,2026-01
2026-01-27,E1052,Aditya Chauhan,Sales,Varanasi,Morning,Present,8.38,2026-01
2026-01-28,E1052,Aditya Chauhan,Sales,Varanasi,Morning,Present,8.13,2026-01
2026-01-29,E1052,Aditya Chauhan,Sales,Varanasi,Morning,Present,7.83,2026-01
2026-01-30,E1052,Aditya Chauhan,Sales,Varanasi,Morning,Present,8.54,2026-01
2026-02-02,E1052,Aditya Chauhan,Sales,Varanasi,Morning,Present,8.23,2026-02
2026-02-03,E1052,Aditya Chauhan,Sales,Varanasi,Morning,Present,8.14,2026-02
2026-02-04,E1052,Aditya Chauhan,Sales,Varanasi,Morning,Present,7.63,2026-02
2026-02-05,E1052,Aditya Chauhan,Sales,Varanasi,Morning,Present,8.49,2026-02
2026-02-06,E1052,Aditya Chauhan,Sales,Varanasi,Morning,Present,8.28,2026-02
2026-02-09,E1052,Aditya Chauhan,Sales,Varanasi,Morning,Present,8.3,2026-02
2026-02-10,E1052,Aditya Chauhan,Sales,Varanasi,Morning,Present,7.98,2026-02
2026-02-11,E1052,Aditya Chauhan,Sales,Varanasi,Morning,Present,7.9,2026-02
2026-02-12,E1052,Aditya Chauhan,Sales,Varanasi,Morning,Present,8.87,2026-02
2026-02-13,E1052,Aditya Chauhan,Sales,Varanasi,Morning,Present,7.9,2026-02
2026-02-16,E1052,Aditya Chauhan,Sales,Varanasi,Morning,Present,7.55,2026-02
2026-02-17,E1052,Aditya Chauhan,Sales,Varanasi,Morning,Present,8.16,2026-02
2026-02-18,E1052,Aditya Chauhan,Sales,Varanasi,Morning,Present,8.08,2026-02
2026-02-19,E1052,Aditya Chauhan,Sales,Varanasi,Morning,Present,8.56,2026-02
2026-02-20,E1052,Aditya Chauhan,Sales,Varanasi,Morning,Present,8.01,2026-02
2026-02-23,E1052,Aditya Chauhan,Sales,Varanasi,Morning,Present,8.36,2026-02
2026-02-24,E1052,Aditya Chauhan,Sales,Varanasi,Morning,Present,8.74,2026-02
2026-02-25,E1052,Aditya Chauhan,Sales,Varanasi,Morning,Present,8.25,2026-02
2026-02-26,E1052,Aditya Chauhan,Sales,Varanasi,Morning,Present,7.65,2026-02
2026-02-27,E1052,Aditya Chauhan,Sales,Varanasi,Morning,Present,7.3,2026-02
2026-03-02,E1052,Aditya Chauhan,Sales,Varanasi,Morning,Absent,0.0,2026-03
2026-03-03,E1052,Aditya Chauhan,Sales,Varanasi,Morning,Late,7.68,2026-03
2026-03-04,E1052,Aditya Chauhan,Sales,Varanasi,Morning,Present,7.54,2026-03
2026-03-05,E1052,Aditya Chauhan,Sales,Varanasi,Morning,Absent,0.0,2026-03
2026-03-06,E1052,Aditya Chauhan,Sales,Varanasi,Morning,Present,8.09,2026-03
2026-03-09,E1052,Aditya Chauhan,Sales,Varanasi,Morning,Present,8.73,2026-03
2026-03-10,E1052,Aditya Chauhan,Sales,Varanasi,Morning,Present,7.49,2026-03
2026-03-11,E1052,Aditya Chauhan,Sales,Varanasi,Morning,Present,8.36,2026-03
2026-03-12,E1052,Aditya Chauhan,Sales,Varanasi,Morning,Present,7.95,2026-03
2026-03-13,E1052,Aditya Chauhan,Sales,Varanasi,Morning,Absent,0.0,2026-03
2026-03-16,E1052,Aditya Chauhan,Sales,Varanasi,Morning,Late,7.98,2026-03
2026-03-17,E1052,Aditya Chauhan,Sales,Varanasi,Morning,Present,7.8,2026-03
2026-03-18,E1052,Aditya Chauhan,Sales,Varanasi,Morning,Absent,0.0,2026-03
2026-03-19,E1052,Aditya Chauhan,Sales,Varanasi,Morning,Present,7.66,2026-03
2026-03-20,E1052,Aditya Chauhan,Sales,Varanasi,Morning,Present,7.47,2026-03
2026-03-23,E1052,Aditya Chauhan,Sales,Varanasi,Morning,Absent,0.0,2026-03
2026-03-24,E1052,Aditya Chauhan,Sales,Varanasi,Morning,Present,7.77,2026-03
2026-03-25,E1052,Aditya Chauhan,Sales,Varanasi,Morning,Absent,0.0,2026-03
2026-03-26,E1052,Aditya Chauhan,Sales,Varanasi,Morning,Present,8.99,2026-03
2026-03-27,E1052,Aditya Chauhan,Sales,Varanasi,Morning,Present,8.95,2026-03
2026-03-30,E1052,Aditya Chauhan,Sales,Varanasi,Morning,Present,8.03,2026-03
2026-03-31,E1052,Aditya Chauhan,Sales,Varanasi,Morning,Present,8.41,2026-03
2026-01-01,E1053,Ananya Gupta,Sales,Noida,Morning,Present,7.47,2026-01
2026-01-02,E1053,Ananya Gupta,Sales,Noida,Morning,Present,8.26,2026-01
2026-01-05,E1053,Ananya Gupta,Sales,Noida,Morning,Absent,0.0,2026-01
2026-01-06,E1053,Ananya Gupta,Sales,Noida,Morning,Present,7.55,2026-01
2026-01-07,E1053,Ananya Gupta,Sales,Noida,Morning,Present,7.79,2026-01
2026-01-08,E1053,Ananya Gupta,Sales,Noida,Morning,Present,8.31,2026-01
2026-01-09,E1053,Ananya Gupta,Sales,Noida,Morning,Absent,0.0,2026-01
2026-01-12,E1053,Ananya Gupta,Sales,Noida,Morning,Present,9.04,2026-01
2026-01-13,E1053,Ananya Gupta,Sales,Noida,Morning,Present,9.37,2026-01
2026-01-14,E1053,Ananya Gupta,Sales,Noida,Morning,Present,7.02,2026-01
2026-01-15,E1053,Ananya Gupta,Sales,Noida,Morning,Present,8.93,2026-01
2026-01-16,E1053,Ananya Gupta,Sales,Noida,Morning,Absent,0.0,2026-01
2026-01-19,E1053,Ananya Gupta,Sales,Noida,Morning,Present,7.98,2026-01
2026-01-20,E1053,Ananya Gupta,Sales,Noida,Morning,Present,9.49,2026-01
2026-01-21,E1053,Ananya Gupta,Sales,Noida,Morning,Present,7.98,2026-01
2026-01-22,E1053,Ananya Gupta,Sales,Noida,Morning,Present,8.23,2026-01
2026-01-23,E1053,Ananya Gupta,Sales,Noida,Morning,Present,7.99,2026-01
2026-01-26,E1053,Ananya Gupta,Sales,Noida,Morning,Present,8.63,2026-01
2026-01-27,E1053,Ananya Gupta,Sales,Noida,Morning,Present,8.16,2026-01
2026-01-28,E1053,Ananya Gupta,Sales,Noida,Morning,Present,9.32,2026-01
2026-01-29,E1053,Ananya Gupta,Sales,Noida,Morning,Present,8.0,2026-01
2026-01-30,E1053,Ananya Gupta,Sales,Noida,Morning,Late,8.0,2026-01
2026-02-02,E1053,Ananya Gupta,Sales,Noida,Morning,Present,8.75,2026-02
2026-02-03,E1053,Ananya Gupta,Sales,Noida,Morning,Present,7.0,2026-02
2026-02-04,E1053,Ananya Gupta,Sales,Noida,Morning,Present,8.41,2026-02
2026-02-05,E1053,Ananya Gupta,Sales,Noida,Morning,Present,7.54,2026-02
2026-02-06,E1053,Ananya Gupta,Sales,Noida,Morning,Absent,0.0,2026-02
2026-02-09,E1053,Ananya Gupta,Sales,Noida,Morning,Present,7.98,2026-02
2026-02-10,E1053,Ananya Gupta,Sales,Noida,Morning,Present,7.81,2026-02
2026-02-11,E1053,Ananya Gupta,Sales,Noida,Morning,Absent,0.0,2026-02
2026-02-12,E1053,Ananya Gupta,Sales,Noida,Morning,Present,7.97,2026-02
2026-02-13,E1053,Ananya Gupta,Sales,Noida,Morning,Present,8.05,2026-02
2026-02-16,E1053,Ananya Gupta,Sales,Noida,Morning,Present,8.12,2026-02
2026-02-17,E1053,Ananya Gupta,Sales,Noida,Morning,Present,7.99,2026-02
2026-02-18,E1053,Ananya Gupta,Sales,Noida,Morning,Present,8.05,2026-02
2026-02-19,E1053,Ananya Gupta,Sales,Noida,Morning,Late,6.95,2026-02
2026-02-20,E1053,Ananya Gupta,Sales,Noida,Morning,Present,8.47,2026-02
2026-02-23,E1053,Ananya Gupta,Sales,Noida,Morning,Present,7.24,2026-02
2026-02-24,E1053,Ananya Gupta,Sales,Noida,Morning,Present,8.75,2026-02
2026-02-25,E1053,Ananya Gupta,Sales,Noida,Morning,Present,8.26,2026-02
2026-02-26,E1053,Ananya Gupta,Sales,Noida,Morning,Present,7.56,2026-02
2026-02-27,E1053,Ananya Gupta,Sales,Noida,Morning,Present,8.42,2026-02
2026-03-02,E1053,Ananya Gupta,Sales,Noida,Morning,Present,7.85,2026-03
2026-03-03,E1053,Ananya Gupta,Sales,Noida,Morning,Present,7.69,2026-03
2026-03-04,E1053,Ananya Gupta,Sales,Noida,Morning,Present,7.85,2026-03
2026-03-05,E1053,Ananya Gupta,Sales,Noida,Morning,Present,8.38,2026-03
2026-03-06,E1053,Ananya Gupta,Sales,Noida,Morning,Present,7.66,2026-03
2026-03-09,E1053,Ananya Gupta,Sales,Noida,Morning,Present,7.1,2026-03
2026-03-10,E1053,Ananya Gupta,Sales,Noida,Morning,Present,7.87,2026-03
2026-03-11,E1053,Ananya Gupta,Sales,Noida,Morning,Present,8.66,2026-03
2026-03-12,E1053,Ananya Gupta,Sales,Noida,Morning,Present,8.65,2026-03
2026-03-13,E1053,Ananya Gupta,Sales,Noida,Morning,Present,7.84,2026-03
2026-03-16,E1053,Ananya Gupta,Sales,Noida,Morning,Present,7.83,2026-03
2026-03-17,E1053,Ananya Gupta,Sales,Noida,Morning,Late,7.17,2026-03
2026-03-18,E1053,Ananya Gupta,Sales,Noida,Morning,Present,7.79,2026-03
2026-03-19,E1053,Ananya Gupta,Sales,Noida,Morning,Present,7.81,2026-03
2026-03-20,E1053,Ananya Gupta,Sales,Noida,Morning,Present,8.19,2026-03
2026-03-23,E1053,Ananya Gupta,Sales,Noida,Morning,Present,8.67,2026-03
2026-03-24,E1053,Ananya Gupta,Sales,Noida,Morning,Present,7.66,2026-03
2026-03-25,E1053,Ananya Gupta,Sales,Noida,Morning,Present,7.73,2026-03
2026-03-26,E1053,Ananya Gupta,Sales,Noida,Morning,Present,8.24,2026-03
2026-03-27,E1053,Ananya Gupta,Sales,Noida,Morning,Present,8.4,2026-03
2026-03-30,E1053,Ananya Gupta,Sales,Noida,Morning,Late,6.75,2026-03
2026-03-31,E1053,Ananya Gupta,Sales,Noida,Morning,Absent,0.0,2026-03
2026-01-01,E1054,Sneha Singh,Sales,Prayagraj,Evening,Present,8.85,2026-01
2026-01-02,E1054,Sneha Singh,Sales,Prayagraj,Evening,Present,7.08,2026-01
2026-01-05,E1054,Sneha Singh,Sales,Prayagraj,Evening,Absent,0.0,2026-01
2026-01-06,E1054,Sneha Singh,Sales,Prayagraj,Evening,Present,7.94,2026-01
2026-01-07,E1054,Sneha Singh,Sales,Prayagraj,Evening,Present,8.6,2026-01
2026-01-08,E1054,Sneha Singh,Sales,Prayagraj,Evening,Present,7.93,2026-01
2026-01-09,E1054,Sneha Singh,Sales,Prayagraj,Evening,Present,8.56,2026-01
2026-01-12,E1054,Sneha Singh,Sales,Prayagraj,Evening,Present,7.86,2026-01
2026-01-13,E1054,Sneha Singh,Sales,Prayagraj,Evening,Late,6.25,2026-01
2026-01-14,E1054,Sneha Singh,Sales,Prayagraj,Evening,Present,8.24,2026-01
2026-01-15,E1054,Sneha Singh,Sales,Prayagraj,Evening,Present,7.2,2026-01
2026-01-16,E1054,Sneha Singh,Sales,Prayagraj,Evening,Present,7.8,2026-01
2026-01-19,E1054,Sneha Singh,Sales,Prayagraj,Evening,Present,6.95,2026-01
2026-01-20,E1054,Sneha Singh,Sales,Prayagraj,Evening,Present,8.06,2026-01
2026-01-21,E1054,Sneha Singh,Sales,Prayagraj,Evening,Present,8.15,2026-01
2026-01-22,E1054,Sneha Singh,Sales,Prayagraj,Evening,Present,8.31,2026-01
2026-01-23,E1054,Sneha Singh,Sales,Prayagraj,Evening,Present,7.36,2026-01
2026-01-26,E1054,Sneha Singh,Sales,Prayagraj,Evening,Present,7.63,2026-01
2026-01-27,E1054,Sneha Singh,Sales,Prayagraj,Evening,Late,7.3,2026-01
2026-01-28,E1054,Sneha Singh,Sales,Prayagraj,Evening,Present,8.32,2026-01
2026-01-29,E1054,Sneha Singh,Sales,Prayagraj,Evening,Present,8.17,2026-01
2026-01-30,E1054,Sneha Singh,Sales,Prayagraj,Evening,Absent,0.0,2026-01
2026-02-02,E1054,Sneha Singh,Sales,Prayagraj,Evening,Present,7.62,2026-02
2026-02-03,E1054,Sneha Singh,Sales,Prayagraj,Evening,Present,8.4,2026-02
2026-02-04,E1054,Sneha Singh,Sales,Prayagraj,Evening,Late,7.58,2026-02
2026-02-05,E1054,Sneha Singh,Sales,Prayagraj,Evening,Absent,0.0,2026-02
2026-02-06,E1054,Sneha Singh,Sales,Prayagraj,Evening,Present,8.21,2026-02
2026-02-09,E1054,Sneha Singh,Sales,Prayagraj,Evening,Present,7.7,2026-02
2026-02-10,E1054,Sneha Singh,Sales,Prayagraj,Evening,Present,8.44,2026-02
2026-02-11,E1054,Sneha Singh,Sales,Prayagraj,Evening,Present,7.79,2026-02
2026-02-12,E1054,Sneha Singh,Sales,Prayagraj,Evening,Present,9.4,2026-02
2026-02-13,E1054,Sneha Singh,Sales,Prayagraj,Evening,Present,8.23,2026-02
2026-02-16,E1054,Sneha Singh,Sales,Prayagraj,Evening,Present,8.71,2026-02
2026-02-17,E1054,Sneha Singh,Sales,Prayagraj,Evening,Present,8.91,2026-02
2026-02-18,E1054,Sneha Singh,Sales,Prayagraj,Evening,Present,7.94,2026-02
2026-02-19,E1054,Sneha Singh,Sales,Prayagraj,Evening,Present,8.01,2026-02
2026-02-20,E1054,Sneha Singh,Sales,Prayagraj,Evening,Present,8.66,2026-02
2026-02-23,E1054,Sneha Singh,Sales,Prayagraj,Evening,Present,8.1,2026-02
2026-02-24,E1054,Sneha Singh,Sales,Prayagraj,Evening,Present,7.61,2026-02
2026-02-25,E1054,Sneha Singh,Sales,Prayagraj,Evening,Present,7.33,2026-02
2026-02-26,E1054,Sneha Singh,Sales,Prayagraj,Evening,Present,8.16,2026-02
2026-02-27,E1054,Sneha Singh,Sales,Prayagraj,Evening,Absent,0.0,2026-02
2026-03-02,E1054,Sneha Singh,Sales,Prayagraj,Evening,Present,7.81,2026-03
2026-03-03,E1054,Sneha Singh,Sales,Prayagraj,Evening,Present,7.78,2026-03
2026-03-04,E1054,Sneha Singh,Sales,Prayagraj,Evening,Present,8.46,2026-03
2026-03-05,E1054,Sneha Singh,Sales,Prayagraj,Evening,Present,8.04,2026-03
2026-03-06,E1054,Sneha Singh,Sales,Prayagraj,Evening,Present,8.37,2026-03
2026-03-09,E1054,Sneha Singh,Sales,Prayagraj,Evening,Present,7.73,2026-03
2026-03-10,E1054,Sneha Singh,Sales,Prayagraj,Evening,Present,9.05,2026-03
2026-03-11,E1054,Sneha Singh,Sales,Prayagraj,Evening,Present,8.72,2026-03
2026-03-12,E1054,Sneha Singh,Sales,Prayagraj,Evening,Present,8.16,2026-03
2026-03-13,E1054,Sneha Singh,Sales,Prayagraj,Evening,Present,8.25,2026-03
2026-03-16,E1054,Sneha Singh,Sales,Prayagraj,Evening,Present,7.83,2026-03
2026-03-17,E1054,Sneha Singh,Sales,Prayagraj,Evening,Leave,0.0,2026-03
2026-03-18,E1054,Sneha Singh,Sales,Prayagraj,Evening,Absent,0.0,2026-03
2026-03-19,E1054,Sneha Singh,Sales,Prayagraj,Evening,Present,8.41,2026-03
2026-03-20,E1054,Sneha Singh,Sales,Prayagraj,Evening,Present,7.13,2026-03
2026-03-23,E1054,Sneha Singh,Sales,Prayagraj,Evening,Present,8.84,2026-03
2026-03-24,E1054,Sneha Singh,Sales,Prayagraj,Evening,Absent,0.0,2026-03
2026-03-25,E1054,Sneha Singh,Sales,Prayagraj,Evening,Present,8.38,2026-03
2026-03-26,E1054,Sneha Singh,Sales,Prayagraj,Evening,Present,8.14,2026-03
2026-03-27,E1054,Sneha Singh,Sales,Prayagraj,Evening,Present,7.63,2026-03
2026-03-30,E1054,Sneha Singh,Sales,Prayagraj,Evening,Present,8.17,2026-03
2026-03-31,E1054,Sneha Singh,Sales,Prayagraj,Evening,Present,8.89,2026-03
2026-01-01,E1055,Priya Gupta,Sales,Gurugram,Morning,Present,7.92,2026-01
2026-01-02,E1055,Priya Gupta,Sales,Gurugram,Morning,Present,7.65,2026-01
2026-01-05,E1055,Priya Gupta,Sales,Gurugram,Morning,Present,8.33,2026-01
2026-01-06,E1055,Priya Gupta,Sales,Gurugram,Morning,Present,8.62,2026-01
2026-01-07,E1055,Priya Gupta,Sales,Gurugram,Morning,Present,7.55,2026-01
2026-01-08,E1055,Priya Gupta,Sales,Gurugram,Morning,Present,7.6,2026-01
2026-01-09,E1055,Priya Gupta,Sales,Gurugram,Morning,Present,7.82,2026-01
2026-01-12,E1055,Priya Gupta,Sales,Gurugram,Morning,Present,8.0,2026-01
2026-01-13,E1055,Priya Gupta,Sales,Gurugram,Morning,Present,8.48,2026-01
2026-01-14,E1055,Priya Gupta,Sales,Gurugram,Morning,Present,8.61,2026-01
2026-01-15,E1055,Priya Gupta,Sales,Gurugram,Morning,Leave,0.0,2026-01
2026-01-16,E1055,Priya Gupta,Sales,Gurugram,Morning,Present,7.72,2026-01
2026-01-19,E1055,Priya Gupta,Sales,Gurugram,Morning,Present,7.57,2026-01
2026-01-20,E1055,Priya Gupta,Sales,Gurugram,Morning,Present,8.2,2026-01
2026-01-21,E1055,Priya Gupta,Sales,Gurugram,Morning,Present,8.46,2026-01
2026-01-22,E1055,Priya Gupta,Sales,Gurugram,Morning,Present,8.24,2026-01
2026-01-23,E1055,Priya Gupta,Sales,Gurugram,Morning,Present,8.07,2026-01
2026-01-26,E1055,Priya Gupta,Sales,Gurugram,Morning,Present,8.85,2026-01
2026-01-27,E1055,Priya Gupta,Sales,Gurugram,Morning,Present,8.05,2026-01
2026-01-28,E1055,Priya Gupta,Sales,Gurugram,Morning,Present,7.97,2026-01
2026-01-29,E1055,Priya Gupta,Sales,Gurugram,Morning,Present,8.08,2026-01
2026-01-30,E1055,Priya Gupta,Sales,Gurugram,Morning,Present,7.91,2026-01
2026-02-02,E1055,Priya Gupta,Sales,Gurugram,Morning,Present,7.77,2026-02
2026-02-03,E1055,Priya Gupta,Sales,Gurugram,Morning,Present,7.87,2026-02
2026-02-04,E1055,Priya Gupta,Sales,Gurugram,Morning,Present,7.82,2026-02
2026-02-05,E1055,Priya Gupta,Sales,Gurugram,Morning,Present,7.64,2026-02
2026-02-06,E1055,Priya Gupta,Sales,Gurugram,Morning,Present,8.36,2026-02
2026-02-09,E1055,Priya Gupta,Sales,Gurugram,Morning,Present,8.43,2026-02
2026-02-10,E1055,Priya Gupta,Sales,Gurugram,Morning,Present,7.97,2026-02
2026-02-11,E1055,Priya Gupta,Sales,Gurugram,Morning,Present,9.02,2026-02
2026-02-12,E1055,Priya Gupta,Sales,Gurugram,Morning,Present,8.68,2026-02
2026-02-13,E1055,Priya Gupta,Sales,Gurugram,Morning,Present,8.35,2026-02
2026-02-16,E1055,Priya Gupta,Sales,Gurugram,Morning,Present,8.49,2026-02
2026-02-17,E1055,Priya Gupta,Sales,Gurugram,Morning,Present,7.5,2026-02
2026-02-18,E1055,Priya Gupta,Sales,Gurugram,Morning,Present,8.63,2026-02
2026-02-19,E1055,Priya Gupta,Sales,Gurugram,Morning,Present,7.79,2026-02
2026-02-20,E1055,Priya Gupta,Sales,Gurugram,Morning,Present,8.89,2026-02
2026-02-23,E1055,Priya Gupta,Sales,Gurugram,Morning,Present,9.35,2026-02
2026-02-24,E1055,Priya Gupta,Sales,Gurugram,Morning,Present,9.14,2026-02
2026-02-25,E1055,Priya Gupta,Sales,Gurugram,Morning,Present,8.37,2026-02
2026-02-26,E1055,Priya Gupta,Sales,Gurugram,Morning,Present,8.44,2026-02
2026-02-27,E1055,Priya Gupta,Sales,Gurugram,Morning,Present,8.47,2026-02
2026-03-02,E1055,Priya Gupta,Sales,Gurugram,Morning,Present,7.95,2026-03
2026-03-03,E1055,Priya Gupta,Sales,Gurugram,Morning,Present,8.34,2026-03
2026-03-04,E1055,Priya Gupta,Sales,Gurugram,Morning,Late,7.08,2026-03
2026-03-05,E1055,Priya Gupta,Sales,Gurugram,Morning,Present,8.88,2026-03
2026-03-06,E1055,Priya Gupta,Sales,Gurugram,Morning,Present,8.43,2026-03
2026-03-09,E1055,Priya Gupta,Sales,Gurugram,Morning,Present,8.68,2026-03
2026-03-10,E1055,Priya Gupta,Sales,Gurugram,Morning,Present,8.12,2026-03
2026-03-11,E1055,Priya Gupta,Sales,Gurugram,Morning,Present,7.89,2026-03
2026-03-12,E1055,Priya Gupta,Sales,Gurugram,Morning,Present,7.52,2026-03
2026-03-13,E1055,Priya Gupta,Sales,Gurugram,Morning,Present,7.8,2026-03
2026-03-16,E1055,Priya Gupta,Sales,Gurugram,Morning,Present,8.04,2026-03
2026-03-17,E1055,Priya Gupta,Sales,Gurugram,Morning,Leave,0.0,2026-03
2026-03-18,E1055,Priya Gupta,Sales,Gurugram,Morning,Present,8.45,2026-03
2026-03-19,E1055,Priya Gupta,Sales,Gurugram,Morning,Late,7.42,2026-03
2026-03-20,E1055,Priya Gupta,Sales,Gurugram,Morning,Late,7.06,2026-03
2026-03-23,E1055,Priya Gupta,Sales,Gurugram,Morning,Present,7.59,2026-03
2026-03-24,E1055,Priya Gupta,Sales,Gurugram,Morning,Present,8.14,2026-03
2026-03-25,E1055,Priya Gupta,Sales,Gurugram,Morning,Present,8.2,2026-03
2026-03-26,E1055,Priya Gupta,Sales,Gurugram,Morning,Present,7.78,2026-03
2026-03-27,E1055,Priya Gupta,Sales,Gurugram,Morning,Present,7.84,2026-03
2026-03-30,E1055,Priya Gupta,Sales,Gurugram,Morning,Present,8.2,2026-03
2026-03-31,E1055,Priya Gupta,Sales,Gurugram,Morning,Present,7.7,2026-03
2026-01-01,E1056,Arjun Verma,Sales,Prayagraj,General,Present,7.57,2026-01
2026-01-02,E1056,Arjun Verma,Sales,Prayagraj,General,Present,8.26,2026-01
2026-01-05,E1056,Arjun Verma,Sales,Prayagraj,General,Present,7.67,2026-01
2026-01-06,E1056,Arjun Verma,Sales,Prayagraj,General,Present,8.3,2026-01
2026-01-07,E1056,Arjun Verma,Sales,Prayagraj,General,Present,7.41,2026-01
2026-01-08,E1056,Arjun Verma,Sales,Prayagraj,General,Present,7.9,2026-01
2026-01-09,E1056,Arjun Verma,Sales,Prayagraj,General,Present,8.31,2026-01
2026-01-12,E1056,Arjun Verma,Sales,Prayagraj,General,Present,7.55,2026-01
2026-01-13,E1056,Arjun Verma,Sales,Prayagraj,General,Present,8.53,2026-01
2026-01-14,E1056,Arjun Verma,Sales,Prayagraj,General,Present,8.67,2026-01
2026-01-15,E1056,Arjun Verma,Sales,Prayagraj,General,Present,7.73,2026-01
2026-01-16,E1056,Arjun Verma,Sales,Prayagraj,General,Present,7.99,2026-01
2026-01-19,E1056,Arjun Verma,Sales,Prayagraj,General,Present,7.65,2026-01
2026-01-20,E1056,Arjun Verma,Sales,Prayagraj,General,Present,8.48,2026-01
2026-01-21,E1056,Arjun Verma,Sales,Prayagraj,General,Present,8.11,2026-01
2026-01-22,E1056,Arjun Verma,Sales,Prayagraj,General,Present,8.11,2026-01
2026-01-23,E1056,Arjun Verma,Sales,Prayagraj,General,Present,7.14,2026-01
2026-01-26,E1056,Arjun Verma,Sales,Prayagraj,General,Present,8.03,2026-01
2026-01-27,E1056,Arjun Verma,Sales,Prayagraj,General,Present,8.7,2026-01
2026-01-28,E1056,Arjun Verma,Sales,Prayagraj,General,Present,9.09,2026-01
2026-01-29,E1056,Arjun Verma,Sales,Prayagraj,General,Present,8.68,2026-01
2026-01-30,E1056,Arjun Verma,Sales,Prayagraj,General,Present,8.49,2026-01
2026-02-02,E1056,Arjun Verma,Sales,Prayagraj,General,Present,7.88,2026-02
2026-02-03,E1056,Arjun Verma,Sales,Prayagraj,General,Present,7.82,2026-02
2026-02-04,E1056,Arjun Verma,Sales,Prayagraj,General,Present,7.78,2026-02
2026-02-05,E1056,Arjun Verma,Sales,Prayagraj,General,Present,7.94,2026-02
2026-02-06,E1056,Arjun Verma,Sales,Prayagraj,General,Present,7.9,2026-02
2026-02-09,E1056,Arjun Verma,Sales,Prayagraj,General,Present,8.39,2026-02
2026-02-10,E1056,Arjun Verma,Sales,Prayagraj,General,Present,7.43,2026-02
2026-02-11,E1056,Arjun Verma,Sales,Prayagraj,General,Present,7.93,2026-02
2026-02-12,E1056,Arjun Verma,Sales,Prayagraj,General,Present,7.23,2026-02
2026-02-13,E1056,Arjun Verma,Sales,Prayagraj,General,Present,8.5,2026-02
2026-02-16,E1056,Arjun Verma,Sales,Prayagraj,General,Present,7.94,2026-02
2026-02-17,E1056,Arjun Verma,Sales,Prayagraj,General,Present,8.87,2026-02
2026-02-18,E1056,Arjun Verma,Sales,Prayagraj,General,Present,8.42,2026-02
2026-02-19,E1056,Arjun Verma,Sales,Prayagraj,General,Present,7.23,2026-02
2026-02-20,E1056,Arjun Verma,Sales,Prayagraj,General,Present,7.5,2026-02
2026-02-23,E1056,Arjun Verma,Sales,Prayagraj,General,Present,7.92,2026-02
2026-02-24,E1056,Arjun Verma,Sales,Prayagraj,General,Present,9.11,2026-02
2026-02-25,E1056,Arjun Verma,Sales,Prayagraj,General,Present,7.68,2026-02
2026-02-26,E1056,Arjun Verma,Sales,Prayagraj,General,Present,8.19,2026-02
2026-02-27,E1056,Arjun Verma,Sales,Prayagraj,General,Present,8.57,2026-02
2026-03-02,E1056,Arjun Verma,Sales,Prayagraj,General,Present,8.69,2026-03
2026-03-03,E1056,Arjun Verma,Sales,Prayagraj,General,Present,8.03,2026-03
2026-03-04,E1056,Arjun Verma,Sales,Prayagraj,General,Present,7.63,2026-03
2026-03-05,E1056,Arjun Verma,Sales,Prayagraj,General,Present,8.09,2026-03
2026-03-06,E1056,Arjun Verma,Sales,Prayagraj,General,Present,8.54,2026-03
2026-03-09,E1056,Arjun Verma,Sales,Prayagraj,General,Present,8.4,2026-03
2026-03-10,E1056,Arjun Verma,Sales,Prayagraj,General,Present,7.29,2026-03
2026-03-11,E1056,Arjun Verma,Sales,Prayagraj,General,Present,7.39,2026-03
2026-03-12,E1056,Arjun Verma,Sales,Prayagraj,General,Present,7.44,2026-03
2026-03-13,E1056,Arjun Verma,Sales,Prayagraj,General,Late,8.0,2026-03
2026-03-16,E1056,Arjun Verma,Sales,Prayagraj,General,Present,7.53,2026-03
2026-03-17,E1056,Arjun Verma,Sales,Prayagraj,General,Present,7.48,2026-03
2026-03-18,E1056,Arjun Verma,Sales,Prayagraj,General,Present,8.14,2026-03
2026-03-19,E1056,Arjun Verma,Sales,Prayagraj,General,Present,8.54,2026-03
2026-03-20,E1056,Arjun Verma,Sales,Prayagraj,General,Present,8.81,2026-03
2026-03-23,E1056,Arjun Verma,Sales,Prayagraj,General,Present,7.55,2026-03
2026-03-24,E1056,Arjun Verma,Sales,Prayagraj,General,Present,9.07,2026-03
2026-03-25,E1056,Arjun Verma,Sales,Prayagraj,General,Present,7.26,2026-03
2026-03-26,E1056,Arjun Verma,Sales,Prayagraj,General,Present,7.87,2026-03
2026-03-27,E1056,Arjun Verma,Sales,Prayagraj,General,Present,8.35,2026-03
2026-03-30,E1056,Arjun Verma,Sales,Prayagraj,General,Present,7.61,2026-03
2026-03-31,E1056,Arjun Verma,Sales,Prayagraj,General,Present,7.96,2026-03
2026-01-01,E1057,Mohit Yadav,Sales,Gurugram,Evening,Present,8.72,2026-01
2026-01-02,E1057,Mohit Yadav,Sales,Gurugram,Evening,Present,8.06,2026-01
2026-01-05,E1057,Mohit Yadav,Sales,Gurugram,Evening,Present,8.95,2026-01
2026-01-06,E1057,Mohit Yadav,Sales,Gurugram,Evening,Present,7.46,2026-01
2026-01-07,E1057,Mohit Yadav,Sales,Gurugram,Evening,Present,8.28,2026-01
2026-01-08,E1057,Mohit Yadav,Sales,Gurugram,Evening,Present,8.23,2026-01
2026-01-09,E1057,Mohit Yadav,Sales,Gurugram,Evening,Present,7.94,2026-01
2026-01-12,E1057,Mohit Yadav,Sales,Gurugram,Evening,Present,8.0,2026-01
2026-01-13,E1057,Mohit Yadav,Sales,Gurugram,Evening,Present,8.54,2026-01
2026-01-14,E1057,Mohit Yadav,Sales,Gurugram,Evening,Present,7.76,2026-01
2026-01-15,E1057,Mohit Yadav,Sales,Gurugram,Evening,Present,8.26,2026-01
2026-01-16,E1057,Mohit Yadav,Sales,Gurugram,Evening,Present,8.7,2026-01
2026-01-19,E1057,Mohit Yadav,Sales,Gurugram,Evening,Present,8.52,2026-01
2026-01-20,E1057,Mohit Yadav,Sales,Gurugram,Evening,Present,7.83,2026-01
2026-01-21,E1057,Mohit Yadav,Sales,Gurugram,Evening,Present,8.32,2026-01
2026-01-22,E1057,Mohit Yadav,Sales,Gurugram,Evening,Present,7.34,2026-01
2026-01-23,E1057,Mohit Yadav,Sales,Gurugram,Evening,Present,8.55,2026-01
2026-01-26,E1057,Mohit Yadav,Sales,Gurugram,Evening,Present,9.29,2026-01
2026-01-27,E1057,Mohit Yadav,Sales,Gurugram,Evening,Present,8.24,2026-01
2026-01-28,E1057,Mohit Yadav,Sales,Gurugram,Evening,Present,8.73,2026-01
2026-01-29,E1057,Mohit Yadav,Sales,Gurugram,Evening,Late,6.83,2026-01
2026-01-30,E1057,Mohit Yadav,Sales,Gurugram,Evening,Present,7.65,2026-01
2026-02-02,E1057,Mohit Yadav,Sales,Gurugram,Evening,Present,7.95,2026-02
2026-02-03,E1057,Mohit Yadav,Sales,Gurugram,Evening,Present,8.03,2026-02
2026-02-04,E1057,Mohit Yadav,Sales,Gurugram,Evening,Leave,0.0,2026-02
2026-02-05,E1057,Mohit Yadav,Sales,Gurugram,Evening,Present,8.24,2026-02
2026-02-06,E1057,Mohit Yadav,Sales,Gurugram,Evening,Present,9.02,2026-02
2026-02-09,E1057,Mohit Yadav,Sales,Gurugram,Evening,Present,8.26,2026-02
2026-02-10,E1057,Mohit Yadav,Sales,Gurugram,Evening,Present,7.75,2026-02
2026-02-11,E1057,Mohit Yadav,Sales,Gurugram,Evening,Present,7.93,2026-02
2026-02-12,E1057,Mohit Yadav,Sales,Gurugram,Evening,Present,8.07,2026-02
2026-02-13,E1057,Mohit Yadav,Sales,Gurugram,Evening,Late,7.27,2026-02
2026-02-16,E1057,Mohit Yadav,Sales,Gurugram,Evening,Absent,0.0,2026-02
2026-02-17,E1057,Mohit Yadav,Sales,Gurugram,Evening,Present,7.56,2026-02
2026-02-18,E1057,Mohit Yadav,Sales,Gurugram,Evening,Late,7.53,2026-02
2026-02-19,E1057,Mohit Yadav,Sales,Gurugram,Evening,Present,8.51,2026-02
2026-02-20,E1057,Mohit Yadav,Sales,Gurugram,Evening,Present,8.56,2026-02
2026-02-23,E1057,Mohit Yadav,Sales,Gurugram,Evening,Present,7.63,2026-02
2026-02-24,E1057,Mohit Yadav,Sales,Gurugram,Evening,Present,8.41,2026-02
2026-02-25,E1057,Mohit Yadav,Sales,Gurugram,Evening,Present,7.99,2026-02
2026-02-26,E1057,Mohit Yadav,Sales,Gurugram,Evening,Present,8.76,2026-02
2026-02-27,E1057,Mohit Yadav,Sales,Gurugram,Evening,Present,7.56,2026-02
2026-03-02,E1057,Mohit Yadav,Sales,Gurugram,Evening,Present,8.41,2026-03
2026-03-03,E1057,Mohit Yadav,Sales,Gurugram,Evening,Present,7.94,2026-03
2026-03-04,E1057,Mohit Yadav,Sales,Gurugram,Evening,Present,7.84,2026-03
2026-03-05,E1057,Mohit Yadav,Sales,Gurugram,Evening,Present,8.53,2026-03
2026-03-06,E1057,Mohit Yadav,Sales,Gurugram,Evening,Present,8.61,2026-03
2026-03-09,E1057,Mohit Yadav,Sales,Gurugram,Evening,Late,6.53,2026-03
2026-03-10,E1057,Mohit Yadav,Sales,Gurugram,Evening,Present,8.54,2026-03
2026-03-11,E1057,Mohit Yadav,Sales,Gurugram,Evening,Present,8.07,2026-03
2026-03-12,E1057,Mohit Yadav,Sales,Gurugram,Evening,Present,8.11,2026-03
2026-03-13,E1057,Mohit Yadav,Sales,Gurugram,Evening,Present,7.54,2026-03
2026-03-16,E1057,Mohit Yadav,Sales,Gurugram,Evening,Present,8.37,2026-03
2026-03-17,E1057,Mohit Yadav,Sales,Gurugram,Evening,Present,9.15,2026-03
2026-03-18,E1057,Mohit Yadav,Sales,Gurugram,Evening,Present,7.86,2026-03
2026-03-19,E1057,Mohit Yadav,Sales,Gurugram,Evening,Late,8.0,2026-03
2026-03-20,E1057,Mohit Yadav,Sales,Gurugram,Evening,Present,8.1,2026-03
2026-03-23,E1057,Mohit Yadav,Sales,Gurugram,Evening,Present,7.88,2026-03
2026-03-24,E1057,Mohit Yadav,Sales,Gurugram,Evening,Present,7.46,2026-03
2026-03-25,E1057,Mohit Yadav,Sales,Gurugram,Evening,Present,8.73,2026-03
2026-03-26,E1057,Mohit Yadav,Sales,Gurugram,Evening,Present,8.15,2026-03
2026-03-27,E1057,Mohit Yadav,Sales,Gurugram,Evening,Present,7.9,2026-03
2026-03-30,E1057,Mohit Yadav,Sales,Gurugram,Evening,Present,7.97,2026-03
2026-03-31,E1057,Mohit Yadav,Sales,Gurugram,Evening,Present,8.41,2026-03
2026-01-01,E1058,Pooja Das,Sales,Varanasi,General,Present,7.91,2026-01
2026-01-02,E1058,Pooja Das,Sales,Varanasi,General,Present,8.91,2026-01
2026-01-05,E1058,Pooja Das,Sales,Varanasi,General,Present,8.54,2026-01
2026-01-06,E1058,Pooja Das,Sales,Varanasi,General,Present,8.38,2026-01
2026-01-07,E1058,Pooja Das,Sales,Varanasi,General,Present,8.05,2026-01
2026-01-08,E1058,Pooja Das,Sales,Varanasi,General,Present,7.39,2026-01
2026-01-09,E1058,Pooja Das,Sales,Varanasi,General,Present,8.09,2026-01
2026-01-12,E1058,Pooja Das,Sales,Varanasi,General,Present,7.95,2026-01
2026-01-13,E1058,Pooja Das,Sales,Varanasi,General,Present,7.32,2026-01
2026-01-14,E1058,Pooja Das,Sales,Varanasi,General,Present,8.96,2026-01
2026-01-15,E1058,Pooja Das,Sales,Varanasi,General,Present,8.51,2026-01
2026-01-16,E1058,Pooja Das,Sales,Varanasi,General,Present,8.33,2026-01
2026-01-19,E1058,Pooja Das,Sales,Varanasi,General,Present,7.29,2026-01
2026-01-20,E1058,Pooja Das,Sales,Varanasi,General,Present,8.63,2026-01
2026-01-21,E1058,Pooja Das,Sales,Varanasi,General,Present,7.93,2026-01
2026-01-22,E1058,Pooja Das,Sales,Varanasi,General,Present,7.89,2026-01
2026-01-23,E1058,Pooja Das,Sales,Varanasi,General,Present,8.28,2026-01
2026-01-26,E1058,Pooja Das,Sales,Varanasi,General,Present,8.16,2026-01
2026-01-27,E1058,Pooja Das,Sales,Varanasi,General,Present,9.04,2026-01
2026-01-28,E1058,Pooja Das,Sales,Varanasi,General,Absent,0.0,2026-01
2026-01-29,E1058,Pooja Das,Sales,Varanasi,General,Present,7.48,2026-01
2026-01-30,E1058,Pooja Das,Sales,Varanasi,General,Late,8.0,2026-01
2026-02-02,E1058,Pooja Das,Sales,Varanasi,General,Present,7.45,2026-02
2026-02-03,E1058,Pooja Das,Sales,Varanasi,General,Absent,0.0,2026-02
2026-02-04,E1058,Pooja Das,Sales,Varanasi,General,Present,7.53,2026-02
2026-02-05,E1058,Pooja Das,Sales,Varanasi,General,Present,8.3,2026-02
2026-02-06,E1058,Pooja Das,Sales,Varanasi,General,Present,8.1,2026-02
2026-02-09,E1058,Pooja Das,Sales,Varanasi,General,Present,8.81,2026-02
2026-02-10,E1058,Pooja Das,Sales,Varanasi,General,Absent,0.0,2026-02
2026-02-11,E1058,Pooja Das,Sales,Varanasi,General,Present,7.38,2026-02
2026-02-12,E1058,Pooja Das,Sales,Varanasi,General,Present,7.8,2026-02
2026-02-13,E1058,Pooja Das,Sales,Varanasi,General,Present,8.15,2026-02
2026-02-16,E1058,Pooja Das,Sales,Varanasi,General,Present,7.52,2026-02
2026-02-17,E1058,Pooja Das,Sales,Varanasi,General,Present,8.25,2026-02
2026-02-18,E1058,Pooja Das,Sales,Varanasi,General,Present,7.73,2026-02
2026-02-19,E1058,Pooja Das,Sales,Varanasi,General,Present,7.94,2026-02
2026-02-20,E1058,Pooja Das,Sales,Varanasi,General,Present,8.33,2026-02
2026-02-23,E1058,Pooja Das,Sales,Varanasi,General,Present,8.06,2026-02
2026-02-24,E1058,Pooja Das,Sales,Varanasi,General,Present,8.24,2026-02
2026-02-25,E1058,Pooja Das,Sales,Varanasi,General,Present,8.3,2026-02
2026-02-26,E1058,Pooja Das,Sales,Varanasi,General,Present,8.06,2026-02
2026-02-27,E1058,Pooja Das,Sales,Varanasi,General,Present,8.26,2026-02
2026-03-02,E1058,Pooja Das,Sales,Varanasi,General,Present,7.79,2026-03
2026-03-03,E1058,Pooja Das,Sales,Varanasi,General,Present,8.32,2026-03
2026-03-04,E1058,Pooja Das,Sales,Varanasi,General,Present,8.0,2026-03
2026-03-05,E1058,Pooja Das,Sales,Varanasi,General,Present,8.69,2026-03
2026-03-06,E1058,Pooja Das,Sales,Varanasi,General,Present,8.16,2026-03
2026-03-09,E1058,Pooja Das,Sales,Varanasi,General,Leave,0.0,2026-03
2026-03-10,E1058,Pooja Das,Sales,Varanasi,General,Present,8.36,2026-03
2026-03-11,E1058,Pooja Das,Sales,Varanasi,General,Present,7.71,2026-03
2026-03-12,E1058,Pooja Das,Sales,Varanasi,General,Present,8.0,2026-03
2026-03-13,E1058,Pooja Das,Sales,Varanasi,General,Present,7.64,2026-03
2026-03-16,E1058,Pooja Das,Sales,Varanasi,General,Present,7.88,2026-03
2026-03-17,E1058,Pooja Das,Sales,Varanasi,General,Present,8.03,2026-03
2026-03-18,E1058,Pooja Das,Sales,Varanasi,General,Present,8.33,2026-03
2026-03-19,E1058,Pooja Das,Sales,Varanasi,General,Present,7.88,2026-03
2026-03-20,E1058,Pooja Das,Sales,Varanasi,General,Present,8.53,2026-03
2026-03-23,E1058,Pooja Das,Sales,Varanasi,General,Present,7.47,2026-03
2026-03-24,E1058,Pooja Das,Sales,Varanasi,General,Present,7.9,2026-03
2026-03-25,E1058,Pooja Das,Sales,Varanasi,General,Leave,0.0,2026-03
2026-03-26,E1058,Pooja Das,Sales,Varanasi,General,Present,7.83,2026-03
2026-03-27,E1058,Pooja Das,Sales,Varanasi,General,Present,7.98,2026-03
2026-03-30,E1058,Pooja Das,Sales,Varanasi,General,Present,8.54,2026-03
2026-03-31,E1058,Pooja Das,Sales,Varanasi,General,Present,7.42,2026-03
2026-01-01,E1059,Simran Mishra,Sales,Varanasi,Morning,Present,8.38,2026-01
2026-01-02,E1059,Simran Mishra,Sales,Varanasi,Morning,Present,7.34,2026-01
2026-01-05,E1059,Simran Mishra,Sales,Varanasi,Morning,Present,8.4,2026-01
2026-01-06,E1059,Simran Mishra,Sales,Varanasi,Morning,Present,8.04,2026-01
2026-01-07,E1059,Simran Mishra,Sales,Varanasi,Morning,Present,7.85,2026-01
2026-01-08,E1059,Simran Mishra,Sales,Varanasi,Morning,Present,7.93,2026-01
2026-01-09,E1059,Simran Mishra,Sales,Varanasi,Morning,Present,7.95,2026-01
2026-01-12,E1059,Simran Mishra,Sales,Varanasi,Morning,Present,7.95,2026-01
2026-01-13,E1059,Simran Mishra,Sales,Varanasi,Morning,Present,7.17,2026-01
2026-01-14,E1059,Simran Mishra,Sales,Varanasi,Morning,Present,8.55,2026-01
2026-01-15,E1059,Simran Mishra,Sales,Varanasi,Morning,Present,7.59,2026-01
2026-01-16,E1059,Simran Mishra,Sales,Varanasi,Morning,Present,7.63,2026-01
2026-01-19,E1059,Simran Mishra,Sales,Varanasi,Morning,Late,7.36,2026-01
2026-01-20,E1059,Simran Mishra,Sales,Varanasi,Morning,Present,8.44,2026-01
2026-01-21,E1059,Simran Mishra,Sales,Varanasi,Morning,Present,8.21,2026-01
2026-01-22,E1059,Simran Mishra,Sales,Varanasi,Morning,Present,7.65,2026-01
2026-01-23,E1059,Simran Mishra,Sales,Varanasi,Morning,Present,8.73,2026-01
2026-01-26,E1059,Simran Mishra,Sales,Varanasi,Morning,Present,8.0,2026-01
2026-01-27,E1059,Simran Mishra,Sales,Varanasi,Morning,Present,8.92,2026-01
2026-01-28,E1059,Simran Mishra,Sales,Varanasi,Morning,Present,8.29,2026-01
2026-01-29,E1059,Simran Mishra,Sales,Varanasi,Morning,Present,8.31,2026-01
2026-01-30,E1059,Simran Mishra,Sales,Varanasi,Morning,Present,7.75,2026-01
2026-02-02,E1059,Simran Mishra,Sales,Varanasi,Morning,Present,7.31,2026-02
2026-02-03,E1059,Simran Mishra,Sales,Varanasi,Morning,Present,7.69,2026-02
2026-02-04,E1059,Simran Mishra,Sales,Varanasi,Morning,Present,8.46,2026-02
2026-02-05,E1059,Simran Mishra,Sales,Varanasi,Morning,Present,8.18,2026-02
2026-02-06,E1059,Simran Mishra,Sales,Varanasi,Morning,Leave,0.0,2026-02
2026-02-09,E1059,Simran Mishra,Sales,Varanasi,Morning,Absent,0.0,2026-02
2026-02-10,E1059,Simran Mishra,Sales,Varanasi,Morning,Present,7.53,2026-02
2026-02-11,E1059,Simran Mishra,Sales,Varanasi,Morning,Late,8.0,2026-02
2026-02-12,E1059,Simran Mishra,Sales,Varanasi,Morning,Present,8.12,2026-02
2026-02-13,E1059,Simran Mishra,Sales,Varanasi,Morning,Present,8.19,2026-02
2026-02-16,E1059,Simran Mishra,Sales,Varanasi,Morning,Present,8.36,2026-02
2026-02-17,E1059,Simran Mishra,Sales,Varanasi,Morning,Present,7.79,2026-02
2026-02-18,E1059,Simran Mishra,Sales,Varanasi,Morning,Present,8.69,2026-02
2026-02-19,E1059,Simran Mishra,Sales,Varanasi,Morning,Present,7.39,2026-02
2026-02-20,E1059,Simran Mishra,Sales,Varanasi,Morning,Present,8.37,2026-02
2026-02-23,E1059,Simran Mishra,Sales,Varanasi,Morning,Present,9.24,2026-02
2026-02-24,E1059,Simran Mishra,Sales,Varanasi,Morning,Present,7.26,2026-02
2026-02-25,E1059,Simran Mishra,Sales,Varanasi,Morning,Present,7.46,2026-02
2026-02-26,E1059,Simran Mishra,Sales,Varanasi,Morning,Present,8.5,2026-02
2026-02-27,E1059,Simran Mishra,Sales,Varanasi,Morning,Present,7.32,2026-02
2026-03-02,E1059,Simran Mishra,Sales,Varanasi,Morning,Present,8.33,2026-03
2026-03-03,E1059,Simran Mishra,Sales,Varanasi,Morning,Present,8.1,2026-03
2026-03-04,E1059,Simran Mishra,Sales,Varanasi,Morning,Present,8.36,2026-03
2026-03-05,E1059,Simran Mishra,Sales,Varanasi,Morning,Present,7.8,2026-03
2026-03-06,E1059,Simran Mishra,Sales,Varanasi,Morning,Present,8.0,2026-03
2026-03-09,E1059,Simran Mishra,Sales,Varanasi,Morning,Present,8.13,2026-03
2026-03-10,E1059,Simran Mishra,Sales,Varanasi,Morning,Present,8.5,2026-03
2026-03-11,E1059,Simran Mishra,Sales,Varanasi,Morning,Present,7.64,2026-03
2026-03-12,E1059,Simran Mishra,Sales,Varanasi,Morning,Present,7.86,2026-03
2026-03-13,E1059,Simran Mishra,Sales,Varanasi,Morning,Present,7.88,2026-03
2026-03-16,E1059,Simran Mishra,Sales,Varanasi,Morning,Present,6.64,2026-03
2026-03-17,E1059,Simran Mishra,Sales,Varanasi,Morning,Present,8.64,2026-03
2026-03-18,E1059,Simran Mishra,Sales,Varanasi,Morning,Present,7.4,2026-03
2026-03-19,E1059,Simran Mishra,Sales,Varanasi,Morning,Present,8.8,2026-03
2026-03-20,E1059,Simran Mishra,Sales,Varanasi,Morning,Late,7.81,2026-03
2026-03-23,E1059,Simran Mishra,Sales,Varanasi,Morning,Present,8.29,2026-03
2026-03-24,E1059,Simran Mishra,Sales,Varanasi,Morning,Present,7.66,2026-03
2026-03-25,E1059,Simran Mishra,Sales,Varanasi,Morning,Present,8.39,2026-03
2026-03-26,E1059,Simran Mishra,Sales,Varanasi,Morning,Present,8.04,2026-03
2026-03-27,E1059,Simran Mishra,Sales,Varanasi,Morning,Leave,0.0,2026-03
2026-03-30,E1059,Simran Mishra,Sales,Varanasi,Morning,Late,7.56,2026-03
2026-03-31,E1059,Simran Mishra,Sales,Varanasi,Morning,Present,8.41,2026-03
2026-01-01,E1060,Karan Kumar,Sales,Gurugram,General,Present,8.74,2026-01
2026-01-02,E1060,Karan Kumar,Sales,Gurugram,General,Present,7.95,2026-01
2026-01-05,E1060,Karan Kumar,Sales,Gurugram,General,Present,6.75,2026-01
2026-01-06,E1060,Karan Kumar,Sales,Gurugram,General,Present,7.61,2026-01
2026-01-07,E1060,Karan Kumar,Sales,Gurugram,General,Present,7.52,2026-01
2026-01-08,E1060,Karan Kumar,Sales,Gurugram,General,Present,8.2,2026-01
2026-01-09,E1060,Karan Kumar,Sales,Gurugram,General,Late,7.86,2026-01
2026-01-12,E1060,Karan Kumar,Sales,Gurugram,General,Present,8.37,2026-01
2026-01-13,E1060,Karan Kumar,Sales,Gurugram,General,Present,8.57,2026-01
2026-01-14,E1060,Karan Kumar,Sales,Gurugram,General,Present,8.31,2026-01
2026-01-15,E1060,Karan Kumar,Sales,Gurugram,General,Present,7.48,2026-01
2026-01-16,E1060,Karan Kumar,Sales,Gurugram,General,Present,8.2,2026-01
2026-01-19,E1060,Karan Kumar,Sales,Gurugram,General,Present,7.81,2026-01
2026-01-20,E1060,Karan Kumar,Sales,Gurugram,General,Present,8.12,2026-01
2026-01-21,E1060,Karan Kumar,Sales,Gurugram,General,Present,7.94,2026-01
2026-01-22,E1060,Karan Kumar,Sales,Gurugram,General,Present,7.87,2026-01
2026-01-23,E1060,Karan Kumar,Sales,Gurugram,General,Present,7.96,2026-01
2026-01-26,E1060,Karan Kumar,Sales,Gurugram,General,Present,8.8,2026-01
2026-01-27,E1060,Karan Kumar,Sales,Gurugram,General,Present,7.18,2026-01
2026-01-28,E1060,Karan Kumar,Sales,Gurugram,General,Present,7.54,2026-01
2026-01-29,E1060,Karan Kumar,Sales,Gurugram,General,Present,7.59,2026-01
2026-01-30,E1060,Karan Kumar,Sales,Gurugram,General,Present,7.93,2026-01
2026-02-02,E1060,Karan Kumar,Sales,Gurugram,General,Present,8.33,2026-02
2026-02-03,E1060,Karan Kumar,Sales,Gurugram,General,Present,6.9,2026-02
2026-02-04,E1060,Karan Kumar,Sales,Gurugram,General,Present,7.9,2026-02
2026-02-05,E1060,Karan Kumar,Sales,Gurugram,General,Present,8.39,2026-02
2026-02-06,E1060,Karan Kumar,Sales,Gurugram,General,Late,7.98,2026-02
2026-02-09,E1060,Karan Kumar,Sales,Gurugram,General,Present,7.33,2026-02
2026-02-10,E1060,Karan Kumar,Sales,Gurugram,General,Present,8.51,2026-02
2026-02-11,E1060,Karan Kumar,Sales,Gurugram,General,Present,8.41,2026-02
2026-02-12,E1060,Karan Kumar,Sales,Gurugram,General,Present,8.61,2026-02
2026-02-13,E1060,Karan Kumar,Sales,Gurugram,General,Present,8.03,2026-02
2026-02-16,E1060,Karan Kumar,Sales,Gurugram,General,Present,8.16,2026-02
2026-02-17,E1060,Karan Kumar,Sales,Gurugram,General,Present,8.42,2026-02
2026-02-18,E1060,Karan Kumar,Sales,Gurugram,General,Present,8.13,2026-02
2026-02-19,E1060,Karan Kumar,Sales,Gurugram,General,Present,7.37,2026-02
2026-02-20,E1060,Karan Kumar,Sales,Gurugram,General,Present,7.61,2026-02
2026-02-23,E1060,Karan Kumar,Sales,Gurugram,General,Present,8.04,2026-02
2026-02-24,E1060,Karan Kumar,Sales,Gurugram,General,Present,8.78,2026-02
2026-02-25,E1060,Karan Kumar,Sales,Gurugram,General,Present,8.28,2026-02
2026-02-26,E1060,Karan Kumar,Sales,Gurugram,General,Present,7.73,2026-02
2026-02-27,E1060,Karan Kumar,Sales,Gurugram,General,Present,7.76,2026-02
2026-03-02,E1060,Karan Kumar,Sales,Gurugram,General,Present,7.78,2026-03
2026-03-03,E1060,Karan Kumar,Sales,Gurugram,General,Late,7.32,2026-03
2026-03-04,E1060,Karan Kumar,Sales,Gurugram,General,Present,7.98,2026-03
2026-03-05,E1060,Karan Kumar,Sales,Gurugram,General,Present,7.95,2026-03
2026-03-06,E1060,Karan Kumar,Sales,Gurugram,General,Present,7.96,2026-03
2026-03-09,E1060,Karan Kumar,Sales,Gurugram,General,Present,7.38,2026-03
2026-03-10,E1060,Karan Kumar,Sales,Gurugram,General,Present,7.39,2026-03
2026-03-11,E1060,Karan Kumar,Sales,Gurugram,General,Present,7.83,2026-03
2026-03-12,E1060,Karan Kumar,Sales,Gurugram,General,Present,7.54,2026-03
2026-03-13,E1060,Karan Kumar,Sales,Gurugram,General,Present,7.95,2026-03
2026-03-16,E1060,Karan Kumar,Sales,Gurugram,General,Present,8.4,2026-03
2026-03-17,E1060,Karan Kumar,Sales,Gurugram,General,Present,8.59,2026-03
2026-03-18,E1060,Karan Kumar,Sales,Gurugram,General,Present,8.39,2026-03
2026-03-19,E1060,Karan Kumar,Sales,Gurugram,General,Present,8.06,2026-03
2026-03-20,E1060,Karan Kumar,Sales,Gurugram,General,Present,8.31,2026-03
2026-03-23,E1060,Karan Kumar,Sales,Gurugram,General,Present,8.05,2026-03
2026-03-24,E1060,Karan Kumar,Sales,Gurugram,General,Present,7.98,2026-03
2026-03-25,E1060,Karan Kumar,Sales,Gurugram,General,Present,8.32,2026-03
2026-03-26,E1060,Karan Kumar,Sales,Gurugram,General,Late,7.3,2026-03
2026-03-27,E1060,Karan Kumar,Sales,Gurugram,General,Present,7.39,2026-03
2026-03-30,E1060,Karan Kumar,Sales,Gurugram,General,Present,7.9,2026-03
2026-03-31,E1060,Karan Kumar,Sales,Gurugram,General,Present,7.32,2026-03
2026-01-01,E1061,Rohan Maurya,Sales,Gurugram,Morning,Present,8.42,2026-01
2026-01-02,E1061,Rohan Maurya,Sales,Gurugram,Morning,Present,8.27,2026-01
2026-01-05,E1061,Rohan Maurya,Sales,Gurugram,Morning,Present,8.16,2026-01
2026-01-06,E1061,Rohan Maurya,Sales,Gurugram,Morning,Present,8.52,2026-01
2026-01-07,E1061,Rohan Maurya,Sales,Gurugram,Morning,Present,8.45,2026-01
2026-01-08,E1061,Rohan Maurya,Sales,Gurugram,Morning,Present,7.81,2026-01
2026-01-09,E1061,Rohan Maurya,Sales,Gurugram,Morning,Present,7.85,2026-01
2026-01-12,E1061,Rohan Maurya,Sales,Gurugram,Morning,Present,8.42,2026-01
2026-01-13,E1061,Rohan Maurya,Sales,Gurugram,Morning,Present,8.08,2026-01
2026-01-14,E1061,Rohan Maurya,Sales,Gurugram,Morning,Leave,0.0,2026-01
2026-01-15,E1061,Rohan Maurya,Sales,Gurugram,Morning,Absent,0.0,2026-01
2026-01-16,E1061,Rohan Maurya,Sales,Gurugram,Morning,Present,7.87,2026-01
2026-01-19,E1061,Rohan Maurya,Sales,Gurugram,Morning,Present,7.68,2026-01
2026-01-20,E1061,Rohan Maurya,Sales,Gurugram,Morning,Present,8.31,2026-01
2026-01-21,E1061,Rohan Maurya,Sales,Gurugram,Morning,Present,7.78,2026-01
2026-01-22,E1061,Rohan Maurya,Sales,Gurugram,Morning,Present,7.99,2026-01
2026-01-23,E1061,Rohan Maurya,Sales,Gurugram,Morning,Present,8.31,2026-01
2026-01-26,E1061,Rohan Maurya,Sales,Gurugram,Morning,Present,8.55,2026-01
2026-01-27,E1061,Rohan Maurya,Sales,Gurugram,Morning,Present,8.61,2026-01
2026-01-28,E1061,Rohan Maurya,Sales,Gurugram,Morning,Present,8.64,2026-01
2026-01-29,E1061,Rohan Maurya,Sales,Gurugram,Morning,Present,8.03,2026-01
2026-01-30,E1061,Rohan Maurya,Sales,Gurugram,Morning,Present,7.99,2026-01
2026-02-02,E1061,Rohan Maurya,Sales,Gurugram,Morning,Present,7.58,2026-02
2026-02-03,E1061,Rohan Maurya,Sales,Gurugram,Morning,Present,8.76,2026-02
2026-02-04,E1061,Rohan Maurya,Sales,Gurugram,Morning,Present,7.97,2026-02
2026-02-05,E1061,Rohan Maurya,Sales,Gurugram,Morning,Present,8.75,2026-02
2026-02-06,E1061,Rohan Maurya,Sales,Gurugram,Morning,Present,8.23,2026-02
2026-02-09,E1061,Rohan Maurya,Sales,Gurugram,Morning,Present,8.57,2026-02
2026-02-10,E1061,Rohan Maurya,Sales,Gurugram,Morning,Present,8.06,2026-02
2026-02-11,E1061,Rohan Maurya,Sales,Gurugram,Morning,Present,8.36,2026-02
2026-02-12,E1061,Rohan Maurya,Sales,Gurugram,Morning,Present,8.59,2026-02
2026-02-13,E1061,Rohan Maurya,Sales,Gurugram,Morning,Present,7.88,2026-02
2026-02-16,E1061,Rohan Maurya,Sales,Gurugram,Morning,Present,8.64,2026-02
2026-02-17,E1061,Rohan Maurya,Sales,Gurugram,Morning,Present,7.63,2026-02
2026-02-18,E1061,Rohan Maurya,Sales,Gurugram,Morning,Present,8.9,2026-02
2026-02-19,E1061,Rohan Maurya,Sales,Gurugram,Morning,Present,8.17,2026-02
2026-02-20,E1061,Rohan Maurya,Sales,Gurugram,Morning,Present,7.79,2026-02
2026-02-23,E1061,Rohan Maurya,Sales,Gurugram,Morning,Present,8.47,2026-02
2026-02-24,E1061,Rohan Maurya,Sales,Gurugram,Morning,Present,8.25,2026-02
2026-02-25,E1061,Rohan Maurya,Sales,Gurugram,Morning,Present,7.33,2026-02
2026-02-26,E1061,Rohan Maurya,Sales,Gurugram,Morning,Present,7.92,2026-02
2026-02-27,E1061,Rohan Maurya,Sales,Gurugram,Morning,Present,7.65,2026-02
2026-03-02,E1061,Rohan Maurya,Sales,Gurugram,Morning,Present,7.69,2026-03
2026-03-03,E1061,Rohan Maurya,Sales,Gurugram,Morning,Present,7.67,2026-03
2026-03-04,E1061,Rohan Maurya,Sales,Gurugram,Morning,Present,8.33,2026-03
2026-03-05,E1061,Rohan Maurya,Sales,Gurugram,Morning,Present,8.5,2026-03
2026-03-06,E1061,Rohan Maurya,Sales,Gurugram,Morning,Present,7.76,2026-03
2026-03-09,E1061,Rohan Maurya,Sales,Gurugram,Morning,Present,7.23,2026-03
2026-03-10,E1061,Rohan Maurya,Sales,Gurugram,Morning,Present,7.03,2026-03
2026-03-11,E1061,Rohan Maurya,Sales,Gurugram,Morning,Present,9.03,2026-03
2026-03-12,E1061,Rohan Maurya,Sales,Gurugram,Morning,Present,8.17,2026-03
2026-03-13,E1061,Rohan Maurya,Sales,Gurugram,Morning,Present,8.47,2026-03
2026-03-16,E1061,Rohan Maurya,Sales,Gurugram,Morning,Present,8.01,2026-03
2026-03-17,E1061,Rohan Maurya,Sales,Gurugram,Morning,Present,7.14,2026-03
2026-03-18,E1061,Rohan Maurya,Sales,Gurugram,Morning,Present,8.29,2026-03
2026-03-19,E1061,Rohan Maurya,Sales,Gurugram,Morning,Present,8.84,2026-03
2026-03-20,E1061,Rohan Maurya,Sales,Gurugram,Morning,Present,7.82,2026-03
2026-03-23,E1061,Rohan Maurya,Sales,Gurugram,Morning,Present,7.1,2026-03
2026-03-24,E1061,Rohan Maurya,Sales,Gurugram,Morning,Present,7.57,2026-03
2026-03-25,E1061,Rohan Maurya,Sales,Gurugram,Morning,Present,8.49,2026-03
2026-03-26,E1061,Rohan Maurya,Sales,Gurugram,Morning,Present,8.25,2026-03
2026-03-27,E1061,Rohan Maurya,Sales,Gurugram,Morning,Present,8.64,2026-03
2026-03-30,E1061,Rohan Maurya,Sales,Gurugram,Morning,Present,8.1,2026-03
2026-03-31,E1061,Rohan Maurya,Sales,Gurugram,Morning,Present,8.41,2026-03
2026-01-01,E1062,Yash Sinha,Sales,Kanpur,Morning,Present,8.6,2026-01
2026-01-02,E1062,Yash Sinha,Sales,Kanpur,Morning,Present,8.64,2026-01
2026-01-05,E1062,Yash Sinha,Sales,Kanpur,Morning,Present,7.37,2026-01
2026-01-06,E1062,Yash Sinha,Sales,Kanpur,Morning,Present,7.79,2026-01
2026-01-07,E1062,Yash Sinha,Sales,Kanpur,Morning,Present,9.11,2026-01
2026-01-08,E1062,Yash Sinha,Sales,Kanpur,Morning,Present,7.69,2026-01
2026-01-09,E1062,Yash Sinha,Sales,Kanpur,Morning,Present,7.36,2026-01
2026-01-12,E1062,Yash Sinha,Sales,Kanpur,Morning,Present,7.85,2026-01
2026-01-13,E1062,Yash Sinha,Sales,Kanpur,Morning,Present,7.17,2026-01
2026-01-14,E1062,Yash Sinha,Sales,Kanpur,Morning,Present,7.31,2026-01
2026-01-15,E1062,Yash Sinha,Sales,Kanpur,Morning,Present,7.82,2026-01
2026-01-16,E1062,Yash Sinha,Sales,Kanpur,Morning,Present,7.84,2026-01
2026-01-19,E1062,Yash Sinha,Sales,Kanpur,Morning,Present,7.28,2026-01
2026-01-20,E1062,Yash Sinha,Sales,Kanpur,Morning,Present,8.63,2026-01
2026-01-21,E1062,Yash Sinha,Sales,Kanpur,Morning,Present,7.89,2026-01
2026-01-22,E1062,Yash Sinha,Sales,Kanpur,Morning,Present,7.92,2026-01
2026-01-23,E1062,Yash Sinha,Sales,Kanpur,Morning,Present,7.89,2026-01
2026-01-26,E1062,Yash Sinha,Sales,Kanpur,Morning,Present,8.06,2026-01
2026-01-27,E1062,Yash Sinha,Sales,Kanpur,Morning,Present,8.89,2026-01
2026-01-28,E1062,Yash Sinha,Sales,Kanpur,Morning,Present,8.33,2026-01
2026-01-29,E1062,Yash Sinha,Sales,Kanpur,Morning,Present,8.1,2026-01
2026-01-30,E1062,Yash Sinha,Sales,Kanpur,Morning,Present,7.59,2026-01
2026-02-02,E1062,Yash Sinha,Sales,Kanpur,Morning,Present,7.71,2026-02
2026-02-03,E1062,Yash Sinha,Sales,Kanpur,Morning,Present,7.91,2026-02
2026-02-04,E1062,Yash Sinha,Sales,Kanpur,Morning,Present,7.88,2026-02
2026-02-05,E1062,Yash Sinha,Sales,Kanpur,Morning,Present,8.31,2026-02
2026-02-06,E1062,Yash Sinha,Sales,Kanpur,Morning,Present,7.33,2026-02
2026-02-09,E1062,Yash Sinha,Sales,Kanpur,Morning,Present,8.46,2026-02
2026-02-10,E1062,Yash Sinha,Sales,Kanpur,Morning,Present,7.96,2026-02
2026-02-11,E1062,Yash Sinha,Sales,Kanpur,Morning,Present,7.51,2026-02
2026-02-12,E1062,Yash Sinha,Sales,Kanpur,Morning,Present,8.11,2026-02
2026-02-13,E1062,Yash Sinha,Sales,Kanpur,Morning,Present,7.96,2026-02
2026-02-16,E1062,Yash Sinha,Sales,Kanpur,Morning,Absent,0.0,2026-02
2026-02-17,E1062,Yash Sinha,Sales,Kanpur,Morning,Present,9.24,2026-02
2026-02-18,E1062,Yash Sinha,Sales,Kanpur,Morning,Leave,0.0,2026-02
2026-02-19,E1062,Yash Sinha,Sales,Kanpur,Morning,Present,7.65,2026-02
2026-02-20,E1062,Yash Sinha,Sales,Kanpur,Morning,Present,7.75,2026-02
2026-02-23,E1062,Yash Sinha,Sales,Kanpur,Morning,Present,7.71,2026-02
2026-02-24,E1062,Yash Sinha,Sales,Kanpur,Morning,Present,7.76,2026-02
2026-02-25,E1062,Yash Sinha,Sales,Kanpur,Morning,Present,8.1,2026-02
2026-02-26,E1062,Yash Sinha,Sales,Kanpur,Morning,Present,8.54,2026-02
2026-02-27,E1062,Yash Sinha,Sales,Kanpur,Morning,Present,7.54,2026-02
2026-03-02,E1062,Yash Sinha,Sales,Kanpur,Morning,Late,7.54,2026-03
2026-03-03,E1062,Yash Sinha,Sales,Kanpur,Morning,Present,8.64,2026-03
2026-03-04,E1062,Yash Sinha,Sales,Kanpur,Morning,Late,6.51,2026-03
2026-03-05,E1062,Yash Sinha,Sales,Kanpur,Morning,Present,8.08,2026-03
2026-03-06,E1062,Yash Sinha,Sales,Kanpur,Morning,Present,8.55,2026-03
2026-03-09,E1062,Yash Sinha,Sales,Kanpur,Morning,Present,7.96,2026-03
2026-03-10,E1062,Yash Sinha,Sales,Kanpur,Morning,Present,7.83,2026-03
2026-03-11,E1062,Yash Sinha,Sales,Kanpur,Morning,Present,7.56,2026-03
2026-03-12,E1062,Yash Sinha,Sales,Kanpur,Morning,Present,7.71,2026-03
2026-03-13,E1062,Yash Sinha,Sales,Kanpur,Morning,Present,8.48,2026-03
2026-03-16,E1062,Yash Sinha,Sales,Kanpur,Morning,Present,8.08,2026-03
2026-03-17,E1062,Yash Sinha,Sales,Kanpur,Morning,Present,8.19,2026-03
2026-03-18,E1062,Yash Sinha,Sales,Kanpur,Morning,Present,8.86,2026-03
2026-03-19,E1062,Yash Sinha,Sales,Kanpur,Morning,Present,8.8,2026-03
2026-03-20,E1062,Yash Sinha,Sales,Kanpur,Morning,Present,8.11,2026-03
2026-03-23,E1062,Yash Sinha,Sales,Kanpur,Morning,Present,7.8,2026-03
2026-03-24,E1062,Yash Sinha,Sales,Kanpur,Morning,Present,8.2,2026-03
2026-03-25,E1062,Yash Sinha,Sales,Kanpur,Morning,Present,7.72,2026-03
2026-03-26,E1062,Yash Sinha,Sales,Kanpur,Morning,Present,7.91,2026-03
2026-03-27,E1062,Yash Sinha,Sales,Kanpur,Morning,Present,8.34,2026-03
2026-03-30,E1062,Yash Sinha,Sales,Kanpur,Morning,Present,7.92,2026-03
2026-03-31,E1062,Yash Sinha,Sales,Kanpur,Morning,Present,8.1,2026-03
2026-01-01,E1063,Pooja Kumar,Sales,Varanasi,Morning,Present,8.12,2026-01
2026-01-02,E1063,Pooja Kumar,Sales,Varanasi,Morning,Present,7.93,2026-01
2026-01-05,E1063,Pooja Kumar,Sales,Varanasi,Morning,Present,8.23,2026-01
2026-01-06,E1063,Pooja Kumar,Sales,Varanasi,Morning,Present,7.71,2026-01
2026-01-07,E1063,Pooja Kumar,Sales,Varanasi,Morning,Present,7.7,2026-01
2026-01-08,E1063,Pooja Kumar,Sales,Varanasi,Morning,Present,7.79,2026-01
2026-01-09,E1063,Pooja Kumar,Sales,Varanasi,Morning,Present,8.62,2026-01
2026-01-12,E1063,Pooja Kumar,Sales,Varanasi,Morning,Present,8.58,2026-01
2026-01-13,E1063,Pooja Kumar,Sales,Varanasi,Morning,Present,7.52,2026-01
2026-01-14,E1063,Pooja Kumar,Sales,Varanasi,Morning,Present,8.89,2026-01
2026-01-15,E1063,Pooja Kumar,Sales,Varanasi,Morning,Present,8.09,2026-01
2026-01-16,E1063,Pooja Kumar,Sales,Varanasi,Morning,Present,8.29,2026-01
2026-01-19,E1063,Pooja Kumar,Sales,Varanasi,Morning,Present,7.78,2026-01
2026-01-20,E1063,Pooja Kumar,Sales,Varanasi,Morning,Present,8.11,2026-01
2026-01-21,E1063,Pooja Kumar,Sales,Varanasi,Morning,Present,7.59,2026-01
2026-01-22,E1063,Pooja Kumar,Sales,Varanasi,Morning,Present,7.75,2026-01
2026-01-23,E1063,Pooja Kumar,Sales,Varanasi,Morning,Present,8.48,2026-01
2026-01-26,E1063,Pooja Kumar,Sales,Varanasi,Morning,Leave,0.0,2026-01
2026-01-27,E1063,Pooja Kumar,Sales,Varanasi,Morning,Present,7.97,2026-01
2026-01-28,E1063,Pooja Kumar,Sales,Varanasi,Morning,Present,8.62,2026-01
2026-01-29,E1063,Pooja Kumar,Sales,Varanasi,Morning,Present,7.99,2026-01
2026-01-30,E1063,Pooja Kumar,Sales,Varanasi,Morning,Present,7.96,2026-01
2026-02-02,E1063,Pooja Kumar,Sales,Varanasi,Morning,Present,8.68,2026-02
2026-02-03,E1063,Pooja Kumar,Sales,Varanasi,Morning,Present,7.52,2026-02
2026-02-04,E1063,Pooja Kumar,Sales,Varanasi,Morning,Present,8.55,2026-02
2026-02-05,E1063,Pooja Kumar,Sales,Varanasi,Morning,Present,7.26,2026-02
2026-02-06,E1063,Pooja Kumar,Sales,Varanasi,Morning,Present,8.55,2026-02
2026-02-09,E1063,Pooja Kumar,Sales,Varanasi,Morning,Present,7.5,2026-02
2026-02-10,E1063,Pooja Kumar,Sales,Varanasi,Morning,Present,7.73,2026-02
2026-02-11,E1063,Pooja Kumar,Sales,Varanasi,Morning,Present,7.54,2026-02
2026-02-12,E1063,Pooja Kumar,Sales,Varanasi,Morning,Present,8.41,2026-02
2026-02-13,E1063,Pooja Kumar,Sales,Varanasi,Morning,Present,8.11,2026-02
2026-02-16,E1063,Pooja Kumar,Sales,Varanasi,Morning,Present,8.45,2026-02
2026-02-17,E1063,Pooja Kumar,Sales,Varanasi,Morning,Present,8.17,2026-02
2026-02-18,E1063,Pooja Kumar,Sales,Varanasi,Morning,Present,7.91,2026-02
2026-02-19,E1063,Pooja Kumar,Sales,Varanasi,Morning,Present,8.37,2026-02
2026-02-20,E1063,Pooja Kumar,Sales,Varanasi,Morning,Present,8.2,2026-02
2026-02-23,E1063,Pooja Kumar,Sales,Varanasi,Morning,Present,8.16,2026-02
2026-02-24,E1063,Pooja Kumar,Sales,Varanasi,Morning,Present,7.88,2026-02
2026-02-25,E1063,Pooja Kumar,Sales,Varanasi,Morning,Present,8.09,2026-02
2026-02-26,E1063,Pooja Kumar,Sales,Varanasi,Morning,Present,7.97,2026-02
2026-02-27,E1063,Pooja Kumar,Sales,Varanasi,Morning,Present,7.93,2026-02
2026-03-02,E1063,Pooja Kumar,Sales,Varanasi,Morning,Present,8.15,2026-03
2026-03-03,E1063,Pooja Kumar,Sales,Varanasi,Morning,Present,9.17,2026-03
2026-03-04,E1063,Pooja Kumar,Sales,Varanasi,Morning,Present,7.78,2026-03
2026-03-05,E1063,Pooja Kumar,Sales,Varanasi,Morning,Present,8.87,2026-03
2026-03-06,E1063,Pooja Kumar,Sales,Varanasi,Morning,Present,8.39,2026-03
2026-03-09,E1063,Pooja Kumar,Sales,Varanasi,Morning,Present,7.99,2026-03
2026-03-10,E1063,Pooja Kumar,Sales,Varanasi,Morning,Present,7.59,2026-03
2026-03-11,E1063,Pooja Kumar,Sales,Varanasi,Morning,Present,7.43,2026-03
2026-03-12,E1063,Pooja Kumar,Sales,Varanasi,Morning,Present,7.88,2026-03
2026-03-13,E1063,Pooja Kumar,Sales,Varanasi,Morning,Present,8.07,2026-03
2026-03-16,E1063,Pooja Kumar,Sales,Varanasi,Morning,Present,8.6,2026-03
2026-03-17,E1063,Pooja Kumar,Sales,Varanasi,Morning,Present,8.52,2026-03
2026-03-18,E1063,Pooja Kumar,Sales,Varanasi,Morning,Present,7.97,2026-03
2026-03-19,E1063,Pooja Kumar,Sales,Varanasi,Morning,Present,7.88,2026-03
2026-03-20,E1063,Pooja Kumar,Sales,Varanasi,Morning,Late,7.36,2026-03
2026-03-23,E1063,Pooja Kumar,Sales,Varanasi,Morning,Present,8.1,2026-03
2026-03-24,E1063,Pooja Kumar,Sales,Varanasi,Morning,Present,7.76,2026-03
2026-03-25,E1063,Pooja Kumar,Sales,Varanasi,Morning,Late,7.57,2026-03
2026-03-26,E1063,Pooja Kumar,Sales,Varanasi,Morning,Present,8.12,2026-03
2026-03-27,E1063,Pooja Kumar,Sales,Varanasi,Morning,Present,8.13,2026-03
2026-03-30,E1063,Pooja Kumar,Sales,Varanasi,Morning,Present,8.76,2026-03
2026-03-31,E1063,Pooja Kumar,Sales,Varanasi,Morning,Present,8.7,2026-03
2026-01-01,E1064,Rohan Yadav,Sales,Gurugram,Morning,Present,8.11,2026-01
2026-01-02,E1064,Rohan Yadav,Sales,Gurugram,Morning,Present,7.96,2026-01
2026-01-05,E1064,Rohan Yadav,Sales,Gurugram,Morning,Present,8.28,2026-01
2026-01-06,E1064,Rohan Yadav,Sales,Gurugram,Morning,Present,8.68,2026-01
2026-01-07,E1064,Rohan Yadav,Sales,Gurugram,Morning,Present,8.12,2026-01
2026-01-08,E1064,Rohan Yadav,Sales,Gurugram,Morning,Present,7.85,2026-01
2026-01-09,E1064,Rohan Yadav,Sales,Gurugram,Morning,Present,8.11,2026-01
2026-01-12,E1064,Rohan Yadav,Sales,Gurugram,Morning,Present,8.24,2026-01
2026-01-13,E1064,Rohan Yadav,Sales,Gurugram,Morning,Present,7.59,2026-01
2026-01-14,E1064,Rohan Yadav,Sales,Gurugram,Morning,Present,7.49,2026-01
2026-01-15,E1064,Rohan Yadav,Sales,Gurugram,Morning,Present,7.86,2026-01
2026-01-16,E1064,Rohan Yadav,Sales,Gurugram,Morning,Present,8.82,2026-01
2026-01-19,E1064,Rohan Yadav,Sales,Gurugram,Morning,Present,8.65,2026-01
2026-01-20,E1064,Rohan Yadav,Sales,Gurugram,Morning,Present,7.39,2026-01
2026-01-21,E1064,Rohan Yadav,Sales,Gurugram,Morning,Present,7.68,2026-01
2026-01-22,E1064,Rohan Yadav,Sales,Gurugram,Morning,Present,8.44,2026-01
2026-01-23,E1064,Rohan Yadav,Sales,Gurugram,Morning,Present,7.91,2026-01
2026-01-26,E1064,Rohan Yadav,Sales,Gurugram,Morning,Late,7.73,2026-01
2026-01-27,E1064,Rohan Yadav,Sales,Gurugram,Morning,Present,7.41,2026-01
2026-01-28,E1064,Rohan Yadav,Sales,Gurugram,Morning,Present,8.11,2026-01
2026-01-29,E1064,Rohan Yadav,Sales,Gurugram,Morning,Present,8.06,2026-01
2026-01-30,E1064,Rohan Yadav,Sales,Gurugram,Morning,Present,8.54,2026-01
2026-02-02,E1064,Rohan Yadav,Sales,Gurugram,Morning,Present,8.28,2026-02
2026-02-03,E1064,Rohan Yadav,Sales,Gurugram,Morning,Present,8.16,2026-02
2026-02-04,E1064,Rohan Yadav,Sales,Gurugram,Morning,Present,7.32,2026-02
2026-02-05,E1064,Rohan Yadav,Sales,Gurugram,Morning,Present,8.98,2026-02
2026-02-06,E1064,Rohan Yadav,Sales,Gurugram,Morning,Present,8.41,2026-02
2026-02-09,E1064,Rohan Yadav,Sales,Gurugram,Morning,Present,7.78,2026-02
2026-02-10,E1064,Rohan Yadav,Sales,Gurugram,Morning,Present,8.15,2026-02
2026-02-11,E1064,Rohan Yadav,Sales,Gurugram,Morning,Present,7.93,2026-02
2026-02-12,E1064,Rohan Yadav,Sales,Gurugram,Morning,Present,8.01,2026-02
2026-02-13,E1064,Rohan Yadav,Sales,Gurugram,Morning,Present,8.64,2026-02
2026-02-16,E1064,Rohan Yadav,Sales,Gurugram,Morning,Present,7.68,2026-02
2026-02-17,E1064,Rohan Yadav,Sales,Gurugram,Morning,Present,8.43,2026-02
2026-02-18,E1064,Rohan Yadav,Sales,Gurugram,Morning,Present,8.66,2026-02
2026-02-19,E1064,Rohan Yadav,Sales,Gurugram,Morning,Present,8.35,2026-02
2026-02-20,E1064,Rohan Yadav,Sales,Gurugram,Morning,Present,8.03,2026-02
2026-02-23,E1064,Rohan Yadav,Sales,Gurugram,Morning,Present,7.75,2026-02
2026-02-24,E1064,Rohan Yadav,Sales,Gurugram,Morning,Present,7.81,2026-02
2026-02-25,E1064,Rohan Yadav,Sales,Gurugram,Morning,Present,8.16,2026-02
2026-02-26,E1064,Rohan Yadav,Sales,Gurugram,Morning,Present,7.25,2026-02
2026-02-27,E1064,Rohan Yadav,Sales,Gurugram,Morning,Leave,0.0,2026-02
2026-03-02,E1064,Rohan Yadav,Sales,Gurugram,Morning,Present,8.9,2026-03
2026-03-03,E1064,Rohan Yadav,Sales,Gurugram,Morning,Present,8.19,2026-03
2026-03-04,E1064,Rohan Yadav,Sales,Gurugram,Morning,Present,7.52,2026-03
2026-03-05,E1064,Rohan Yadav,Sales,Gurugram,Morning,Present,7.64,2026-03
2026-03-06,E1064,Rohan Yadav,Sales,Gurugram,Morning,Present,7.35,2026-03
2026-03-09,E1064,Rohan Yadav,Sales,Gurugram,Morning,Present,8.38,2026-03
2026-03-10,E1064,Rohan Yadav,Sales,Gurugram,Morning,Present,7.53,2026-03
2026-03-11,E1064,Rohan Yadav,Sales,Gurugram,Morning,Present,8.5,2026-03
2026-03-12,E1064,Rohan Yadav,Sales,Gurugram,Morning,Present,8.18,2026-03
2026-03-13,E1064,Rohan Yadav,Sales,Gurugram,Morning,Present,7.23,2026-03
2026-03-16,E1064,Rohan Yadav,Sales,Gurugram,Morning,Present,7.26,2026-03
2026-03-17,E1064,Rohan Yadav,Sales,Gurugram,Morning,Present,7.69,2026-03
2026-03-18,E1064,Rohan Yadav,Sales,Gurugram,Morning,Present,8.02,2026-03
2026-03-19,E1064,Rohan Yadav,Sales,Gurugram,Morning,Present,8.66,2026-03
2026-03-20,E1064,Rohan Yadav,Sales,Gurugram,Morning,Present,8.31,2026-03
2026-03-23,E1064,Rohan Yadav,Sales,Gurugram,Morning,Present,8.41,2026-03
2026-03-24,E1064,Rohan Yadav,Sales,Gurugram,Morning,Present,7.97,2026-03
2026-03-25,E1064,Rohan Yadav,Sales,Gurugram,Morning,Present,7.36,2026-03
2026-03-26,E1064,Rohan Yadav,Sales,Gurugram,Morning,Present,8.36,2026-03
2026-03-27,E1064,Rohan Yadav,Sales,Gurugram,Morning,Present,8.14,2026-03
2026-03-30,E1064,Rohan Yadav,Sales,Gurugram,Morning,Present,7.85,2026-03
2026-03-31,E1064,Rohan Yadav,Sales,Gurugram,Morning,Present,8.13,2026-03
2026-01-01,E1065,Tanvi Yadav,Sales,Varanasi,General,Present,8.14,2026-01
2026-01-02,E1065,Tanvi Yadav,Sales,Varanasi,General,Present,7.81,2026-01
2026-01-05,E1065,Tanvi Yadav,Sales,Varanasi,General,Present,7.82,2026-01
2026-01-06,E1065,Tanvi Yadav,Sales,Varanasi,General,Present,7.86,2026-01
2026-01-07,E1065,Tanvi Yadav,Sales,Varanasi,General,Present,8.71,2026-01
2026-01-08,E1065,Tanvi Yadav,Sales,Varanasi,General,Present,8.12,2026-01
2026-01-09,E1065,Tanvi Yadav,Sales,Varanasi,General,Present,7.34,2026-01
2026-01-12,E1065,Tanvi Yadav,Sales,Varanasi,General,Present,8.24,2026-01
2026-01-13,E1065,Tanvi Yadav,Sales,Varanasi,General,Present,8.31,2026-01
2026-01-14,E1065,Tanvi Yadav,Sales,Varanasi,General,Present,8.71,2026-01
2026-01-15,E1065,Tanvi Yadav,Sales,Varanasi,General,Present,7.77,2026-01
2026-01-16,E1065,Tanvi Yadav,Sales,Varanasi,General,Present,7.71,2026-01
2026-01-19,E1065,Tanvi Yadav,Sales,Varanasi,General,Present,8.4,2026-01
2026-01-20,E1065,Tanvi Yadav,Sales,Varanasi,General,Present,8.63,2026-01
2026-01-21,E1065,Tanvi Yadav,Sales,Varanasi,General,Present,7.75,2026-01
2026-01-22,E1065,Tanvi Yadav,Sales,Varanasi,General,Present,8.22,2026-01
2026-01-23,E1065,Tanvi Yadav,Sales,Varanasi,General,Present,8.07,2026-01
2026-01-26,E1065,Tanvi Yadav,Sales,Varanasi,General,Present,7.77,2026-01
2026-01-27,E1065,Tanvi Yadav,Sales,Varanasi,General,Present,8.05,2026-01
2026-01-28,E1065,Tanvi Yadav,Sales,Varanasi,General,Present,8.59,2026-01
2026-01-29,E1065,Tanvi Yadav,Sales,Varanasi,General,Present,8.12,2026-01
2026-01-30,E1065,Tanvi Yadav,Sales,Varanasi,General,Present,8.02,2026-01
2026-02-02,E1065,Tanvi Yadav,Sales,Varanasi,General,Present,8.37,2026-02
2026-02-03,E1065,Tanvi Yadav,Sales,Varanasi,General,Present,8.63,2026-02
2026-02-04,E1065,Tanvi Yadav,Sales,Varanasi,General,Present,7.67,2026-02
2026-02-05,E1065,Tanvi Yadav,Sales,Varanasi,General,Present,8.24,2026-02
2026-02-06,E1065,Tanvi Yadav,Sales,Varanasi,General,Present,7.94,2026-02
2026-02-09,E1065,Tanvi Yadav,Sales,Varanasi,General,Present,8.12,2026-02
2026-02-10,E1065,Tanvi Yadav,Sales,Varanasi,General,Present,8.41,2026-02
2026-02-11,E1065,Tanvi Yadav,Sales,Varanasi,General,Present,7.97,2026-02
2026-02-12,E1065,Tanvi Yadav,Sales,Varanasi,General,Present,7.19,2026-02
2026-02-13,E1065,Tanvi Yadav,Sales,Varanasi,General,Leave,0.0,2026-02
2026-02-16,E1065,Tanvi Yadav,Sales,Varanasi,General,Late,8.0,2026-02
2026-02-17,E1065,Tanvi Yadav,Sales,Varanasi,General,Present,7.91,2026-02
2026-02-18,E1065,Tanvi Yadav,Sales,Varanasi,General,Present,8.06,2026-02
2026-02-19,E1065,Tanvi Yadav,Sales,Varanasi,General,Present,8.32,2026-02
2026-02-20,E1065,Tanvi Yadav,Sales,Varanasi,General,Present,8.16,2026-02
2026-02-23,E1065,Tanvi Yadav,Sales,Varanasi,General,Present,8.85,2026-02
2026-02-24,E1065,Tanvi Yadav,Sales,Varanasi,General,Present,8.99,2026-02
2026-02-25,E1065,Tanvi Yadav,Sales,Varanasi,General,Present,8.39,2026-02
2026-02-26,E1065,Tanvi Yadav,Sales,Varanasi,General,Present,7.48,2026-02
2026-02-27,E1065,Tanvi Yadav,Sales,Varanasi,General,Present,8.87,2026-02
2026-03-02,E1065,Tanvi Yadav,Sales,Varanasi,General,Late,8.0,2026-03
2026-03-03,E1065,Tanvi Yadav,Sales,Varanasi,General,Present,8.14,2026-03
2026-03-04,E1065,Tanvi Yadav,Sales,Varanasi,General,Present,7.37,2026-03
2026-03-05,E1065,Tanvi Yadav,Sales,Varanasi,General,Present,7.35,2026-03
2026-03-06,E1065,Tanvi Yadav,Sales,Varanasi,General,Present,7.6,2026-03
2026-03-09,E1065,Tanvi Yadav,Sales,Varanasi,General,Present,8.1,2026-03
2026-03-10,E1065,Tanvi Yadav,Sales,Varanasi,General,Present,8.84,2026-03
2026-03-11,E1065,Tanvi Yadav,Sales,Varanasi,General,Present,8.59,2026-03
2026-03-12,E1065,Tanvi Yadav,Sales,Varanasi,General,Present,8.67,2026-03
2026-03-13,E1065,Tanvi Yadav,Sales,Varanasi,General,Present,8.39,2026-03
2026-03-16,E1065,Tanvi Yadav,Sales,Varanasi,General,Late,7.66,2026-03
2026-03-17,E1065,Tanvi Yadav,Sales,Varanasi,General,Present,8.23,2026-03
2026-03-18,E1065,Tanvi Yadav,Sales,Varanasi,General,Present,7.65,2026-03
2026-03-19,E1065,Tanvi Yadav,Sales,Varanasi,General,Present,7.68,2026-03
2026-03-20,E1065,Tanvi Yadav,Sales,Varanasi,General,Present,8.02,2026-03
2026-03-23,E1065,Tanvi Yadav,Sales,Varanasi,General,Present,7.94,2026-03
2026-03-24,E1065,Tanvi Yadav,Sales,Varanasi,General,Present,8.23,2026-03
2026-03-25,E1065,Tanvi Yadav,Sales,Varanasi,General,Present,8.72,2026-03
2026-03-26,E1065,Tanvi Yadav,Sales,Varanasi,General,Present,7.68,2026-03
2026-03-27,E1065,Tanvi Yadav,Sales,Varanasi,General,Present,8.0,2026-03
2026-03-30,E1065,Tanvi Yadav,Sales,Varanasi,General,Present,8.54,2026-03
2026-03-31,E1065,Tanvi Yadav,Sales,Varanasi,General,Present,8.52,2026-03
2026-01-01,E1066,Aarav Yadav,Sales,Noida,General,Late,8.0,2026-01
2026-01-02,E1066,Aarav Yadav,Sales,Noida,General,Present,7.84,2026-01
2026-01-05,E1066,Aarav Yadav,Sales,Noida,General,Late,8.0,2026-01
2026-01-06,E1066,Aarav Yadav,Sales,Noida,General,Present,8.99,2026-01
2026-01-07,E1066,Aarav Yadav,Sales,Noida,General,Present,8.11,2026-01
2026-01-08,E1066,Aarav Yadav,Sales,Noida,General,Present,8.03,2026-01
2026-01-09,E1066,Aarav Yadav,Sales,Noida,General,Present,7.8,2026-01
2026-01-12,E1066,Aarav Yadav,Sales,Noida,General,Present,8.49,2026-01
2026-01-13,E1066,Aarav Yadav,Sales,Noida,General,Present,8.14,2026-01
2026-01-14,E1066,Aarav Yadav,Sales,Noida,General,Present,8.18,2026-01
2026-01-15,E1066,Aarav Yadav,Sales,Noida,General,Present,7.72,2026-01
2026-01-16,E1066,Aarav Yadav,Sales,Noida,General,Present,8.51,2026-01
2026-01-19,E1066,Aarav Yadav,Sales,Noida,General,Present,8.0,2026-01
2026-01-20,E1066,Aarav Yadav,Sales,Noida,General,Present,7.63,2026-01
2026-01-21,E1066,Aarav Yadav,Sales,Noida,General,Present,8.07,2026-01
2026-01-22,E1066,Aarav Yadav,Sales,Noida,General,Present,7.75,2026-01
2026-01-23,E1066,Aarav Yadav,Sales,Noida,General,Present,8.72,2026-01
2026-01-26,E1066,Aarav Yadav,Sales,Noida,General,Present,8.99,2026-01
2026-01-27,E1066,Aarav Yadav,Sales,Noida,General,Present,8.08,2026-01
2026-01-28,E1066,Aarav Yadav,Sales,Noida,General,Present,8.58,2026-01
2026-01-29,E1066,Aarav Yadav,Sales,Noida,General,Present,8.57,2026-01
2026-01-30,E1066,Aarav Yadav,Sales,Noida,General,Present,6.77,2026-01
2026-02-02,E1066,Aarav Yadav,Sales,Noida,General,Present,7.81,2026-02
2026-02-03,E1066,Aarav Yadav,Sales,Noida,General,Present,8.16,2026-02
2026-02-04,E1066,Aarav Yadav,Sales,Noida,General,Present,7.91,2026-02
2026-02-05,E1066,Aarav Yadav,Sales,Noida,General,Present,7.78,2026-02
2026-02-06,E1066,Aarav Yadav,Sales,Noida,General,Present,8.6,2026-02
2026-02-09,E1066,Aarav Yadav,Sales,Noida,General,Present,7.89,2026-02
2026-02-10,E1066,Aarav Yadav,Sales,Noida,General,Present,8.25,2026-02
2026-02-11,E1066,Aarav Yadav,Sales,Noida,General,Present,8.56,2026-02
2026-02-12,E1066,Aarav Yadav,Sales,Noida,General,Present,8.75,2026-02
2026-02-13,E1066,Aarav Yadav,Sales,Noida,General,Present,7.63,2026-02
2026-02-16,E1066,Aarav Yadav,Sales,Noida,General,Present,7.66,2026-02
2026-02-17,E1066,Aarav Yadav,Sales,Noida,General,Present,8.2,2026-02
2026-02-18,E1066,Aarav Yadav,Sales,Noida,General,Present,7.22,2026-02
2026-02-19,E1066,Aarav Yadav,Sales,Noida,General,Present,7.68,2026-02
2026-02-20,E1066,Aarav Yadav,Sales,Noida,General,Present,8.66,2026-02
2026-02-23,E1066,Aarav Yadav,Sales,Noida,General,Present,8.39,2026-02
2026-02-24,E1066,Aarav Yadav,Sales,Noida,General,Present,8.05,2026-02
2026-02-25,E1066,Aarav Yadav,Sales,Noida,General,Present,8.31,2026-02
2026-02-26,E1066,Aarav Yadav,Sales,Noida,General,Present,8.42,2026-02
2026-02-27,E1066,Aarav Yadav,Sales,Noida,General,Present,7.48,2026-02
2026-03-02,E1066,Aarav Yadav,Sales,Noida,General,Present,7.89,2026-03
2026-03-03,E1066,Aarav Yadav,Sales,Noida,General,Present,9.17,2026-03
2026-03-04,E1066,Aarav Yadav,Sales,Noida,General,Late,8.0,2026-03
2026-03-05,E1066,Aarav Yadav,Sales,Noida,General,Present,8.21,2026-03
2026-03-06,E1066,Aarav Yadav,Sales,Noida,General,Late,7.65,2026-03
2026-03-09,E1066,Aarav Yadav,Sales,Noida,General,Present,8.08,2026-03
2026-03-10,E1066,Aarav Yadav,Sales,Noida,General,Present,7.32,2026-03
2026-03-11,E1066,Aarav Yadav,Sales,Noida,General,Present,7.83,2026-03
2026-03-12,E1066,Aarav Yadav,Sales,Noida,General,Present,8.29,2026-03
2026-03-13,E1066,Aarav Yadav,Sales,Noida,General,Present,7.9,2026-03
2026-03-16,E1066,Aarav Yadav,Sales,Noida,General,Present,7.64,2026-03
2026-03-17,E1066,Aarav Yadav,Sales,Noida,General,Present,7.69,2026-03
2026-03-18,E1066,Aarav Yadav,Sales,Noida,General,Present,8.74,2026-03
2026-03-19,E1066,Aarav Yadav,Sales,Noida,General,Present,7.87,2026-03
2026-03-20,E1066,Aarav Yadav,Sales,Noida,General,Present,8.63,2026-03
2026-03-23,E1066,Aarav Yadav,Sales,Noida,General,Present,8.24,2026-03
2026-03-24,E1066,Aarav Yadav,Sales,Noida,General,Present,8.0,2026-03
2026-03-25,E1066,Aarav Yadav,Sales,Noida,General,Present,7.76,2026-03
2026-03-26,E1066,Aarav Yadav,Sales,Noida,General,Present,8.4,2026-03
2026-03-27,E1066,Aarav Yadav,Sales,Noida,General,Present,8.57,2026-03
2026-03-30,E1066,Aarav Yadav,Sales,Noida,General,Present,8.44,2026-03
2026-03-31,E1066,Aarav Yadav,Sales,Noida,General,Present,7.52,2026-03
2026-01-01,E1067,Mohit Mehta,Sales,Prayagraj,Evening,Present,8.99,2026-01
2026-01-02,E1067,Mohit Mehta,Sales,Prayagraj,Evening,Present,7.9,2026-01
2026-01-05,E1067,Mohit Mehta,Sales,Prayagraj,Evening,Present,8.27,2026-01
2026-01-06,E1067,Mohit Mehta,Sales,Prayagraj,Evening,Present,8.51,2026-01
2026-01-07,E1067,Mohit Mehta,Sales,Prayagraj,Evening,Present,8.48,2026-01
2026-01-08,E1067,Mohit Mehta,Sales,Prayagraj,Evening,Present,7.95,2026-01
2026-01-09,E1067,Mohit Mehta,Sales,Prayagraj,Evening,Present,8.34,2026-01
2026-01-12,E1067,Mohit Mehta,Sales,Prayagraj,Evening,Present,8.31,2026-01
2026-01-13,E1067,Mohit Mehta,Sales,Prayagraj,Evening,Present,8.2,2026-01
2026-01-14,E1067,Mohit Mehta,Sales,Prayagraj,Evening,Present,8.99,2026-01
2026-01-15,E1067,Mohit Mehta,Sales,Prayagraj,Evening,Present,7.82,2026-01
2026-01-16,E1067,Mohit Mehta,Sales,Prayagraj,Evening,Present,7.7,2026-01
2026-01-19,E1067,Mohit Mehta,Sales,Prayagraj,Evening,Present,8.36,2026-01
2026-01-20,E1067,Mohit Mehta,Sales,Prayagraj,Evening,Present,8.37,2026-01
2026-01-21,E1067,Mohit Mehta,Sales,Prayagraj,Evening,Present,8.47,2026-01
2026-01-22,E1067,Mohit Mehta,Sales,Prayagraj,Evening,Present,7.62,2026-01
2026-01-23,E1067,Mohit Mehta,Sales,Prayagraj,Evening,Present,8.4,2026-01
2026-01-26,E1067,Mohit Mehta,Sales,Prayagraj,Evening,Present,7.33,2026-01
2026-01-27,E1067,Mohit Mehta,Sales,Prayagraj,Evening,Present,7.98,2026-01
2026-01-28,E1067,Mohit Mehta,Sales,Prayagraj,Evening,Present,7.33,2026-01
2026-01-29,E1067,Mohit Mehta,Sales,Prayagraj,Evening,Leave,0.0,2026-01
2026-01-30,E1067,Mohit Mehta,Sales,Prayagraj,Evening,Absent,0.0,2026-01
2026-02-02,E1067,Mohit Mehta,Sales,Prayagraj,Evening,Present,7.75,2026-02
2026-02-03,E1067,Mohit Mehta,Sales,Prayagraj,Evening,Present,8.75,2026-02
2026-02-04,E1067,Mohit Mehta,Sales,Prayagraj,Evening,Present,7.7,2026-02
2026-02-05,E1067,Mohit Mehta,Sales,Prayagraj,Evening,Present,6.74,2026-02
2026-02-06,E1067,Mohit Mehta,Sales,Prayagraj,Evening,Present,8.33,2026-02
2026-02-09,E1067,Mohit Mehta,Sales,Prayagraj,Evening,Present,7.31,2026-02
2026-02-10,E1067,Mohit Mehta,Sales,Prayagraj,Evening,Present,7.46,2026-02
2026-02-11,E1067,Mohit Mehta,Sales,Prayagraj,Evening,Present,7.88,2026-02
2026-02-12,E1067,Mohit Mehta,Sales,Prayagraj,Evening,Present,7.55,2026-02
2026-02-13,E1067,Mohit Mehta,Sales,Prayagraj,Evening,Present,8.11,2026-02
2026-02-16,E1067,Mohit Mehta,Sales,Prayagraj,Evening,Present,8.06,2026-02
2026-02-17,E1067,Mohit Mehta,Sales,Prayagraj,Evening,Present,7.66,2026-02
2026-02-18,E1067,Mohit Mehta,Sales,Prayagraj,Evening,Present,8.19,2026-02
2026-02-19,E1067,Mohit Mehta,Sales,Prayagraj,Evening,Present,7.33,2026-02
2026-02-20,E1067,Mohit Mehta,Sales,Prayagraj,Evening,Leave,0.0,2026-02
2026-02-23,E1067,Mohit Mehta,Sales,Prayagraj,Evening,Present,7.3,2026-02
2026-02-24,E1067,Mohit Mehta,Sales,Prayagraj,Evening,Leave,0.0,2026-02
2026-02-25,E1067,Mohit Mehta,Sales,Prayagraj,Evening,Present,8.78,2026-02
2026-02-26,E1067,Mohit Mehta,Sales,Prayagraj,Evening,Present,8.0,2026-02
2026-02-27,E1067,Mohit Mehta,Sales,Prayagraj,Evening,Present,8.63,2026-02
2026-03-02,E1067,Mohit Mehta,Sales,Prayagraj,Evening,Present,8.37,2026-03
2026-03-03,E1067,Mohit Mehta,Sales,Prayagraj,Evening,Present,7.69,2026-03
2026-03-04,E1067,Mohit Mehta,Sales,Prayagraj,Evening,Present,8.57,2026-03
2026-03-05,E1067,Mohit Mehta,Sales,Prayagraj,Evening,Present,7.67,2026-03
2026-03-06,E1067,Mohit Mehta,Sales,Prayagraj,Evening,Present,7.73,2026-03
2026-03-09,E1067,Mohit Mehta,Sales,Prayagraj,Evening,Present,8.34,2026-03
2026-03-10,E1067,Mohit Mehta,Sales,Prayagraj,Evening,Present,7.89,2026-03
2026-03-11,E1067,Mohit Mehta,Sales,Prayagraj,Evening,Present,7.05,2026-03
2026-03-12,E1067,Mohit Mehta,Sales,Prayagraj,Evening,Absent,0.0,2026-03
2026-03-13,E1067,Mohit Mehta,Sales,Prayagraj,Evening,Present,7.57,2026-03
2026-03-16,E1067,Mohit Mehta,Sales,Prayagraj,Evening,Present,7.58,2026-03
2026-03-17,E1067,Mohit Mehta,Sales,Prayagraj,Evening,Present,7.95,2026-03
2026-03-18,E1067,Mohit Mehta,Sales,Prayagraj,Evening,Present,7.93,2026-03
2026-03-19,E1067,Mohit Mehta,Sales,Prayagraj,Evening,Present,8.53,2026-03
2026-03-20,E1067,Mohit Mehta,Sales,Prayagraj,Evening,Present,7.96,2026-03
2026-03-23,E1067,Mohit Mehta,Sales,Prayagraj,Evening,Present,8.06,2026-03
2026-03-24,E1067,Mohit Mehta,Sales,Prayagraj,Evening,Present,8.88,2026-03
2026-03-25,E1067,Mohit Mehta,Sales,Prayagraj,Evening,Absent,0.0,2026-03
2026-03-26,E1067,Mohit Mehta,Sales,Prayagraj,Evening,Leave,0.0,2026-03
2026-03-27,E1067,Mohit Mehta,Sales,Prayagraj,Evening,Late,6.38,2026-03
2026-03-30,E1067,Mohit Mehta,Sales,Prayagraj,Evening,Present,8.19,2026-03
2026-03-31,E1067,Mohit Mehta,Sales,Prayagraj,Evening,Present,8.0,2026-03
2026-01-01,E1068,Nisha Patel,Sales,Lucknow,General,Late,7.32,2026-01
2026-01-02,E1068,Nisha Patel,Sales,Lucknow,General,Present,8.38,2026-01
2026-01-05,E1068,Nisha Patel,Sales,Lucknow,General,Present,8.47,2026-01
2026-01-06,E1068,Nisha Patel,Sales,Lucknow,General,Present,7.42,2026-01
2026-01-07,E1068,Nisha Patel,Sales,Lucknow,General,Present,8.11,2026-01
2026-01-08,E1068,Nisha Patel,Sales,Lucknow,General,Present,7.08,2026-01
2026-01-09,E1068,Nisha Patel,Sales,Lucknow,General,Present,8.32,2026-01
2026-01-12,E1068,Nisha Patel,Sales,Lucknow,General,Present,7.62,2026-01
2026-01-13,E1068,Nisha Patel,Sales,Lucknow,General,Present,8.35,2026-01
2026-01-14,E1068,Nisha Patel,Sales,Lucknow,General,Present,8.06,2026-01
2026-01-15,E1068,Nisha Patel,Sales,Lucknow,General,Present,8.28,2026-01
2026-01-16,E1068,Nisha Patel,Sales,Lucknow,General,Late,8.0,2026-01
2026-01-19,E1068,Nisha Patel,Sales,Lucknow,General,Present,7.71,2026-01
2026-01-20,E1068,Nisha Patel,Sales,Lucknow,General,Present,8.07,2026-01
2026-01-21,E1068,Nisha Patel,Sales,Lucknow,General,Present,8.17,2026-01
2026-01-22,E1068,Nisha Patel,Sales,Lucknow,General,Present,7.55,2026-01
2026-01-23,E1068,Nisha Patel,Sales,Lucknow,General,Present,8.52,2026-01
2026-01-26,E1068,Nisha Patel,Sales,Lucknow,General,Present,8.77,2026-01
2026-01-27,E1068,Nisha Patel,Sales,Lucknow,General,Present,8.21,2026-01
2026-01-28,E1068,Nisha Patel,Sales,Lucknow,General,Present,8.9,2026-01
2026-01-29,E1068,Nisha Patel,Sales,Lucknow,General,Present,8.37,2026-01
2026-01-30,E1068,Nisha Patel,Sales,Lucknow,General,Present,8.17,2026-01
2026-02-02,E1068,Nisha Patel,Sales,Lucknow,General,Present,8.54,2026-02
2026-02-03,E1068,Nisha Patel,Sales,Lucknow,General,Present,8.06,2026-02
2026-02-04,E1068,Nisha Patel,Sales,Lucknow,General,Absent,0.0,2026-02
2026-02-05,E1068,Nisha Patel,Sales,Lucknow,General,Late,8.0,2026-02
2026-02-06,E1068,Nisha Patel,Sales,Lucknow,General,Present,7.92,2026-02
2026-02-09,E1068,Nisha Patel,Sales,Lucknow,General,Present,8.67,2026-02
2026-02-10,E1068,Nisha Patel,Sales,Lucknow,General,Present,8.38,2026-02
2026-02-11,E1068,Nisha Patel,Sales,Lucknow,General,Present,7.86,2026-02
2026-02-12,E1068,Nisha Patel,Sales,Lucknow,General,Present,7.62,2026-02
2026-02-13,E1068,Nisha Patel,Sales,Lucknow,General,Present,7.77,2026-02
2026-02-16,E1068,Nisha Patel,Sales,Lucknow,General,Present,7.96,2026-02
2026-02-17,E1068,Nisha Patel,Sales,Lucknow,General,Present,8.37,2026-02
2026-02-18,E1068,Nisha Patel,Sales,Lucknow,General,Present,8.08,2026-02
2026-02-19,E1068,Nisha Patel,Sales,Lucknow,General,Late,7.9,2026-02
2026-02-20,E1068,Nisha Patel,Sales,Lucknow,General,Present,8.71,2026-02
2026-02-23,E1068,Nisha Patel,Sales,Lucknow,General,Present,8.11,2026-02
2026-02-24,E1068,Nisha Patel,Sales,Lucknow,General,Present,7.66,2026-02
2026-02-25,E1068,Nisha Patel,Sales,Lucknow,General,Present,8.25,2026-02
2026-02-26,E1068,Nisha Patel,Sales,Lucknow,General,Present,8.96,2026-02
2026-02-27,E1068,Nisha Patel,Sales,Lucknow,General,Present,8.48,2026-02
2026-03-02,E1068,Nisha Patel,Sales,Lucknow,General,Present,8.22,2026-03
2026-03-03,E1068,Nisha Patel,Sales,Lucknow,General,Present,7.71,2026-03
2026-03-04,E1068,Nisha Patel,Sales,Lucknow,General,Present,8.0,2026-03
2026-03-05,E1068,Nisha Patel,Sales,Lucknow,General,Present,7.41,2026-03
2026-03-06,E1068,Nisha Patel,Sales,Lucknow,General,Present,7.59,2026-03
2026-03-09,E1068,Nisha Patel,Sales,Lucknow,General,Present,8.26,2026-03
2026-03-10,E1068,Nisha Patel,Sales,Lucknow,General,Present,7.33,2026-03
2026-03-11,E1068,Nisha Patel,Sales,Lucknow,General,Present,7.94,2026-03
2026-03-12,E1068,Nisha Patel,Sales,Lucknow,General,Present,7.55,2026-03
2026-03-13,E1068,Nisha Patel,Sales,Lucknow,General,Present,7.61,2026-03
2026-03-16,E1068,Nisha Patel,Sales,Lucknow,General,Present,8.11,2026-03
2026-03-17,E1068,Nisha Patel,Sales,Lucknow,General,Present,7.77,2026-03
2026-03-18,E1068,Nisha Patel,Sales,Lucknow,General,Present,7.47,2026-03
2026-03-19,E1068,Nisha Patel,Sales,Lucknow,General,Present,7.85,2026-03
2026-03-20,E1068,Nisha Patel,Sales,Lucknow,General,Present,7.46,2026-03
2026-03-23,E1068,Nisha Patel,Sales,Lucknow,General,Present,8.64,2026-03
2026-03-24,E1068,Nisha Patel,Sales,Lucknow,General,Present,8.4,2026-03
2026-03-25,E1068,Nisha Patel,Sales,Lucknow,General,Present,8.4,2026-03
2026-03-26,E1068,Nisha Patel,Sales,Lucknow,General,Present,7.73,2026-03
2026-03-27,E1068,Nisha Patel,Sales,Lucknow,General,Present,8.28,2026-03
2026-03-30,E1068,Nisha Patel,Sales,Lucknow,General,Present,8.18,2026-03
2026-03-31,E1068,Nisha Patel,Sales,Lucknow,General,Present,7.76,2026-03
2026-01-01,E1069,Karan Sharma,Sales,Kanpur,Morning,Present,7.8,2026-01
2026-01-02,E1069,Karan Sharma,Sales,Kanpur,Morning,Present,8.75,2026-01
2026-01-05,E1069,Karan Sharma,Sales,Kanpur,Morning,Present,7.61,2026-01
2026-01-06,E1069,Karan Sharma,Sales,Kanpur,Morning,Present,7.94,2026-01
2026-01-07,E1069,Karan Sharma,Sales,Kanpur,Morning,Present,7.54,2026-01
2026-01-08,E1069,Karan Sharma,Sales,Kanpur,Morning,Present,8.53,2026-01
2026-01-09,E1069,Karan Sharma,Sales,Kanpur,Morning,Late,7.48,2026-01
2026-01-12,E1069,Karan Sharma,Sales,Kanpur,Morning,Present,7.95,2026-01
2026-01-13,E1069,Karan Sharma,Sales,Kanpur,Morning,Present,7.19,2026-01
2026-01-14,E1069,Karan Sharma,Sales,Kanpur,Morning,Present,8.11,2026-01
2026-01-15,E1069,Karan Sharma,Sales,Kanpur,Morning,Present,8.59,2026-01
2026-01-16,E1069,Karan Sharma,Sales,Kanpur,Morning,Present,8.4,2026-01
2026-01-19,E1069,Karan Sharma,Sales,Kanpur,Morning,Present,7.81,2026-01
2026-01-20,E1069,Karan Sharma,Sales,Kanpur,Morning,Present,7.69,2026-01
2026-01-21,E1069,Karan Sharma,Sales,Kanpur,Morning,Present,8.15,2026-01
2026-01-22,E1069,Karan Sharma,Sales,Kanpur,Morning,Present,7.41,2026-01
2026-01-23,E1069,Karan Sharma,Sales,Kanpur,Morning,Leave,0.0,2026-01
2026-01-26,E1069,Karan Sharma,Sales,Kanpur,Morning,Present,8.6,2026-01
2026-01-27,E1069,Karan Sharma,Sales,Kanpur,Morning,Present,8.32,2026-01
2026-01-28,E1069,Karan Sharma,Sales,Kanpur,Morning,Present,8.58,2026-01
2026-01-29,E1069,Karan Sharma,Sales,Kanpur,Morning,Present,7.72,2026-01
2026-01-30,E1069,Karan Sharma,Sales,Kanpur,Morning,Present,8.53,2026-01
2026-02-02,E1069,Karan Sharma,Sales,Kanpur,Morning,Present,8.42,2026-02
2026-02-03,E1069,Karan Sharma,Sales,Kanpur,Morning,Present,7.61,2026-02
2026-02-04,E1069,Karan Sharma,Sales,Kanpur,Morning,Present,7.94,2026-02
2026-02-05,E1069,Karan Sharma,Sales,Kanpur,Morning,Present,7.17,2026-02
2026-02-06,E1069,Karan Sharma,Sales,Kanpur,Morning,Present,8.14,2026-02
2026-02-09,E1069,Karan Sharma,Sales,Kanpur,Morning,Present,8.53,2026-02
2026-02-10,E1069,Karan Sharma,Sales,Kanpur,Morning,Present,7.85,2026-02
2026-02-11,E1069,Karan Sharma,Sales,Kanpur,Morning,Present,7.65,2026-02
2026-02-12,E1069,Karan Sharma,Sales,Kanpur,Morning,Present,7.62,2026-02
2026-02-13,E1069,Karan Sharma,Sales,Kanpur,Morning,Present,8.07,2026-02
2026-02-16,E1069,Karan Sharma,Sales,Kanpur,Morning,Present,8.32,2026-02
2026-02-17,E1069,Karan Sharma,Sales,Kanpur,Morning,Present,8.78,2026-02
2026-02-18,E1069,Karan Sharma,Sales,Kanpur,Morning,Present,7.14,2026-02
2026-02-19,E1069,Karan Sharma,Sales,Kanpur,Morning,Present,8.72,2026-02
2026-02-20,E1069,Karan Sharma,Sales,Kanpur,Morning,Present,8.16,2026-02
2026-02-23,E1069,Karan Sharma,Sales,Kanpur,Morning,Present,8.5,2026-02
2026-02-24,E1069,Karan Sharma,Sales,Kanpur,Morning,Present,8.39,2026-02
2026-02-25,E1069,Karan Sharma,Sales,Kanpur,Morning,Present,8.1,2026-02
2026-02-26,E1069,Karan Sharma,Sales,Kanpur,Morning,Present,8.08,2026-02
2026-02-27,E1069,Karan Sharma,Sales,Kanpur,Morning,Present,8.25,2026-02
2026-03-02,E1069,Karan Sharma,Sales,Kanpur,Morning,Present,7.97,2026-03
2026-03-03,E1069,Karan Sharma,Sales,Kanpur,Morning,Present,8.0,2026-03
2026-03-04,E1069,Karan Sharma,Sales,Kanpur,Morning,Present,6.5,2026-03
2026-03-05,E1069,Karan Sharma,Sales,Kanpur,Morning,Present,8.34,2026-03
2026-03-06,E1069,Karan Sharma,Sales,Kanpur,Morning,Present,7.74,2026-03
2026-03-09,E1069,Karan Sharma,Sales,Kanpur,Morning,Present,8.55,2026-03
2026-03-10,E1069,Karan Sharma,Sales,Kanpur,Morning,Present,8.51,2026-03
2026-03-11,E1069,Karan Sharma,Sales,Kanpur,Morning,Leave,0.0,2026-03
2026-03-12,E1069,Karan Sharma,Sales,Kanpur,Morning,Present,7.85,2026-03
2026-03-13,E1069,Karan Sharma,Sales,Kanpur,Morning,Present,7.86,2026-03
2026-03-16,E1069,Karan Sharma,Sales,Kanpur,Morning,Present,8.01,2026-03
2026-03-17,E1069,Karan Sharma,Sales,Kanpur,Morning,Present,8.84,2026-03
2026-03-18,E1069,Karan Sharma,Sales,Kanpur,Morning,Present,8.82,2026-03
2026-03-19,E1069,Karan Sharma,Sales,Kanpur,Morning,Present,8.51,2026-03
2026-03-20,E1069,Karan Sharma,Sales,Kanpur,Morning,Present,7.59,2026-03
2026-03-23,E1069,Karan Sharma,Sales,Kanpur,Morning,Present,8.5,2026-03
2026-03-24,E1069,Karan Sharma,Sales,Kanpur,Morning,Present,8.01,2026-03
2026-03-25,E1069,Karan Sharma,Sales,Kanpur,Morning,Present,8.35,2026-03
2026-03-26,E1069,Karan Sharma,Sales,Kanpur,Morning,Present,7.77,2026-03
2026-03-27,E1069,Karan Sharma,Sales,Kanpur,Morning,Present,8.42,2026-03
2026-03-30,E1069,Karan Sharma,Sales,Kanpur,Morning,Present,8.44,2026-03
2026-03-31,E1069,Karan Sharma,Sales,Kanpur,Morning,Present,8.16,2026-03
2026-01-01,E1070,Simran Mishra,Sales,Varanasi,Evening,Present,8.25,2026-01
2026-01-02,E1070,Simran Mishra,Sales,Varanasi,Evening,Present,7.78,2026-01
2026-01-05,E1070,Simran Mishra,Sales,Varanasi,Evening,Present,8.63,2026-01
2026-01-06,E1070,Simran Mishra,Sales,Varanasi,Evening,Present,8.02,2026-01
2026-01-07,E1070,Simran Mishra,Sales,Varanasi,Evening,Present,8.75,2026-01
2026-01-08,E1070,Simran Mishra,Sales,Varanasi,Evening,Absent,0.0,2026-01
2026-01-09,E1070,Simran Mishra,Sales,Varanasi,Evening,Present,7.4,2026-01
2026-01-12,E1070,Simran Mishra,Sales,Varanasi,Evening,Present,8.7,2026-01
2026-01-13,E1070,Simran Mishra,Sales,Varanasi,Evening,Present,8.13,2026-01
2026-01-14,E1070,Simran Mishra,Sales,Varanasi,Evening,Present,8.42,2026-01
2026-01-15,E1070,Simran Mishra,Sales,Varanasi,Evening,Present,8.1,2026-01
2026-01-16,E1070,Simran Mishra,Sales,Varanasi,Evening,Present,7.43,2026-01
2026-01-19,E1070,Simran Mishra,Sales,Varanasi,Evening,Present,7.94,2026-01
2026-01-20,E1070,Simran Mishra,Sales,Varanasi,Evening,Present,8.11,2026-01
2026-01-21,E1070,Simran Mishra,Sales,Varanasi,Evening,Present,8.44,2026-01
2026-01-22,E1070,Simran Mishra,Sales,Varanasi,Evening,Present,8.16,2026-01
2026-01-23,E1070,Simran Mishra,Sales,Varanasi,Evening,Present,7.94,2026-01
2026-01-26,E1070,Simran Mishra,Sales,Varanasi,Evening,Present,7.97,2026-01
2026-01-27,E1070,Simran Mishra,Sales,Varanasi,Evening,Present,8.41,2026-01
2026-01-28,E1070,Simran Mishra,Sales,Varanasi,Evening,Present,8.47,2026-01
2026-01-29,E1070,Simran Mishra,Sales,Varanasi,Evening,Absent,0.0,2026-01
2026-01-30,E1070,Simran Mishra,Sales,Varanasi,Evening,Present,8.46,2026-01
2026-02-02,E1070,Simran Mishra,Sales,Varanasi,Evening,Leave,0.0,2026-02
2026-02-03,E1070,Simran Mishra,Sales,Varanasi,Evening,Present,7.77,2026-02
2026-02-04,E1070,Simran Mishra,Sales,Varanasi,Evening,Present,7.13,2026-02
2026-02-05,E1070,Simran Mishra,Sales,Varanasi,Evening,Present,7.82,2026-02
2026-02-06,E1070,Simran Mishra,Sales,Varanasi,Evening,Present,8.46,2026-02
2026-02-09,E1070,Simran Mishra,Sales,Varanasi,Evening,Present,8.61,2026-02
2026-02-10,E1070,Simran Mishra,Sales,Varanasi,Evening,Present,8.05,2026-02
2026-02-11,E1070,Simran Mishra,Sales,Varanasi,Evening,Present,8.76,2026-02
2026-02-12,E1070,Simran Mishra,Sales,Varanasi,Evening,Present,7.66,2026-02
2026-02-13,E1070,Simran Mishra,Sales,Varanasi,Evening,Late,8.0,2026-02
2026-02-16,E1070,Simran Mishra,Sales,Varanasi,Evening,Present,8.47,2026-02
2026-02-17,E1070,Simran Mishra,Sales,Varanasi,Evening,Present,7.69,2026-02
2026-02-18,E1070,Simran Mishra,Sales,Varanasi,Evening,Present,7.81,2026-02
2026-02-19,E1070,Simran Mishra,Sales,Varanasi,Evening,Present,8.26,2026-02
2026-02-20,E1070,Simran Mishra,Sales,Varanasi,Evening,Present,8.64,2026-02
2026-02-23,E1070,Simran Mishra,Sales,Varanasi,Evening,Present,7.31,2026-02
2026-02-24,E1070,Simran Mishra,Sales,Varanasi,Evening,Present,8.58,2026-02
2026-02-25,E1070,Simran Mishra,Sales,Varanasi,Evening,Present,8.2,2026-02
2026-02-26,E1070,Simran Mishra,Sales,Varanasi,Evening,Present,7.24,2026-02
2026-02-27,E1070,Simran Mishra,Sales,Varanasi,Evening,Present,8.41,2026-02
2026-03-02,E1070,Simran Mishra,Sales,Varanasi,Evening,Present,8.44,2026-03
2026-03-03,E1070,Simran Mishra,Sales,Varanasi,Evening,Present,8.12,2026-03
2026-03-04,E1070,Simran Mishra,Sales,Varanasi,Evening,Present,7.85,2026-03
2026-03-05,E1070,Simran Mishra,Sales,Varanasi,Evening,Present,7.72,2026-03
2026-03-06,E1070,Simran Mishra,Sales,Varanasi,Evening,Present,8.3,2026-03
2026-03-09,E1070,Simran Mishra,Sales,Varanasi,Evening,Present,7.5,2026-03
2026-03-10,E1070,Simran Mishra,Sales,Varanasi,Evening,Present,8.74,2026-03
2026-03-11,E1070,Simran Mishra,Sales,Varanasi,Evening,Present,7.73,2026-03
2026-03-12,E1070,Simran Mishra,Sales,Varanasi,Evening,Present,7.21,2026-03
2026-03-13,E1070,Simran Mishra,Sales,Varanasi,Evening,Leave,0.0,2026-03
2026-03-16,E1070,Simran Mishra,Sales,Varanasi,Evening,Present,8.53,2026-03
2026-03-17,E1070,Simran Mishra,Sales,Varanasi,Evening,Present,8.15,2026-03
2026-03-18,E1070,Simran Mishra,Sales,Varanasi,Evening,Present,8.17,2026-03
2026-03-19,E1070,Simran Mishra,Sales,Varanasi,Evening,Present,7.9,2026-03
2026-03-20,E1070,Simran Mishra,Sales,Varanasi,Evening,Present,8.21,2026-03
2026-03-23,E1070,Simran Mishra,Sales,Varanasi,Evening,Present,7.88,2026-03
2026-03-24,E1070,Simran Mishra,Sales,Varanasi,Evening,Present,8.23,2026-03
2026-03-25,E1070,Simran Mishra,Sales,Varanasi,Evening,Present,8.07,2026-03
2026-03-26,E1070,Simran Mishra,Sales,Varanasi,Evening,Present,8.0,2026-03
2026-03-27,E1070,Simran Mishra,Sales,Varanasi,Evening,Present,8.01,2026-03
2026-03-30,E1070,Simran Mishra,Sales,Varanasi,Evening,Present,8.44,2026-03
2026-03-31,E1070,Simran Mishra,Sales,Varanasi,Evening,Present,8.39,2026-03
2026-01-01,E1071,Priya Kumar,Sales,Kanpur,Morning,Present,7.65,2026-01
2026-01-02,E1071,Priya Kumar,Sales,Kanpur,Morning,Leave,0.0,2026-01
2026-01-05,E1071,Priya Kumar,Sales,Kanpur,Morning,Present,9.09,2026-01
2026-01-06,E1071,Priya Kumar,Sales,Kanpur,Morning,Present,8.07,2026-01
2026-01-07,E1071,Priya Kumar,Sales,Kanpur,Morning,Present,7.9,2026-01
2026-01-08,E1071,Priya Kumar,Sales,Kanpur,Morning,Present,8.82,2026-01
2026-01-09,E1071,Priya Kumar,Sales,Kanpur,Morning,Present,8.76,2026-01
2026-01-12,E1071,Priya Kumar,Sales,Kanpur,Morning,Present,7.81,2026-01
2026-01-13,E1071,Priya Kumar,Sales,Kanpur,Morning,Present,7.95,2026-01
2026-01-14,E1071,Priya Kumar,Sales,Kanpur,Morning,Present,8.26,2026-01
2026-01-15,E1071,Priya Kumar,Sales,Kanpur,Morning,Leave,0.0,2026-01
2026-01-16,E1071,Priya Kumar,Sales,Kanpur,Morning,Present,8.34,2026-01
2026-01-19,E1071,Priya Kumar,Sales,Kanpur,Morning,Present,7.53,2026-01
2026-01-20,E1071,Priya Kumar,Sales,Kanpur,Morning,Present,8.54,2026-01
2026-01-21,E1071,Priya Kumar,Sales,Kanpur,Morning,Present,8.14,2026-01
2026-01-22,E1071,Priya Kumar,Sales,Kanpur,Morning,Present,7.31,2026-01
2026-01-23,E1071,Priya Kumar,Sales,Kanpur,Morning,Present,7.64,2026-01
2026-01-26,E1071,Priya Kumar,Sales,Kanpur,Morning,Present,8.81,2026-01
2026-01-27,E1071,Priya Kumar,Sales,Kanpur,Morning,Present,8.67,2026-01
2026-01-28,E1071,Priya Kumar,Sales,Kanpur,Morning,Present,7.74,2026-01
2026-01-29,E1071,Priya Kumar,Sales,Kanpur,Morning,Present,8.32,2026-01
2026-01-30,E1071,Priya Kumar,Sales,Kanpur,Morning,Present,7.45,2026-01
2026-02-02,E1071,Priya Kumar,Sales,Kanpur,Morning,Present,7.88,2026-02
2026-02-03,E1071,Priya Kumar,Sales,Kanpur,Morning,Present,9.44,2026-02
2026-02-04,E1071,Priya Kumar,Sales,Kanpur,Morning,Present,8.23,2026-02
2026-02-05,E1071,Priya Kumar,Sales,Kanpur,Morning,Present,7.89,2026-02
2026-02-06,E1071,Priya Kumar,Sales,Kanpur,Morning,Present,8.06,2026-02
2026-02-09,E1071,Priya Kumar,Sales,Kanpur,Morning,Present,7.79,2026-02
2026-02-10,E1071,Priya Kumar,Sales,Kanpur,Morning,Present,7.46,2026-02
2026-02-11,E1071,Priya Kumar,Sales,Kanpur,Morning,Present,8.69,2026-02
2026-02-12,E1071,Priya Kumar,Sales,Kanpur,Morning,Present,7.25,2026-02
2026-02-13,E1071,Priya Kumar,Sales,Kanpur,Morning,Present,8.38,2026-02
2026-02-16,E1071,Priya Kumar,Sales,Kanpur,Morning,Present,8.01,2026-02
2026-02-17,E1071,Priya Kumar,Sales,Kanpur,Morning,Present,8.69,2026-02
2026-02-18,E1071,Priya Kumar,Sales,Kanpur,Morning,Present,8.02,2026-02
2026-02-19,E1071,Priya Kumar,Sales,Kanpur,Morning,Present,8.17,2026-02
2026-02-20,E1071,Priya Kumar,Sales,Kanpur,Morning,Late,7.43,2026-02
2026-02-23,E1071,Priya Kumar,Sales,Kanpur,Morning,Present,8.36,2026-02
2026-02-24,E1071,Priya Kumar,Sales,Kanpur,Morning,Present,7.65,2026-02
2026-02-25,E1071,Priya Kumar,Sales,Kanpur,Morning,Present,7.87,2026-02
2026-02-26,E1071,Priya Kumar,Sales,Kanpur,Morning,Present,8.66,2026-02
2026-02-27,E1071,Priya Kumar,Sales,Kanpur,Morning,Present,8.41,2026-02
2026-03-02,E1071,Priya Kumar,Sales,Kanpur,Morning,Present,8.24,2026-03
2026-03-03,E1071,Priya Kumar,Sales,Kanpur,Morning,Present,8.17,2026-03
2026-03-04,E1071,Priya Kumar,Sales,Kanpur,Morning,Present,7.93,2026-03
2026-03-05,E1071,Priya Kumar,Sales,Kanpur,Morning,Present,7.99,2026-03
2026-03-06,E1071,Priya Kumar,Sales,Kanpur,Morning,Present,8.24,2026-03
2026-03-09,E1071,Priya Kumar,Sales,Kanpur,Morning,Present,8.45,2026-03
2026-03-10,E1071,Priya Kumar,Sales,Kanpur,Morning,Present,8.23,2026-03
2026-03-11,E1071,Priya Kumar,Sales,Kanpur,Morning,Present,8.43,2026-03
2026-03-12,E1071,Priya Kumar,Sales,Kanpur,Morning,Late,7.76,2026-03
2026-03-13,E1071,Priya Kumar,Sales,Kanpur,Morning,Present,7.31,2026-03
2026-03-16,E1071,Priya Kumar,Sales,Kanpur,Morning,Late,7.31,2026-03
2026-03-17,E1071,Priya Kumar,Sales,Kanpur,Morning,Present,7.87,2026-03
2026-03-18,E1071,Priya Kumar,Sales,Kanpur,Morning,Present,7.5,2026-03
2026-03-19,E1071,Priya Kumar,Sales,Kanpur,Morning,Present,8.37,2026-03
2026-03-20,E1071,Priya Kumar,Sales,Kanpur,Morning,Present,8.51,2026-03
2026-03-23,E1071,Priya Kumar,Sales,Kanpur,Morning,Present,8.06,2026-03
2026-03-24,E1071,Priya Kumar,Sales,Kanpur,Morning,Present,6.89,2026-03
2026-03-25,E1071,Priya Kumar,Sales,Kanpur,Morning,Present,7.57,2026-03
2026-03-26,E1071,Priya Kumar,Sales,Kanpur,Morning,Present,7.59,2026-03
2026-03-27,E1071,Priya Kumar,Sales,Kanpur,Morning,Present,7.72,2026-03
2026-03-30,E1071,Priya Kumar,Sales,Kanpur,Morning,Present,7.85,2026-03
2026-03-31,E1071,Priya Kumar,Sales,Kanpur,Morning,Present,7.91,2026-03
2026-01-01,E1072,Ananya Verma,Sales,Lucknow,Evening,Present,8.46,2026-01
2026-01-02,E1072,Ananya Verma,Sales,Lucknow,Evening,Present,7.46,2026-01
2026-01-05,E1072,Ananya Verma,Sales,Lucknow,Evening,Late,7.99,2026-01
2026-01-06,E1072,Ananya Verma,Sales,Lucknow,Evening,Present,7.98,2026-01
2026-01-07,E1072,Ananya Verma,Sales,Lucknow,Evening,Present,7.47,2026-01
2026-01-08,E1072,Ananya Verma,Sales,Lucknow,Evening,Late,8.0,2026-01
2026-01-09,E1072,Ananya Verma,Sales,Lucknow,Evening,Present,9.04,2026-01
2026-01-12,E1072,Ananya Verma,Sales,Lucknow,Evening,Present,8.14,2026-01
2026-01-13,E1072,Ananya Verma,Sales,Lucknow,Evening,Present,7.93,2026-01
2026-01-14,E1072,Ananya Verma,Sales,Lucknow,Evening,Present,7.75,2026-01
2026-01-15,E1072,Ananya Verma,Sales,Lucknow,Evening,Present,8.43,2026-01
2026-01-16,E1072,Ananya Verma,Sales,Lucknow,Evening,Present,8.56,2026-01
2026-01-19,E1072,Ananya Verma,Sales,Lucknow,Evening,Present,7.93,2026-01
2026-01-20,E1072,Ananya Verma,Sales,Lucknow,Evening,Present,8.82,2026-01
2026-01-21,E1072,Ananya Verma,Sales,Lucknow,Evening,Present,8.39,2026-01
2026-01-22,E1072,Ananya Verma,Sales,Lucknow,Evening,Present,8.14,2026-01
2026-01-23,E1072,Ananya Verma,Sales,Lucknow,Evening,Late,7.66,2026-01
2026-01-26,E1072,Ananya Verma,Sales,Lucknow,Evening,Present,7.66,2026-01
2026-01-27,E1072,Ananya Verma,Sales,Lucknow,Evening,Present,8.43,2026-01
2026-01-28,E1072,Ananya Verma,Sales,Lucknow,Evening,Present,7.68,2026-01
2026-01-29,E1072,Ananya Verma,Sales,Lucknow,Evening,Present,7.87,2026-01
2026-01-30,E1072,Ananya Verma,Sales,Lucknow,Evening,Present,8.07,2026-01
2026-02-02,E1072,Ananya Verma,Sales,Lucknow,Evening,Present,8.95,2026-02
2026-02-03,E1072,Ananya Verma,Sales,Lucknow,Evening,Present,8.21,2026-02
2026-02-04,E1072,Ananya Verma,Sales,Lucknow,Evening,Present,7.72,2026-02
2026-02-05,E1072,Ananya Verma,Sales,Lucknow,Evening,Present,8.25,2026-02
2026-02-06,E1072,Ananya Verma,Sales,Lucknow,Evening,Present,8.36,2026-02
2026-02-09,E1072,Ananya Verma,Sales,Lucknow,Evening,Present,8.64,2026-02
2026-02-10,E1072,Ananya Verma,Sales,Lucknow,Evening,Present,8.09,2026-02
2026-02-11,E1072,Ananya Verma,Sales,Lucknow,Evening,Present,7.78,2026-02
2026-02-12,E1072,Ananya Verma,Sales,Lucknow,Evening,Present,9.09,2026-02
2026-02-13,E1072,Ananya Verma,Sales,Lucknow,Evening,Present,8.25,2026-02
2026-02-16,E1072,Ananya Verma,Sales,Lucknow,Evening,Present,7.72,2026-02
2026-02-17,E1072,Ananya Verma,Sales,Lucknow,Evening,Present,8.09,2026-02
2026-02-18,E1072,Ananya Verma,Sales,Lucknow,Evening,Present,7.87,2026-02
2026-02-19,E1072,Ananya Verma,Sales,Lucknow,Evening,Present,8.68,2026-02
2026-02-20,E1072,Ananya Verma,Sales,Lucknow,Evening,Present,8.36,2026-02
2026-02-23,E1072,Ananya Verma,Sales,Lucknow,Evening,Present,7.96,2026-02
2026-02-24,E1072,Ananya Verma,Sales,Lucknow,Evening,Present,8.56,2026-02
2026-02-25,E1072,Ananya Verma,Sales,Lucknow,Evening,Present,8.05,2026-02
2026-02-26,E1072,Ananya Verma,Sales,Lucknow,Evening,Present,8.07,2026-02
2026-02-27,E1072,Ananya Verma,Sales,Lucknow,Evening,Present,7.77,2026-02
2026-03-02,E1072,Ananya Verma,Sales,Lucknow,Evening,Present,7.77,2026-03
2026-03-03,E1072,Ananya Verma,Sales,Lucknow,Evening,Present,9.05,2026-03
2026-03-04,E1072,Ananya Verma,Sales,Lucknow,Evening,Present,8.54,2026-03
2026-03-05,E1072,Ananya Verma,Sales,Lucknow,Evening,Present,7.28,2026-03
2026-03-06,E1072,Ananya Verma,Sales,Lucknow,Evening,Present,7.67,2026-03
2026-03-09,E1072,Ananya Verma,Sales,Lucknow,Evening,Present,7.59,2026-03
2026-03-10,E1072,Ananya Verma,Sales,Lucknow,Evening,Present,8.13,2026-03
2026-03-11,E1072,Ananya Verma,Sales,Lucknow,Evening,Present,7.91,2026-03
2026-03-12,E1072,Ananya Verma,Sales,Lucknow,Evening,Present,8.78,2026-03
2026-03-13,E1072,Ananya Verma,Sales,Lucknow,Evening,Present,7.95,2026-03
2026-03-16,E1072,Ananya Verma,Sales,Lucknow,Evening,Present,8.99,2026-03
2026-03-17,E1072,Ananya Verma,Sales,Lucknow,Evening,Present,8.06,2026-03
2026-03-18,E1072,Ananya Verma,Sales,Lucknow,Evening,Present,9.11,2026-03
2026-03-19,E1072,Ananya Verma,Sales,Lucknow,Evening,Present,8.01,2026-03
2026-03-20,E1072,Ananya Verma,Sales,Lucknow,Evening,Present,8.02,2026-03
2026-03-23,E1072,Ananya Verma,Sales,Lucknow,Evening,Present,8.53,2026-03
2026-03-24,E1072,Ananya Verma,Sales,Lucknow,Evening,Present,8.46,2026-03
2026-03-25,E1072,Ananya Verma,Sales,Lucknow,Evening,Present,7.52,2026-03
2026-03-26,E1072,Ananya Verma,Sales,Lucknow,Evening,Present,8.14,2026-03
2026-03-27,E1072,Ananya Verma,Sales,Lucknow,Evening,Present,7.91,2026-03
2026-03-30,E1072,Ananya Verma,Sales,Lucknow,Evening,Present,7.88,2026-03
2026-03-31,E1072,Ananya Verma,Sales,Lucknow,Evening,Present,8.14,2026-03
2026-01-01,E1073,Aditya Das,Marketing,Lucknow,Morning,Absent,0.0,2026-01
2026-01-02,E1073,Aditya Das,Marketing,Lucknow,Morning,Present,8.18,2026-01
2026-01-05,E1073,Aditya Das,Marketing,Lucknow,Morning,Late,7.0,2026-01
2026-01-06,E1073,Aditya Das,Marketing,Lucknow,Morning,Present,7.42,2026-01
2026-01-07,E1073,Aditya Das,Marketing,Lucknow,Morning,Present,8.55,2026-01
2026-01-08,E1073,Aditya Das,Marketing,Lucknow,Morning,Present,8.62,2026-01
2026-01-09,E1073,Aditya Das,Marketing,Lucknow,Morning,Absent,0.0,2026-01
2026-01-12,E1073,Aditya Das,Marketing,Lucknow,Morning,Present,8.52,2026-01
2026-01-13,E1073,Aditya Das,Marketing,Lucknow,Morning,Present,8.91,2026-01
2026-01-14,E1073,Aditya Das,Marketing,Lucknow,Morning,Present,8.28,2026-01
2026-01-15,E1073,Aditya Das,Marketing,Lucknow,Morning,Present,8.14,2026-01
2026-01-16,E1073,Aditya Das,Marketing,Lucknow,Morning,Present,7.33,2026-01
2026-01-19,E1073,Aditya Das,Marketing,Lucknow,Morning,Present,8.74,2026-01
2026-01-20,E1073,Aditya Das,Marketing,Lucknow,Morning,Present,8.04,2026-01
2026-01-21,E1073,Aditya Das,Marketing,Lucknow,Morning,Present,8.54,2026-01
2026-01-22,E1073,Aditya Das,Marketing,Lucknow,Morning,Present,7.88,2026-01
2026-01-23,E1073,Aditya Das,Marketing,Lucknow,Morning,Present,8.04,2026-01
2026-01-26,E1073,Aditya Das,Marketing,Lucknow,Morning,Present,7.43,2026-01
2026-01-27,E1073,Aditya Das,Marketing,Lucknow,Morning,Present,8.4,2026-01
2026-01-28,E1073,Aditya Das,Marketing,Lucknow,Morning,Present,8.03,2026-01
2026-01-29,E1073,Aditya Das,Marketing,Lucknow,Morning,Present,8.59,2026-01
2026-01-30,E1073,Aditya Das,Marketing,Lucknow,Morning,Present,8.1,2026-01
2026-02-02,E1073,Aditya Das,Marketing,Lucknow,Morning,Present,8.62,2026-02
2026-02-03,E1073,Aditya Das,Marketing,Lucknow,Morning,Leave,0.0,2026-02
2026-02-04,E1073,Aditya Das,Marketing,Lucknow,Morning,Present,8.65,2026-02
2026-02-05,E1073,Aditya Das,Marketing,Lucknow,Morning,Present,7.02,2026-02
2026-02-06,E1073,Aditya Das,Marketing,Lucknow,Morning,Present,7.79,2026-02
2026-02-09,E1073,Aditya Das,Marketing,Lucknow,Morning,Present,7.58,2026-02
2026-02-10,E1073,Aditya Das,Marketing,Lucknow,Morning,Absent,0.0,2026-02
2026-02-11,E1073,Aditya Das,Marketing,Lucknow,Morning,Present,7.21,2026-02
2026-02-12,E1073,Aditya Das,Marketing,Lucknow,Morning,Late,8.0,2026-02
2026-02-13,E1073,Aditya Das,Marketing,Lucknow,Morning,Present,7.93,2026-02
2026-02-16,E1073,Aditya Das,Marketing,Lucknow,Morning,Present,7.23,2026-02
2026-02-17,E1073,Aditya Das,Marketing,Lucknow,Morning,Present,7.43,2026-02
2026-02-18,E1073,Aditya Das,Marketing,Lucknow,Morning,Late,7.41,2026-02
2026-02-19,E1073,Aditya Das,Marketing,Lucknow,Morning,Present,7.68,2026-02
2026-02-20,E1073,Aditya Das,Marketing,Lucknow,Morning,Present,8.13,2026-02
2026-02-23,E1073,Aditya Das,Marketing,Lucknow,Morning,Present,7.58,2026-02
2026-02-24,E1073,Aditya Das,Marketing,Lucknow,Morning,Present,8.02,2026-02
2026-02-25,E1073,Aditya Das,Marketing,Lucknow,Morning,Absent,0.0,2026-02
2026-02-26,E1073,Aditya Das,Marketing,Lucknow,Morning,Present,9.01,2026-02
2026-02-27,E1073,Aditya Das,Marketing,Lucknow,Morning,Present,8.5,2026-02
2026-03-02,E1073,Aditya Das,Marketing,Lucknow,Morning,Late,7.03,2026-03
2026-03-03,E1073,Aditya Das,Marketing,Lucknow,Morning,Present,7.98,2026-03
2026-03-04,E1073,Aditya Das,Marketing,Lucknow,Morning,Absent,0.0,2026-03
2026-03-05,E1073,Aditya Das,Marketing,Lucknow,Morning,Present,8.36,2026-03
2026-03-06,E1073,Aditya Das,Marketing,Lucknow,Morning,Leave,0.0,2026-03
2026-03-09,E1073,Aditya Das,Marketing,Lucknow,Morning,Present,8.23,2026-03
2026-03-10,E1073,Aditya Das,Marketing,Lucknow,Morning,Present,8.92,2026-03
2026-03-11,E1073,Aditya Das,Marketing,Lucknow,Morning,Present,7.69,2026-03
2026-03-12,E1073,Aditya Das,Marketing,Lucknow,Morning,Present,8.37,2026-03
2026-03-13,E1073,Aditya Das,Marketing,Lucknow,Morning,Present,7.82,2026-03
2026-03-16,E1073,Aditya Das,Marketing,Lucknow,Morning,Present,7.77,2026-03
2026-03-17,E1073,Aditya Das,Marketing,Lucknow,Morning,Present,8.59,2026-03
2026-03-18,E1073,Aditya Das,Marketing,Lucknow,Morning,Present,8.09,2026-03
2026-03-19,E1073,Aditya Das,Marketing,Lucknow,Morning,Present,8.22,2026-03
2026-03-20,E1073,Aditya Das,Marketing,Lucknow,Morning,Present,7.85,2026-03
2026-03-23,E1073,Aditya Das,Marketing,Lucknow,Morning,Present,7.87,2026-03
2026-03-24,E1073,Aditya Das,Marketing,Lucknow,Morning,Present,7.42,2026-03
2026-03-25,E1073,Aditya Das,Marketing,Lucknow,Morning,Present,8.18,2026-03
2026-03-26,E1073,Aditya Das,Marketing,Lucknow,Morning,Present,7.63,2026-03
2026-03-27,E1073,Aditya Das,Marketing,Lucknow,Morning,Present,8.04,2026-03
2026-03-30,E1073,Aditya Das,Marketing,Lucknow,Morning,Present,8.5,2026-03
2026-03-31,E1073,Aditya Das,Marketing,Lucknow,Morning,Late,6.62,2026-03
2026-01-01,E1074,Muskan Jain,Marketing,Lucknow,Evening,Present,7.8,2026-01
2026-01-02,E1074,Muskan Jain,Marketing,Lucknow,Evening,Present,8.24,2026-01
2026-01-05,E1074,Muskan Jain,Marketing,Lucknow,Evening,Present,7.74,2026-01
2026-01-06,E1074,Muskan Jain,Marketing,Lucknow,Evening,Present,7.99,2026-01
2026-01-07,E1074,Muskan Jain,Marketing,Lucknow,Evening,Present,8.62,2026-01
2026-01-08,E1074,Muskan Jain,Marketing,Lucknow,Evening,Present,7.9,2026-01
2026-01-09,E1074,Muskan Jain,Marketing,Lucknow,Evening,Present,7.37,2026-01
2026-01-12,E1074,Muskan Jain,Marketing,Lucknow,Evening,Present,8.68,2026-01
2026-01-13,E1074,Muskan Jain,Marketing,Lucknow,Evening,Present,8.14,2026-01
2026-01-14,E1074,Muskan Jain,Marketing,Lucknow,Evening,Present,8.1,2026-01
2026-01-15,E1074,Muskan Jain,Marketing,Lucknow,Evening,Present,8.71,2026-01
2026-01-16,E1074,Muskan Jain,Marketing,Lucknow,Evening,Present,8.13,2026-01
2026-01-19,E1074,Muskan Jain,Marketing,Lucknow,Evening,Present,7.64,2026-01
2026-01-20,E1074,Muskan Jain,Marketing,Lucknow,Evening,Present,8.49,2026-01
2026-01-21,E1074,Muskan Jain,Marketing,Lucknow,Evening,Present,7.96,2026-01
2026-01-22,E1074,Muskan Jain,Marketing,Lucknow,Evening,Present,7.98,2026-01
2026-01-23,E1074,Muskan Jain,Marketing,Lucknow,Evening,Present,9.04,2026-01
2026-01-26,E1074,Muskan Jain,Marketing,Lucknow,Evening,Present,8.37,2026-01
2026-01-27,E1074,Muskan Jain,Marketing,Lucknow,Evening,Present,8.12,2026-01
2026-01-28,E1074,Muskan Jain,Marketing,Lucknow,Evening,Present,8.86,2026-01
2026-01-29,E1074,Muskan Jain,Marketing,Lucknow,Evening,Present,7.52,2026-01
2026-01-30,E1074,Muskan Jain,Marketing,Lucknow,Evening,Present,8.09,2026-01
2026-02-02,E1074,Muskan Jain,Marketing,Lucknow,Evening,Present,7.89,2026-02
2026-02-03,E1074,Muskan Jain,Marketing,Lucknow,Evening,Present,7.78,2026-02
2026-02-04,E1074,Muskan Jain,Marketing,Lucknow,Evening,Present,8.28,2026-02
2026-02-05,E1074,Muskan Jain,Marketing,Lucknow,Evening,Present,7.89,2026-02
2026-02-06,E1074,Muskan Jain,Marketing,Lucknow,Evening,Present,8.24,2026-02
2026-02-09,E1074,Muskan Jain,Marketing,Lucknow,Evening,Present,8.03,2026-02
2026-02-10,E1074,Muskan Jain,Marketing,Lucknow,Evening,Present,8.03,2026-02
2026-02-11,E1074,Muskan Jain,Marketing,Lucknow,Evening,Present,7.75,2026-02
2026-02-12,E1074,Muskan Jain,Marketing,Lucknow,Evening,Present,9.08,2026-02
2026-02-13,E1074,Muskan Jain,Marketing,Lucknow,Evening,Present,7.6,2026-02
2026-02-16,E1074,Muskan Jain,Marketing,Lucknow,Evening,Present,7.89,2026-02
2026-02-17,E1074,Muskan Jain,Marketing,Lucknow,Evening,Present,8.51,2026-02
2026-02-18,E1074,Muskan Jain,Marketing,Lucknow,Evening,Present,7.99,2026-02
2026-02-19,E1074,Muskan Jain,Marketing,Lucknow,Evening,Present,8.21,2026-02
2026-02-20,E1074,Muskan Jain,Marketing,Lucknow,Evening,Present,8.5,2026-02
2026-02-23,E1074,Muskan Jain,Marketing,Lucknow,Evening,Present,8.07,2026-02
2026-02-24,E1074,Muskan Jain,Marketing,Lucknow,Evening,Present,6.7,2026-02
2026-02-25,E1074,Muskan Jain,Marketing,Lucknow,Evening,Present,8.12,2026-02
2026-02-26,E1074,Muskan Jain,Marketing,Lucknow,Evening,Present,8.36,2026-02
2026-02-27,E1074,Muskan Jain,Marketing,Lucknow,Evening,Present,8.29,2026-02
2026-03-02,E1074,Muskan Jain,Marketing,Lucknow,Evening,Present,7.76,2026-03
2026-03-03,E1074,Muskan Jain,Marketing,Lucknow,Evening,Present,8.79,2026-03
2026-03-04,E1074,Muskan Jain,Marketing,Lucknow,Evening,Present,7.36,2026-03
2026-03-05,E1074,Muskan Jain,Marketing,Lucknow,Evening,Present,7.98,2026-03
2026-03-06,E1074,Muskan Jain,Marketing,Lucknow,Evening,Present,8.42,2026-03
2026-03-09,E1074,Muskan Jain,Marketing,Lucknow,Evening,Present,9.5,2026-03
2026-03-10,E1074,Muskan Jain,Marketing,Lucknow,Evening,Present,7.61,2026-03
2026-03-11,E1074,Muskan Jain,Marketing,Lucknow,Evening,Present,7.25,2026-03
2026-03-12,E1074,Muskan Jain,Marketing,Lucknow,Evening,Present,9.27,2026-03
2026-03-13,E1074,Muskan Jain,Marketing,Lucknow,Evening,Present,8.49,2026-03
2026-03-16,E1074,Muskan Jain,Marketing,Lucknow,Evening,Present,8.28,2026-03
2026-03-17,E1074,Muskan Jain,Marketing,Lucknow,Evening,Present,7.79,2026-03
2026-03-18,E1074,Muskan Jain,Marketing,Lucknow,Evening,Present,8.09,2026-03
2026-03-19,E1074,Muskan Jain,Marketing,Lucknow,Evening,Present,7.81,2026-03
2026-03-20,E1074,Muskan Jain,Marketing,Lucknow,Evening,Present,8.57,2026-03
2026-03-23,E1074,Muskan Jain,Marketing,Lucknow,Evening,Present,8.44,2026-03
2026-03-24,E1074,Muskan Jain,Marketing,Lucknow,Evening,Present,8.18,2026-03
2026-03-25,E1074,Muskan Jain,Marketing,Lucknow,Evening,Present,8.36,2026-03
2026-03-26,E1074,Muskan Jain,Marketing,Lucknow,Evening,Present,8.24,2026-03
2026-03-27,E1074,Muskan Jain,Marketing,Lucknow,Evening,Present,7.65,2026-03
2026-03-30,E1074,Muskan Jain,Marketing,Lucknow,Evening,Present,7.36,2026-03
2026-03-31,E1074,Muskan Jain,Marketing,Lucknow,Evening,Present,8.43,2026-03
2026-01-01,E1075,Vivaan Jain,Marketing,Varanasi,Evening,Present,8.61,2026-01
2026-01-02,E1075,Vivaan Jain,Marketing,Varanasi,Evening,Present,8.46,2026-01
2026-01-05,E1075,Vivaan Jain,Marketing,Varanasi,Evening,Present,6.78,2026-01
2026-01-06,E1075,Vivaan Jain,Marketing,Varanasi,Evening,Present,8.17,2026-01
2026-01-07,E1075,Vivaan Jain,Marketing,Varanasi,Evening,Present,7.64,2026-01
2026-01-08,E1075,Vivaan Jain,Marketing,Varanasi,Evening,Present,8.06,2026-01
2026-01-09,E1075,Vivaan Jain,Marketing,Varanasi,Evening,Present,9.09,2026-01
2026-01-12,E1075,Vivaan Jain,Marketing,Varanasi,Evening,Present,8.5,2026-01
2026-01-13,E1075,Vivaan Jain,Marketing,Varanasi,Evening,Present,8.56,2026-01
2026-01-14,E1075,Vivaan Jain,Marketing,Varanasi,Evening,Present,8.02,2026-01
2026-01-15,E1075,Vivaan Jain,Marketing,Varanasi,Evening,Present,8.56,2026-01
2026-01-16,E1075,Vivaan Jain,Marketing,Varanasi,Evening,Present,7.78,2026-01
2026-01-19,E1075,Vivaan Jain,Marketing,Varanasi,Evening,Late,7.57,2026-01
2026-01-20,E1075,Vivaan Jain,Marketing,Varanasi,Evening,Present,8.47,2026-01
2026-01-21,E1075,Vivaan Jain,Marketing,Varanasi,Evening,Absent,0.0,2026-01
2026-01-22,E1075,Vivaan Jain,Marketing,Varanasi,Evening,Present,8.46,2026-01
2026-01-23,E1075,Vivaan Jain,Marketing,Varanasi,Evening,Present,7.27,2026-01
2026-01-26,E1075,Vivaan Jain,Marketing,Varanasi,Evening,Present,7.75,2026-01
2026-01-27,E1075,Vivaan Jain,Marketing,Varanasi,Evening,Present,7.67,2026-01
2026-01-28,E1075,Vivaan Jain,Marketing,Varanasi,Evening,Present,8.08,2026-01
2026-01-29,E1075,Vivaan Jain,Marketing,Varanasi,Evening,Present,8.23,2026-01
2026-01-30,E1075,Vivaan Jain,Marketing,Varanasi,Evening,Present,8.18,2026-01
2026-02-02,E1075,Vivaan Jain,Marketing,Varanasi,Evening,Absent,0.0,2026-02
2026-02-03,E1075,Vivaan Jain,Marketing,Varanasi,Evening,Late,7.09,2026-02
2026-02-04,E1075,Vivaan Jain,Marketing,Varanasi,Evening,Present,7.88,2026-02
2026-02-05,E1075,Vivaan Jain,Marketing,Varanasi,Evening,Present,8.91,2026-02
2026-02-06,E1075,Vivaan Jain,Marketing,Varanasi,Evening,Present,8.84,2026-02
2026-02-09,E1075,Vivaan Jain,Marketing,Varanasi,Evening,Present,8.03,2026-02
2026-02-10,E1075,Vivaan Jain,Marketing,Varanasi,Evening,Present,7.99,2026-02
2026-02-11,E1075,Vivaan Jain,Marketing,Varanasi,Evening,Present,8.0,2026-02
2026-02-12,E1075,Vivaan Jain,Marketing,Varanasi,Evening,Leave,0.0,2026-02
2026-02-13,E1075,Vivaan Jain,Marketing,Varanasi,Evening,Present,8.61,2026-02
2026-02-16,E1075,Vivaan Jain,Marketing,Varanasi,Evening,Present,7.89,2026-02
2026-02-17,E1075,Vivaan Jain,Marketing,Varanasi,Evening,Present,8.46,2026-02
2026-02-18,E1075,Vivaan Jain,Marketing,Varanasi,Evening,Late,7.33,2026-02
2026-02-19,E1075,Vivaan Jain,Marketing,Varanasi,Evening,Absent,0.0,2026-02
2026-02-20,E1075,Vivaan Jain,Marketing,Varanasi,Evening,Present,8.65,2026-02
2026-02-23,E1075,Vivaan Jain,Marketing,Varanasi,Evening,Present,7.2,2026-02
2026-02-24,E1075,Vivaan Jain,Marketing,Varanasi,Evening,Present,8.25,2026-02
2026-02-25,E1075,Vivaan Jain,Marketing,Varanasi,Evening,Late,7.31,2026-02
2026-02-26,E1075,Vivaan Jain,Marketing,Varanasi,Evening,Present,8.24,2026-02
2026-02-27,E1075,Vivaan Jain,Marketing,Varanasi,Evening,Present,7.42,2026-02
2026-03-02,E1075,Vivaan Jain,Marketing,Varanasi,Evening,Present,7.85,2026-03
2026-03-03,E1075,Vivaan Jain,Marketing,Varanasi,Evening,Present,9.09,2026-03
2026-03-04,E1075,Vivaan Jain,Marketing,Varanasi,Evening,Present,8.53,2026-03
2026-03-05,E1075,Vivaan Jain,Marketing,Varanasi,Evening,Present,7.85,2026-03
2026-03-06,E1075,Vivaan Jain,Marketing,Varanasi,Evening,Present,7.83,2026-03
2026-03-09,E1075,Vivaan Jain,Marketing,Varanasi,Evening,Leave,0.0,2026-03
2026-03-10,E1075,Vivaan Jain,Marketing,Varanasi,Evening,Present,8.37,2026-03
2026-03-11,E1075,Vivaan Jain,Marketing,Varanasi,Evening,Late,6.92,2026-03
2026-03-12,E1075,Vivaan Jain,Marketing,Varanasi,Evening,Present,8.15,2026-03
2026-03-13,E1075,Vivaan Jain,Marketing,Varanasi,Evening,Present,8.59,2026-03
2026-03-16,E1075,Vivaan Jain,Marketing,Varanasi,Evening,Present,7.58,2026-03
2026-03-17,E1075,Vivaan Jain,Marketing,Varanasi,Evening,Present,7.38,2026-03
2026-03-18,E1075,Vivaan Jain,Marketing,Varanasi,Evening,Leave,0.0,2026-03
2026-03-19,E1075,Vivaan Jain,Marketing,Varanasi,Evening,Late,7.41,2026-03
2026-03-20,E1075,Vivaan Jain,Marketing,Varanasi,Evening,Present,8.01,2026-03
2026-03-23,E1075,Vivaan Jain,Marketing,Varanasi,Evening,Present,8.46,2026-03
2026-03-24,E1075,Vivaan Jain,Marketing,Varanasi,Evening,Absent,0.0,2026-03
2026-03-25,E1075,Vivaan Jain,Marketing,Varanasi,Evening,Present,8.2,2026-03
2026-03-26,E1075,Vivaan Jain,Marketing,Varanasi,Evening,Present,7.44,2026-03
2026-03-27,E1075,Vivaan Jain,Marketing,Varanasi,Evening,Present,8.16,2026-03
2026-03-30,E1075,Vivaan Jain,Marketing,Varanasi,Evening,Present,7.73,2026-03
2026-03-31,E1075,Vivaan Jain,Marketing,Varanasi,Evening,Present,8.42,2026-03
2026-01-01,E1076,Isha Jain,Marketing,Kanpur,General,Present,8.05,2026-01
2026-01-02,E1076,Isha Jain,Marketing,Kanpur,General,Present,7.72,2026-01
2026-01-05,E1076,Isha Jain,Marketing,Kanpur,General,Present,8.5,2026-01
2026-01-06,E1076,Isha Jain,Marketing,Kanpur,General,Present,8.4,2026-01
2026-01-07,E1076,Isha Jain,Marketing,Kanpur,General,Present,8.08,2026-01
2026-01-08,E1076,Isha Jain,Marketing,Kanpur,General,Present,8.21,2026-01
2026-01-09,E1076,Isha Jain,Marketing,Kanpur,General,Present,8.62,2026-01
2026-01-12,E1076,Isha Jain,Marketing,Kanpur,General,Late,8.0,2026-01
2026-01-13,E1076,Isha Jain,Marketing,Kanpur,General,Present,7.04,2026-01
2026-01-14,E1076,Isha Jain,Marketing,Kanpur,General,Present,7.82,2026-01
2026-01-15,E1076,Isha Jain,Marketing,Kanpur,General,Present,8.08,2026-01
2026-01-16,E1076,Isha Jain,Marketing,Kanpur,General,Present,7.62,2026-01
2026-01-19,E1076,Isha Jain,Marketing,Kanpur,General,Present,8.22,2026-01
2026-01-20,E1076,Isha Jain,Marketing,Kanpur,General,Present,7.84,2026-01
2026-01-21,E1076,Isha Jain,Marketing,Kanpur,General,Present,8.23,2026-01
2026-01-22,E1076,Isha Jain,Marketing,Kanpur,General,Present,7.85,2026-01
2026-01-23,E1076,Isha Jain,Marketing,Kanpur,General,Present,7.87,2026-01
2026-01-26,E1076,Isha Jain,Marketing,Kanpur,General,Present,8.23,2026-01
2026-01-27,E1076,Isha Jain,Marketing,Kanpur,General,Present,8.52,2026-01
2026-01-28,E1076,Isha Jain,Marketing,Kanpur,General,Present,8.38,2026-01
2026-01-29,E1076,Isha Jain,Marketing,Kanpur,General,Present,8.09,2026-01
2026-01-30,E1076,Isha Jain,Marketing,Kanpur,General,Present,7.3,2026-01
2026-02-02,E1076,Isha Jain,Marketing,Kanpur,General,Present,7.86,2026-02
2026-02-03,E1076,Isha Jain,Marketing,Kanpur,General,Present,7.81,2026-02
2026-02-04,E1076,Isha Jain,Marketing,Kanpur,General,Present,8.43,2026-02
2026-02-05,E1076,Isha Jain,Marketing,Kanpur,General,Present,8.17,2026-02
2026-02-06,E1076,Isha Jain,Marketing,Kanpur,General,Leave,0.0,2026-02
2026-02-09,E1076,Isha Jain,Marketing,Kanpur,General,Present,8.19,2026-02
2026-02-10,E1076,Isha Jain,Marketing,Kanpur,General,Present,7.58,2026-02
2026-02-11,E1076,Isha Jain,Marketing,Kanpur,General,Present,7.89,2026-02
2026-02-12,E1076,Isha Jain,Marketing,Kanpur,General,Present,8.9,2026-02
2026-02-13,E1076,Isha Jain,Marketing,Kanpur,General,Present,8.66,2026-02
2026-02-16,E1076,Isha Jain,Marketing,Kanpur,General,Present,8.16,2026-02
2026-02-17,E1076,Isha Jain,Marketing,Kanpur,General,Present,7.65,2026-02
2026-02-18,E1076,Isha Jain,Marketing,Kanpur,General,Late,7.89,2026-02
2026-02-19,E1076,Isha Jain,Marketing,Kanpur,General,Present,7.59,2026-02
2026-02-20,E1076,Isha Jain,Marketing,Kanpur,General,Present,8.25,2026-02
2026-02-23,E1076,Isha Jain,Marketing,Kanpur,General,Present,8.4,2026-02
2026-02-24,E1076,Isha Jain,Marketing,Kanpur,General,Present,7.52,2026-02
2026-02-25,E1076,Isha Jain,Marketing,Kanpur,General,Present,8.02,2026-02
2026-02-26,E1076,Isha Jain,Marketing,Kanpur,General,Present,8.3,2026-02
2026-02-27,E1076,Isha Jain,Marketing,Kanpur,General,Present,8.37,2026-02
2026-03-02,E1076,Isha Jain,Marketing,Kanpur,General,Present,8.39,2026-03
2026-03-03,E1076,Isha Jain,Marketing,Kanpur,General,Present,7.79,2026-03
2026-03-04,E1076,Isha Jain,Marketing,Kanpur,General,Present,7.89,2026-03
2026-03-05,E1076,Isha Jain,Marketing,Kanpur,General,Present,7.91,2026-03
2026-03-06,E1076,Isha Jain,Marketing,Kanpur,General,Present,6.93,2026-03
2026-03-09,E1076,Isha Jain,Marketing,Kanpur,General,Present,8.74,2026-03
2026-03-10,E1076,Isha Jain,Marketing,Kanpur,General,Present,8.04,2026-03
2026-03-11,E1076,Isha Jain,Marketing,Kanpur,General,Present,8.59,2026-03
2026-03-12,E1076,Isha Jain,Marketing,Kanpur,General,Present,8.61,2026-03
2026-03-13,E1076,Isha Jain,Marketing,Kanpur,General,Present,9.04,2026-03
2026-03-16,E1076,Isha Jain,Marketing,Kanpur,General,Present,7.61,2026-03
2026-03-17,E1076,Isha Jain,Marketing,Kanpur,General,Present,8.33,2026-03
2026-03-18,E1076,Isha Jain,Marketing,Kanpur,General,Present,8.05,2026-03
2026-03-19,E1076,Isha Jain,Marketing,Kanpur,General,Present,8.12,2026-03
2026-03-20,E1076,Isha Jain,Marketing,Kanpur,General,Present,8.41,2026-03
2026-03-23,E1076,Isha Jain,Marketing,Kanpur,General,Present,7.81,2026-03
2026-03-24,E1076,Isha Jain,Marketing,Kanpur,General,Present,7.98,2026-03
2026-03-25,E1076,Isha Jain,Marketing,Kanpur,General,Present,7.11,2026-03
2026-03-26,E1076,Isha Jain,Marketing,Kanpur,General,Present,7.83,2026-03
2026-03-27,E1076,Isha Jain,Marketing,Kanpur,General,Present,8.9,2026-03
2026-03-30,E1076,Isha Jain,Marketing,Kanpur,General,Present,8.45,2026-03
2026-03-31,E1076,Isha Jain,Marketing,Kanpur,General,Present,8.4,2026-03
2026-01-01,E1077,Karan Das,Marketing,Prayagraj,Morning,Late,7.79,2026-01
2026-01-02,E1077,Karan Das,Marketing,Prayagraj,Morning,Present,7.91,2026-01
2026-01-05,E1077,Karan Das,Marketing,Prayagraj,Morning,Present,8.2,2026-01
2026-01-06,E1077,Karan Das,Marketing,Prayagraj,Morning,Present,7.68,2026-01
2026-01-07,E1077,Karan Das,Marketing,Prayagraj,Morning,Present,8.68,2026-01
2026-01-08,E1077,Karan Das,Marketing,Prayagraj,Morning,Present,7.99,2026-01
2026-01-09,E1077,Karan Das,Marketing,Prayagraj,Morning,Present,8.19,2026-01
2026-01-12,E1077,Karan Das,Marketing,Prayagraj,Morning,Present,7.31,2026-01
2026-01-13,E1077,Karan Das,Marketing,Prayagraj,Morning,Present,7.63,2026-01
2026-01-14,E1077,Karan Das,Marketing,Prayagraj,Morning,Present,8.55,2026-01
2026-01-15,E1077,Karan Das,Marketing,Prayagraj,Morning,Present,7.9,2026-01
2026-01-16,E1077,Karan Das,Marketing,Prayagraj,Morning,Late,7.06,2026-01
2026-01-19,E1077,Karan Das,Marketing,Prayagraj,Morning,Present,7.45,2026-01
2026-01-20,E1077,Karan Das,Marketing,Prayagraj,Morning,Present,8.67,2026-01
2026-01-21,E1077,Karan Das,Marketing,Prayagraj,Morning,Present,8.42,2026-01
2026-01-22,E1077,Karan Das,Marketing,Prayagraj,Morning,Present,8.39,2026-01
2026-01-23,E1077,Karan Das,Marketing,Prayagraj,Morning,Present,8.86,2026-01
2026-01-26,E1077,Karan Das,Marketing,Prayagraj,Morning,Present,7.96,2026-01
2026-01-27,E1077,Karan Das,Marketing,Prayagraj,Morning,Present,7.49,2026-01
2026-01-28,E1077,Karan Das,Marketing,Prayagraj,Morning,Present,8.13,2026-01
2026-01-29,E1077,Karan Das,Marketing,Prayagraj,Morning,Present,8.97,2026-01
2026-01-30,E1077,Karan Das,Marketing,Prayagraj,Morning,Late,7.54,2026-01
2026-02-02,E1077,Karan Das,Marketing,Prayagraj,Morning,Present,8.63,2026-02
2026-02-03,E1077,Karan Das,Marketing,Prayagraj,Morning,Present,7.5,2026-02
2026-02-04,E1077,Karan Das,Marketing,Prayagraj,Morning,Present,7.77,2026-02
2026-02-05,E1077,Karan Das,Marketing,Prayagraj,Morning,Leave,0.0,2026-02
2026-02-06,E1077,Karan Das,Marketing,Prayagraj,Morning,Present,8.24,2026-02
2026-02-09,E1077,Karan Das,Marketing,Prayagraj,Morning,Present,8.45,2026-02
2026-02-10,E1077,Karan Das,Marketing,Prayagraj,Morning,Present,8.59,2026-02
2026-02-11,E1077,Karan Das,Marketing,Prayagraj,Morning,Present,8.06,2026-02
2026-02-12,E1077,Karan Das,Marketing,Prayagraj,Morning,Present,8.22,2026-02
2026-02-13,E1077,Karan Das,Marketing,Prayagraj,Morning,Present,8.59,2026-02
2026-02-16,E1077,Karan Das,Marketing,Prayagraj,Morning,Late,7.5,2026-02
2026-02-17,E1077,Karan Das,Marketing,Prayagraj,Morning,Present,7.8,2026-02
2026-02-18,E1077,Karan Das,Marketing,Prayagraj,Morning,Present,7.8,2026-02
2026-02-19,E1077,Karan Das,Marketing,Prayagraj,Morning,Present,8.5,2026-02
2026-02-20,E1077,Karan Das,Marketing,Prayagraj,Morning,Present,8.21,2026-02
2026-02-23,E1077,Karan Das,Marketing,Prayagraj,Morning,Present,7.97,2026-02
2026-02-24,E1077,Karan Das,Marketing,Prayagraj,Morning,Leave,0.0,2026-02
2026-02-25,E1077,Karan Das,Marketing,Prayagraj,Morning,Present,8.11,2026-02
2026-02-26,E1077,Karan Das,Marketing,Prayagraj,Morning,Present,7.66,2026-02
2026-02-27,E1077,Karan Das,Marketing,Prayagraj,Morning,Leave,0.0,2026-02
2026-03-02,E1077,Karan Das,Marketing,Prayagraj,Morning,Present,8.17,2026-03
2026-03-03,E1077,Karan Das,Marketing,Prayagraj,Morning,Present,8.84,2026-03
2026-03-04,E1077,Karan Das,Marketing,Prayagraj,Morning,Present,8.67,2026-03
2026-03-05,E1077,Karan Das,Marketing,Prayagraj,Morning,Present,8.91,2026-03
2026-03-06,E1077,Karan Das,Marketing,Prayagraj,Morning,Late,7.26,2026-03
2026-03-09,E1077,Karan Das,Marketing,Prayagraj,Morning,Present,7.27,2026-03
2026-03-10,E1077,Karan Das,Marketing,Prayagraj,Morning,Present,8.02,2026-03
2026-03-11,E1077,Karan Das,Marketing,Prayagraj,Morning,Present,8.38,2026-03
2026-03-12,E1077,Karan Das,Marketing,Prayagraj,Morning,Present,8.25,2026-03
2026-03-13,E1077,Karan Das,Marketing,Prayagraj,Morning,Present,9.23,2026-03
2026-03-16,E1077,Karan Das,Marketing,Prayagraj,Morning,Present,8.48,2026-03
2026-03-17,E1077,Karan Das,Marketing,Prayagraj,Morning,Present,7.84,2026-03
2026-03-18,E1077,Karan Das,Marketing,Prayagraj,Morning,Present,8.67,2026-03
2026-03-19,E1077,Karan Das,Marketing,Prayagraj,Morning,Present,7.39,2026-03
2026-03-20,E1077,Karan Das,Marketing,Prayagraj,Morning,Present,7.92,2026-03
2026-03-23,E1077,Karan Das,Marketing,Prayagraj,Morning,Present,7.96,2026-03
2026-03-24,E1077,Karan Das,Marketing,Prayagraj,Morning,Present,8.71,2026-03
2026-03-25,E1077,Karan Das,Marketing,Prayagraj,Morning,Present,8.29,2026-03
2026-03-26,E1077,Karan Das,Marketing,Prayagraj,Morning,Present,7.77,2026-03
2026-03-27,E1077,Karan Das,Marketing,Prayagraj,Morning,Present,6.98,2026-03
2026-03-30,E1077,Karan Das,Marketing,Prayagraj,Morning,Present,7.59,2026-03
2026-03-31,E1077,Karan Das,Marketing,Prayagraj,Morning,Present,8.36,2026-03
2026-01-01,E1078,Ankit Yadav,Marketing,Lucknow,General,Present,7.66,2026-01
2026-01-02,E1078,Ankit Yadav,Marketing,Lucknow,General,Present,8.41,2026-01
2026-01-05,E1078,Ankit Yadav,Marketing,Lucknow,General,Present,8.81,2026-01
2026-01-06,E1078,Ankit Yadav,Marketing,Lucknow,General,Present,7.74,2026-01
2026-01-07,E1078,Ankit Yadav,Marketing,Lucknow,General,Present,8.41,2026-01
2026-01-08,E1078,Ankit Yadav,Marketing,Lucknow,General,Present,8.56,2026-01
2026-01-09,E1078,Ankit Yadav,Marketing,Lucknow,General,Present,8.2,2026-01
2026-01-12,E1078,Ankit Yadav,Marketing,Lucknow,General,Present,8.39,2026-01
2026-01-13,E1078,Ankit Yadav,Marketing,Lucknow,General,Present,7.79,2026-01
2026-01-14,E1078,Ankit Yadav,Marketing,Lucknow,General,Present,8.78,2026-01
2026-01-15,E1078,Ankit Yadav,Marketing,Lucknow,General,Present,8.62,2026-01
2026-01-16,E1078,Ankit Yadav,Marketing,Lucknow,General,Present,8.67,2026-01
2026-01-19,E1078,Ankit Yadav,Marketing,Lucknow,General,Present,7.59,2026-01
2026-01-20,E1078,Ankit Yadav,Marketing,Lucknow,General,Late,7.75,2026-01
2026-01-21,E1078,Ankit Yadav,Marketing,Lucknow,General,Present,7.82,2026-01
2026-01-22,E1078,Ankit Yadav,Marketing,Lucknow,General,Present,8.83,2026-01
2026-01-23,E1078,Ankit Yadav,Marketing,Lucknow,General,Present,7.75,2026-01
2026-01-26,E1078,Ankit Yadav,Marketing,Lucknow,General,Present,8.21,2026-01
2026-01-27,E1078,Ankit Yadav,Marketing,Lucknow,General,Present,7.21,2026-01
2026-01-28,E1078,Ankit Yadav,Marketing,Lucknow,General,Present,8.21,2026-01
2026-01-29,E1078,Ankit Yadav,Marketing,Lucknow,General,Present,7.59,2026-01
2026-01-30,E1078,Ankit Yadav,Marketing,Lucknow,General,Present,8.35,2026-01
2026-02-02,E1078,Ankit Yadav,Marketing,Lucknow,General,Present,8.04,2026-02
2026-02-03,E1078,Ankit Yadav,Marketing,Lucknow,General,Present,7.94,2026-02
2026-02-04,E1078,Ankit Yadav,Marketing,Lucknow,General,Late,8.0,2026-02
2026-02-05,E1078,Ankit Yadav,Marketing,Lucknow,General,Present,9.14,2026-02
2026-02-06,E1078,Ankit Yadav,Marketing,Lucknow,General,Present,7.47,2026-02
2026-02-09,E1078,Ankit Yadav,Marketing,Lucknow,General,Present,7.95,2026-02
2026-02-10,E1078,Ankit Yadav,Marketing,Lucknow,General,Present,8.49,2026-02
2026-02-11,E1078,Ankit Yadav,Marketing,Lucknow,General,Present,8.27,2026-02
2026-02-12,E1078,Ankit Yadav,Marketing,Lucknow,General,Present,8.46,2026-02
2026-02-13,E1078,Ankit Yadav,Marketing,Lucknow,General,Present,8.07,2026-02
2026-02-16,E1078,Ankit Yadav,Marketing,Lucknow,General,Present,8.64,2026-02
2026-02-17,E1078,Ankit Yadav,Marketing,Lucknow,General,Present,8.19,2026-02
2026-02-18,E1078,Ankit Yadav,Marketing,Lucknow,General,Present,8.3,2026-02
2026-02-19,E1078,Ankit Yadav,Marketing,Lucknow,General,Present,7.59,2026-02
2026-02-20,E1078,Ankit Yadav,Marketing,Lucknow,General,Present,8.15,2026-02
2026-02-23,E1078,Ankit Yadav,Marketing,Lucknow,General,Present,8.49,2026-02
2026-02-24,E1078,Ankit Yadav,Marketing,Lucknow,General,Present,8.25,2026-02
2026-02-25,E1078,Ankit Yadav,Marketing,Lucknow,General,Present,9.02,2026-02
2026-02-26,E1078,Ankit Yadav,Marketing,Lucknow,General,Leave,0.0,2026-02
2026-02-27,E1078,Ankit Yadav,Marketing,Lucknow,General,Present,8.17,2026-02
2026-03-02,E1078,Ankit Yadav,Marketing,Lucknow,General,Present,8.2,2026-03
2026-03-03,E1078,Ankit Yadav,Marketing,Lucknow,General,Late,7.78,2026-03
2026-03-04,E1078,Ankit Yadav,Marketing,Lucknow,General,Present,8.13,2026-03
2026-03-05,E1078,Ankit Yadav,Marketing,Lucknow,General,Present,8.17,2026-03
2026-03-06,E1078,Ankit Yadav,Marketing,Lucknow,General,Late,6.04,2026-03
2026-03-09,E1078,Ankit Yadav,Marketing,Lucknow,General,Present,7.59,2026-03
2026-03-10,E1078,Ankit Yadav,Marketing,Lucknow,General,Present,8.67,2026-03
2026-03-11,E1078,Ankit Yadav,Marketing,Lucknow,General,Present,8.05,2026-03
2026-03-12,E1078,Ankit Yadav,Marketing,Lucknow,General,Present,8.48,2026-03
2026-03-13,E1078,Ankit Yadav,Marketing,Lucknow,General,Leave,0.0,2026-03
2026-03-16,E1078,Ankit Yadav,Marketing,Lucknow,General,Present,8.39,2026-03
2026-03-17,E1078,Ankit Yadav,Marketing,Lucknow,General,Present,8.88,2026-03
2026-03-18,E1078,Ankit Yadav,Marketing,Lucknow,General,Late,7.83,2026-03
2026-03-19,E1078,Ankit Yadav,Marketing,Lucknow,General,Present,8.74,2026-03
2026-03-20,E1078,Ankit Yadav,Marketing,Lucknow,General,Present,7.71,2026-03
2026-03-23,E1078,Ankit Yadav,Marketing,Lucknow,General,Present,7.57,2026-03
2026-03-24,E1078,Ankit Yadav,Marketing,Lucknow,General,Present,7.95,2026-03
2026-03-25,E1078,Ankit Yadav,Marketing,Lucknow,General,Present,8.6,2026-03
2026-03-26,E1078,Ankit Yadav,Marketing,Lucknow,General,Absent,0.0,2026-03
2026-03-27,E1078,Ankit Yadav,Marketing,Lucknow,General,Present,8.35,2026-03
2026-03-30,E1078,Ankit Yadav,Marketing,Lucknow,General,Present,8.53,2026-03
2026-03-31,E1078,Ankit Yadav,Marketing,Lucknow,General,Present,8.47,2026-03
2026-01-01,E1079,Neeraj Chauhan,Marketing,Varanasi,General,Present,8.24,2026-01
2026-01-02,E1079,Neeraj Chauhan,Marketing,Varanasi,General,Present,8.04,2026-01
2026-01-05,E1079,Neeraj Chauhan,Marketing,Varanasi,General,Present,7.93,2026-01
2026-01-06,E1079,Neeraj Chauhan,Marketing,Varanasi,General,Present,8.29,2026-01
2026-01-07,E1079,Neeraj Chauhan,Marketing,Varanasi,General,Present,8.0,2026-01
2026-01-08,E1079,Neeraj Chauhan,Marketing,Varanasi,General,Present,8.23,2026-01
2026-01-09,E1079,Neeraj Chauhan,Marketing,Varanasi,General,Present,7.25,2026-01
2026-01-12,E1079,Neeraj Chauhan,Marketing,Varanasi,General,Present,8.19,2026-01
2026-01-13,E1079,Neeraj Chauhan,Marketing,Varanasi,General,Absent,0.0,2026-01
2026-01-14,E1079,Neeraj Chauhan,Marketing,Varanasi,General,Present,7.99,2026-01
2026-01-15,E1079,Neeraj Chauhan,Marketing,Varanasi,General,Present,8.76,2026-01
2026-01-16,E1079,Neeraj Chauhan,Marketing,Varanasi,General,Present,8.46,2026-01
2026-01-19,E1079,Neeraj Chauhan,Marketing,Varanasi,General,Present,7.32,2026-01
2026-01-20,E1079,Neeraj Chauhan,Marketing,Varanasi,General,Present,9.05,2026-01
2026-01-21,E1079,Neeraj Chauhan,Marketing,Varanasi,General,Late,7.32,2026-01
2026-01-22,E1079,Neeraj Chauhan,Marketing,Varanasi,General,Present,7.18,2026-01
2026-01-23,E1079,Neeraj Chauhan,Marketing,Varanasi,General,Present,8.35,2026-01
2026-01-26,E1079,Neeraj Chauhan,Marketing,Varanasi,General,Absent,0.0,2026-01
2026-01-27,E1079,Neeraj Chauhan,Marketing,Varanasi,General,Present,8.45,2026-01
2026-01-28,E1079,Neeraj Chauhan,Marketing,Varanasi,General,Present,7.8,2026-01
2026-01-29,E1079,Neeraj Chauhan,Marketing,Varanasi,General,Present,8.67,2026-01
2026-01-30,E1079,Neeraj Chauhan,Marketing,Varanasi,General,Present,8.17,2026-01
2026-02-02,E1079,Neeraj Chauhan,Marketing,Varanasi,General,Present,8.76,2026-02
2026-02-03,E1079,Neeraj Chauhan,Marketing,Varanasi,General,Present,7.57,2026-02
2026-02-04,E1079,Neeraj Chauhan,Marketing,Varanasi,General,Present,8.36,2026-02
2026-02-05,E1079,Neeraj Chauhan,Marketing,Varanasi,General,Present,8.56,2026-02
2026-02-06,E1079,Neeraj Chauhan,Marketing,Varanasi,General,Late,7.59,2026-02
2026-02-09,E1079,Neeraj Chauhan,Marketing,Varanasi,General,Present,7.93,2026-02
2026-02-10,E1079,Neeraj Chauhan,Marketing,Varanasi,General,Present,8.81,2026-02
2026-02-11,E1079,Neeraj Chauhan,Marketing,Varanasi,General,Present,8.75,2026-02
2026-02-12,E1079,Neeraj Chauhan,Marketing,Varanasi,General,Present,7.48,2026-02
2026-02-13,E1079,Neeraj Chauhan,Marketing,Varanasi,General,Present,7.95,2026-02
2026-02-16,E1079,Neeraj Chauhan,Marketing,Varanasi,General,Present,8.61,2026-02
2026-02-17,E1079,Neeraj Chauhan,Marketing,Varanasi,General,Present,7.77,2026-02
2026-02-18,E1079,Neeraj Chauhan,Marketing,Varanasi,General,Present,8.53,2026-02
2026-02-19,E1079,Neeraj Chauhan,Marketing,Varanasi,General,Present,7.56,2026-02
2026-02-20,E1079,Neeraj Chauhan,Marketing,Varanasi,General,Present,8.2,2026-02
2026-02-23,E1079,Neeraj Chauhan,Marketing,Varanasi,General,Present,8.41,2026-02
2026-02-24,E1079,Neeraj Chauhan,Marketing,Varanasi,General,Present,7.78,2026-02
2026-02-25,E1079,Neeraj Chauhan,Marketing,Varanasi,General,Present,7.15,2026-02
2026-02-26,E1079,Neeraj Chauhan,Marketing,Varanasi,General,Present,7.91,2026-02
2026-02-27,E1079,Neeraj Chauhan,Marketing,Varanasi,General,Present,8.13,2026-02
2026-03-02,E1079,Neeraj Chauhan,Marketing,Varanasi,General,Present,7.98,2026-03
2026-03-03,E1079,Neeraj Chauhan,Marketing,Varanasi,General,Present,7.87,2026-03
2026-03-04,E1079,Neeraj Chauhan,Marketing,Varanasi,General,Late,7.95,2026-03
2026-03-05,E1079,Neeraj Chauhan,Marketing,Varanasi,General,Present,8.67,2026-03
2026-03-06,E1079,Neeraj Chauhan,Marketing,Varanasi,General,Present,8.63,2026-03
2026-03-09,E1079,Neeraj Chauhan,Marketing,Varanasi,General,Present,8.32,2026-03
2026-03-10,E1079,Neeraj Chauhan,Marketing,Varanasi,General,Present,8.39,2026-03
2026-03-11,E1079,Neeraj Chauhan,Marketing,Varanasi,General,Present,7.71,2026-03
2026-03-12,E1079,Neeraj Chauhan,Marketing,Varanasi,General,Present,8.09,2026-03
2026-03-13,E1079,Neeraj Chauhan,Marketing,Varanasi,General,Present,8.16,2026-03
2026-03-16,E1079,Neeraj Chauhan,Marketing,Varanasi,General,Late,7.67,2026-03
2026-03-17,E1079,Neeraj Chauhan,Marketing,Varanasi,General,Present,8.24,2026-03
2026-03-18,E1079,Neeraj Chauhan,Marketing,Varanasi,General,Present,8.13,2026-03
2026-03-19,E1079,Neeraj Chauhan,Marketing,Varanasi,General,Present,8.32,2026-03
2026-03-20,E1079,Neeraj Chauhan,Marketing,Varanasi,General,Present,8.22,2026-03
2026-03-23,E1079,Neeraj Chauhan,Marketing,Varanasi,General,Present,8.22,2026-03
2026-03-24,E1079,Neeraj Chauhan,Marketing,Varanasi,General,Present,7.81,2026-03
2026-03-25,E1079,Neeraj Chauhan,Marketing,Varanasi,General,Present,7.61,2026-03
2026-03-26,E1079,Neeraj Chauhan,Marketing,Varanasi,General,Present,8.25,2026-03
2026-03-27,E1079,Neeraj Chauhan,Marketing,Varanasi,General,Present,7.93,2026-03
2026-03-30,E1079,Neeraj Chauhan,Marketing,Varanasi,General,Present,7.83,2026-03
2026-03-31,E1079,Neeraj Chauhan,Marketing,Varanasi,General,Present,8.42,2026-03
2026-01-01,E1080,Riya Jain,Marketing,Varanasi,Evening,Present,8.78,2026-01
2026-01-02,E1080,Riya Jain,Marketing,Varanasi,Evening,Present,7.4,2026-01
2026-01-05,E1080,Riya Jain,Marketing,Varanasi,Evening,Late,7.52,2026-01
2026-01-06,E1080,Riya Jain,Marketing,Varanasi,Evening,Present,8.13,2026-01
2026-01-07,E1080,Riya Jain,Marketing,Varanasi,Evening,Present,7.64,2026-01
2026-01-08,E1080,Riya Jain,Marketing,Varanasi,Evening,Present,7.95,2026-01
2026-01-09,E1080,Riya Jain,Marketing,Varanasi,Evening,Present,7.91,2026-01
2026-01-12,E1080,Riya Jain,Marketing,Varanasi,Evening,Present,7.4,2026-01
2026-01-13,E1080,Riya Jain,Marketing,Varanasi,Evening,Present,7.78,2026-01
2026-01-14,E1080,Riya Jain,Marketing,Varanasi,Evening,Present,8.06,2026-01
2026-01-15,E1080,Riya Jain,Marketing,Varanasi,Evening,Present,8.03,2026-01
2026-01-16,E1080,Riya Jain,Marketing,Varanasi,Evening,Present,8.46,2026-01
2026-01-19,E1080,Riya Jain,Marketing,Varanasi,Evening,Present,8.73,2026-01
2026-01-20,E1080,Riya Jain,Marketing,Varanasi,Evening,Present,7.97,2026-01
2026-01-21,E1080,Riya Jain,Marketing,Varanasi,Evening,Present,7.58,2026-01
2026-01-22,E1080,Riya Jain,Marketing,Varanasi,Evening,Present,8.31,2026-01
2026-01-23,E1080,Riya Jain,Marketing,Varanasi,Evening,Present,8.05,2026-01
2026-01-26,E1080,Riya Jain,Marketing,Varanasi,Evening,Present,8.57,2026-01
2026-01-27,E1080,Riya Jain,Marketing,Varanasi,Evening,Present,8.07,2026-01
2026-01-28,E1080,Riya Jain,Marketing,Varanasi,Evening,Present,8.14,2026-01
2026-01-29,E1080,Riya Jain,Marketing,Varanasi,Evening,Present,8.03,2026-01
2026-01-30,E1080,Riya Jain,Marketing,Varanasi,Evening,Present,8.79,2026-01
2026-02-02,E1080,Riya Jain,Marketing,Varanasi,Evening,Present,8.18,2026-02
2026-02-03,E1080,Riya Jain,Marketing,Varanasi,Evening,Present,8.62,2026-02
2026-02-04,E1080,Riya Jain,Marketing,Varanasi,Evening,Present,7.97,2026-02
2026-02-05,E1080,Riya Jain,Marketing,Varanasi,Evening,Leave,0.0,2026-02
2026-02-06,E1080,Riya Jain,Marketing,Varanasi,Evening,Present,8.4,2026-02
2026-02-09,E1080,Riya Jain,Marketing,Varanasi,Evening,Present,7.96,2026-02
2026-02-10,E1080,Riya Jain,Marketing,Varanasi,Evening,Present,8.34,2026-02
2026-02-11,E1080,Riya Jain,Marketing,Varanasi,Evening,Present,7.59,2026-02
2026-02-12,E1080,Riya Jain,Marketing,Varanasi,Evening,Present,9.02,2026-02
2026-02-13,E1080,Riya Jain,Marketing,Varanasi,Evening,Present,7.62,2026-02
2026-02-16,E1080,Riya Jain,Marketing,Varanasi,Evening,Late,7.81,2026-02
2026-02-17,E1080,Riya Jain,Marketing,Varanasi,Evening,Present,7.66,2026-02
2026-02-18,E1080,Riya Jain,Marketing,Varanasi,Evening,Present,8.17,2026-02
2026-02-19,E1080,Riya Jain,Marketing,Varanasi,Evening,Present,8.43,2026-02
2026-02-20,E1080,Riya Jain,Marketing,Varanasi,Evening,Present,7.41,2026-02
2026-02-23,E1080,Riya Jain,Marketing,Varanasi,Evening,Present,7.7,2026-02
2026-02-24,E1080,Riya Jain,Marketing,Varanasi,Evening,Leave,0.0,2026-02
2026-02-25,E1080,Riya Jain,Marketing,Varanasi,Evening,Present,7.73,2026-02
2026-02-26,E1080,Riya Jain,Marketing,Varanasi,Evening,Present,7.77,2026-02
2026-02-27,E1080,Riya Jain,Marketing,Varanasi,Evening,Present,7.22,2026-02
2026-03-02,E1080,Riya Jain,Marketing,Varanasi,Evening,Present,8.35,2026-03
2026-03-03,E1080,Riya Jain,Marketing,Varanasi,Evening,Present,7.25,2026-03
2026-03-04,E1080,Riya Jain,Marketing,Varanasi,Evening,Present,8.09,2026-03
2026-03-05,E1080,Riya Jain,Marketing,Varanasi,Evening,Present,7.98,2026-03
2026-03-06,E1080,Riya Jain,Marketing,Varanasi,Evening,Present,7.95,2026-03
2026-03-09,E1080,Riya Jain,Marketing,Varanasi,Evening,Present,7.46,2026-03
2026-03-10,E1080,Riya Jain,Marketing,Varanasi,Evening,Present,8.3,2026-03
2026-03-11,E1080,Riya Jain,Marketing,Varanasi,Evening,Present,7.76,2026-03
2026-03-12,E1080,Riya Jain,Marketing,Varanasi,Evening,Present,6.69,2026-03
2026-03-13,E1080,Riya Jain,Marketing,Varanasi,Evening,Leave,0.0,2026-03
2026-03-16,E1080,Riya Jain,Marketing,Varanasi,Evening,Leave,0.0,2026-03
2026-03-17,E1080,Riya Jain,Marketing,Varanasi,Evening,Present,8.46,2026-03
2026-03-18,E1080,Riya Jain,Marketing,Varanasi,Evening,Present,7.16,2026-03
2026-03-19,E1080,Riya Jain,Marketing,Varanasi,Evening,Leave,0.0,2026-03
2026-03-20,E1080,Riya Jain,Marketing,Varanasi,Evening,Present,7.81,2026-03
2026-03-23,E1080,Riya Jain,Marketing,Varanasi,Evening,Present,8.03,2026-03
2026-03-24,E1080,Riya Jain,Marketing,Varanasi,Evening,Present,8.26,2026-03
2026-03-25,E1080,Riya Jain,Marketing,Varanasi,Evening,Present,8.01,2026-03
2026-03-26,E1080,Riya Jain,Marketing,Varanasi,Evening,Present,8.18,2026-03
2026-03-27,E1080,Riya Jain,Marketing,Varanasi,Evening,Present,8.21,2026-03
2026-03-30,E1080,Riya Jain,Marketing,Varanasi,Evening,Present,7.56,2026-03
2026-03-31,E1080,Riya Jain,Marketing,Varanasi,Evening,Present,7.97,2026-03
2026-01-01,E1081,Karan Kumar,Marketing,Noida,General,Present,7.92,2026-01
2026-01-02,E1081,Karan Kumar,Marketing,Noida,General,Present,7.59,2026-01
2026-01-05,E1081,Karan Kumar,Marketing,Noida,General,Present,7.98,2026-01
2026-01-06,E1081,Karan Kumar,Marketing,Noida,General,Present,7.96,2026-01
2026-01-07,E1081,Karan Kumar,Marketing,Noida,General,Present,8.68,2026-01
2026-01-08,E1081,Karan Kumar,Marketing,Noida,General,Present,8.29,2026-01
2026-01-09,E1081,Karan Kumar,Marketing,Noida,General,Present,8.16,2026-01
2026-01-12,E1081,Karan Kumar,Marketing,Noida,General,Present,8.2,2026-01
2026-01-13,E1081,Karan Kumar,Marketing,Noida,General,Present,8.79,2026-01
2026-01-14,E1081,Karan Kumar,Marketing,Noida,General,Present,7.91,2026-01
2026-01-15,E1081,Karan Kumar,Marketing,Noida,General,Present,7.85,2026-01
2026-01-16,E1081,Karan Kumar,Marketing,Noida,General,Late,8.0,2026-01
2026-01-19,E1081,Karan Kumar,Marketing,Noida,General,Present,8.43,2026-01
2026-01-20,E1081,Karan Kumar,Marketing,Noida,General,Present,7.81,2026-01
2026-01-21,E1081,Karan Kumar,Marketing,Noida,General,Present,8.84,2026-01
2026-01-22,E1081,Karan Kumar,Marketing,Noida,General,Present,7.95,2026-01
2026-01-23,E1081,Karan Kumar,Marketing,Noida,General,Present,7.95,2026-01
2026-01-26,E1081,Karan Kumar,Marketing,Noida,General,Present,7.5,2026-01
2026-01-27,E1081,Karan Kumar,Marketing,Noida,General,Present,7.59,2026-01
2026-01-28,E1081,Karan Kumar,Marketing,Noida,General,Present,8.54,2026-01
2026-01-29,E1081,Karan Kumar,Marketing,Noida,General,Present,8.04,2026-01
2026-01-30,E1081,Karan Kumar,Marketing,Noida,General,Present,8.09,2026-01
2026-02-02,E1081,Karan Kumar,Marketing,Noida,General,Present,8.68,2026-02
2026-02-03,E1081,Karan Kumar,Marketing,Noida,General,Present,8.33,2026-02
2026-02-04,E1081,Karan Kumar,Marketing,Noida,General,Present,7.6,2026-02
2026-02-05,E1081,Karan Kumar,Marketing,Noida,General,Present,8.63,2026-02
2026-02-06,E1081,Karan Kumar,Marketing,Noida,General,Present,8.56,2026-02
2026-02-09,E1081,Karan Kumar,Marketing,Noida,General,Present,8.04,2026-02
2026-02-10,E1081,Karan Kumar,Marketing,Noida,General,Present,7.53,2026-02
2026-02-11,E1081,Karan Kumar,Marketing,Noida,General,Present,8.27,2026-02
2026-02-12,E1081,Karan Kumar,Marketing,Noida,General,Present,7.67,2026-02
2026-02-13,E1081,Karan Kumar,Marketing,Noida,General,Present,7.99,2026-02
2026-02-16,E1081,Karan Kumar,Marketing,Noida,General,Present,8.02,2026-02
2026-02-17,E1081,Karan Kumar,Marketing,Noida,General,Present,7.71,2026-02
2026-02-18,E1081,Karan Kumar,Marketing,Noida,General,Present,8.71,2026-02
2026-02-19,E1081,Karan Kumar,Marketing,Noida,General,Present,7.81,2026-02
2026-02-20,E1081,Karan Kumar,Marketing,Noida,General,Present,8.67,2026-02
2026-02-23,E1081,Karan Kumar,Marketing,Noida,General,Present,8.15,2026-02
2026-02-24,E1081,Karan Kumar,Marketing,Noida,General,Present,7.48,2026-02
2026-02-25,E1081,Karan Kumar,Marketing,Noida,General,Present,8.05,2026-02
2026-02-26,E1081,Karan Kumar,Marketing,Noida,General,Late,8.0,2026-02
2026-02-27,E1081,Karan Kumar,Marketing,Noida,General,Present,8.03,2026-02
2026-03-02,E1081,Karan Kumar,Marketing,Noida,General,Present,7.79,2026-03
2026-03-03,E1081,Karan Kumar,Marketing,Noida,General,Present,8.54,2026-03
2026-03-04,E1081,Karan Kumar,Marketing,Noida,General,Present,7.74,2026-03
2026-03-05,E1081,Karan Kumar,Marketing,Noida,General,Present,6.83,2026-03
2026-03-06,E1081,Karan Kumar,Marketing,Noida,General,Present,7.97,2026-03
2026-03-09,E1081,Karan Kumar,Marketing,Noida,General,Present,8.08,2026-03
2026-03-10,E1081,Karan Kumar,Marketing,Noida,General,Present,7.98,2026-03
2026-03-11,E1081,Karan Kumar,Marketing,Noida,General,Present,8.13,2026-03
2026-03-12,E1081,Karan Kumar,Marketing,Noida,General,Late,7.41,2026-03
2026-03-13,E1081,Karan Kumar,Marketing,Noida,General,Present,7.7,2026-03
2026-03-16,E1081,Karan Kumar,Marketing,Noida,General,Present,7.94,2026-03
2026-03-17,E1081,Karan Kumar,Marketing,Noida,General,Present,8.33,2026-03
2026-03-18,E1081,Karan Kumar,Marketing,Noida,General,Present,8.66,2026-03
2026-03-19,E1081,Karan Kumar,Marketing,Noida,General,Present,7.56,2026-03
2026-03-20,E1081,Karan Kumar,Marketing,Noida,General,Present,7.64,2026-03
2026-03-23,E1081,Karan Kumar,Marketing,Noida,General,Present,8.4,2026-03
2026-03-24,E1081,Karan Kumar,Marketing,Noida,General,Present,8.89,2026-03
2026-03-25,E1081,Karan Kumar,Marketing,Noida,General,Present,7.84,2026-03
2026-03-26,E1081,Karan Kumar,Marketing,Noida,General,Present,7.68,2026-03
2026-03-27,E1081,Karan Kumar,Marketing,Noida,General,Present,8.61,2026-03
2026-03-30,E1081,Karan Kumar,Marketing,Noida,General,Present,8.59,2026-03
2026-03-31,E1081,Karan Kumar,Marketing,Noida,General,Present,7.16,2026-03
2026-01-01,E1082,Muskan Verma,Marketing,Lucknow,General,Present,7.58,2026-01
2026-01-02,E1082,Muskan Verma,Marketing,Lucknow,General,Present,8.05,2026-01
2026-01-05,E1082,Muskan Verma,Marketing,Lucknow,General,Leave,0.0,2026-01
2026-01-06,E1082,Muskan Verma,Marketing,Lucknow,General,Present,8.82,2026-01
2026-01-07,E1082,Muskan Verma,Marketing,Lucknow,General,Present,8.2,2026-01
2026-01-08,E1082,Muskan Verma,Marketing,Lucknow,General,Present,8.75,2026-01
2026-01-09,E1082,Muskan Verma,Marketing,Lucknow,General,Present,7.42,2026-01
2026-01-12,E1082,Muskan Verma,Marketing,Lucknow,General,Absent,0.0,2026-01
2026-01-13,E1082,Muskan Verma,Marketing,Lucknow,General,Present,7.8,2026-01
2026-01-14,E1082,Muskan Verma,Marketing,Lucknow,General,Present,7.58,2026-01
2026-01-15,E1082,Muskan Verma,Marketing,Lucknow,General,Present,8.68,2026-01
2026-01-16,E1082,Muskan Verma,Marketing,Lucknow,General,Present,7.53,2026-01
2026-01-19,E1082,Muskan Verma,Marketing,Lucknow,General,Present,7.55,2026-01
2026-01-20,E1082,Muskan Verma,Marketing,Lucknow,General,Present,7.95,2026-01
2026-01-21,E1082,Muskan Verma,Marketing,Lucknow,General,Present,8.56,2026-01
2026-01-22,E1082,Muskan Verma,Marketing,Lucknow,General,Present,7.65,2026-01
2026-01-23,E1082,Muskan Verma,Marketing,Lucknow,General,Present,7.95,2026-01
2026-01-26,E1082,Muskan Verma,Marketing,Lucknow,General,Present,8.79,2026-01
2026-01-27,E1082,Muskan Verma,Marketing,Lucknow,General,Present,8.29,2026-01
2026-01-28,E1082,Muskan Verma,Marketing,Lucknow,General,Present,8.93,2026-01
2026-01-29,E1082,Muskan Verma,Marketing,Lucknow,General,Absent,0.0,2026-01
2026-01-30,E1082,Muskan Verma,Marketing,Lucknow,General,Present,8.34,2026-01
2026-02-02,E1082,Muskan Verma,Marketing,Lucknow,General,Late,7.36,2026-02
2026-02-03,E1082,Muskan Verma,Marketing,Lucknow,General,Present,7.67,2026-02
2026-02-04,E1082,Muskan Verma,Marketing,Lucknow,General,Late,8.0,2026-02
2026-02-05,E1082,Muskan Verma,Marketing,Lucknow,General,Present,8.18,2026-02
2026-02-06,E1082,Muskan Verma,Marketing,Lucknow,General,Present,8.18,2026-02
2026-02-09,E1082,Muskan Verma,Marketing,Lucknow,General,Present,8.0,2026-02
2026-02-10,E1082,Muskan Verma,Marketing,Lucknow,General,Present,8.25,2026-02
2026-02-11,E1082,Muskan Verma,Marketing,Lucknow,General,Leave,0.0,2026-02
2026-02-12,E1082,Muskan Verma,Marketing,Lucknow,General,Present,6.88,2026-02
2026-02-13,E1082,Muskan Verma,Marketing,Lucknow,General,Leave,0.0,2026-02
2026-02-16,E1082,Muskan Verma,Marketing,Lucknow,General,Present,8.47,2026-02
2026-02-17,E1082,Muskan Verma,Marketing,Lucknow,General,Present,8.37,2026-02
2026-02-18,E1082,Muskan Verma,Marketing,Lucknow,General,Present,8.59,2026-02
2026-02-19,E1082,Muskan Verma,Marketing,Lucknow,General,Present,8.19,2026-02
2026-02-20,E1082,Muskan Verma,Marketing,Lucknow,General,Present,7.98,2026-02
2026-02-23,E1082,Muskan Verma,Marketing,Lucknow,General,Present,8.6,2026-02
2026-02-24,E1082,Muskan Verma,Marketing,Lucknow,General,Present,8.7,2026-02
2026-02-25,E1082,Muskan Verma,Marketing,Lucknow,General,Present,7.97,2026-02
2026-02-26,E1082,Muskan Verma,Marketing,Lucknow,General,Present,7.67,2026-02
2026-02-27,E1082,Muskan Verma,Marketing,Lucknow,General,Present,8.1,2026-02
2026-03-02,E1082,Muskan Verma,Marketing,Lucknow,General,Present,7.72,2026-03
2026-03-03,E1082,Muskan Verma,Marketing,Lucknow,General,Present,8.05,2026-03
2026-03-04,E1082,Muskan Verma,Marketing,Lucknow,General,Present,8.29,2026-03
2026-03-05,E1082,Muskan Verma,Marketing,Lucknow,General,Late,7.01,2026-03
2026-03-06,E1082,Muskan Verma,Marketing,Lucknow,General,Present,8.08,2026-03
2026-03-09,E1082,Muskan Verma,Marketing,Lucknow,General,Present,8.12,2026-03
2026-03-10,E1082,Muskan Verma,Marketing,Lucknow,General,Late,7.94,2026-03
2026-03-11,E1082,Muskan Verma,Marketing,Lucknow,General,Present,8.72,2026-03
2026-03-12,E1082,Muskan Verma,Marketing,Lucknow,General,Present,7.96,2026-03
2026-03-13,E1082,Muskan Verma,Marketing,Lucknow,General,Late,8.0,2026-03
2026-03-16,E1082,Muskan Verma,Marketing,Lucknow,General,Present,8.42,2026-03
2026-03-17,E1082,Muskan Verma,Marketing,Lucknow,General,Present,7.93,2026-03
2026-03-18,E1082,Muskan Verma,Marketing,Lucknow,General,Present,7.96,2026-03
2026-03-19,E1082,Muskan Verma,Marketing,Lucknow,General,Present,7.91,2026-03
2026-03-20,E1082,Muskan Verma,Marketing,Lucknow,General,Present,7.88,2026-03
2026-03-23,E1082,Muskan Verma,Marketing,Lucknow,General,Present,8.64,2026-03
2026-03-24,E1082,Muskan Verma,Marketing,Lucknow,General,Present,8.46,2026-03
2026-03-25,E1082,Muskan Verma,Marketing,Lucknow,General,Present,8.0,2026-03
2026-03-26,E1082,Muskan Verma,Marketing,Lucknow,General,Present,7.8,2026-03
2026-03-27,E1082,Muskan Verma,Marketing,Lucknow,General,Present,8.58,2026-03
2026-03-30,E1082,Muskan Verma,Marketing,Lucknow,General,Late,7.58,2026-03
2026-03-31,E1082,Muskan Verma,Marketing,Lucknow,General,Present,7.6,2026-03
2026-01-01,E1083,Rohan Patel,Marketing,Kanpur,Evening,Present,8.82,2026-01
2026-01-02,E1083,Rohan Patel,Marketing,Kanpur,Evening,Present,8.38,2026-01
2026-01-05,E1083,Rohan Patel,Marketing,Kanpur,Evening,Present,8.26,2026-01
2026-01-06,E1083,Rohan Patel,Marketing,Kanpur,Evening,Present,8.79,2026-01
2026-01-07,E1083,Rohan Patel,Marketing,Kanpur,Evening,Present,8.74,2026-01
2026-01-08,E1083,Rohan Patel,Marketing,Kanpur,Evening,Present,8.85,2026-01
2026-01-09,E1083,Rohan Patel,Marketing,Kanpur,Evening,Present,7.89,2026-01
2026-01-12,E1083,Rohan Patel,Marketing,Kanpur,Evening,Present,7.6,2026-01
2026-01-13,E1083,Rohan Patel,Marketing,Kanpur,Evening,Present,7.33,2026-01
2026-01-14,E1083,Rohan Patel,Marketing,Kanpur,Evening,Present,8.57,2026-01
2026-01-15,E1083,Rohan Patel,Marketing,Kanpur,Evening,Present,7.27,2026-01
2026-01-16,E1083,Rohan Patel,Marketing,Kanpur,Evening,Present,8.21,2026-01
2026-01-19,E1083,Rohan Patel,Marketing,Kanpur,Evening,Leave,0.0,2026-01
2026-01-20,E1083,Rohan Patel,Marketing,Kanpur,Evening,Absent,0.0,2026-01
2026-01-21,E1083,Rohan Patel,Marketing,Kanpur,Evening,Present,8.5,2026-01
2026-01-22,E1083,Rohan Patel,Marketing,Kanpur,Evening,Present,8.65,2026-01
2026-01-23,E1083,Rohan Patel,Marketing,Kanpur,Evening,Present,8.34,2026-01
2026-01-26,E1083,Rohan Patel,Marketing,Kanpur,Evening,Present,8.64,2026-01
2026-01-27,E1083,Rohan Patel,Marketing,Kanpur,Evening,Present,8.22,2026-01
2026-01-28,E1083,Rohan Patel,Marketing,Kanpur,Evening,Present,7.69,2026-01
2026-01-29,E1083,Rohan Patel,Marketing,Kanpur,Evening,Present,7.91,2026-01
2026-01-30,E1083,Rohan Patel,Marketing,Kanpur,Evening,Late,7.97,2026-01
2026-02-02,E1083,Rohan Patel,Marketing,Kanpur,Evening,Present,7.41,2026-02
2026-02-03,E1083,Rohan Patel,Marketing,Kanpur,Evening,Present,7.88,2026-02
2026-02-04,E1083,Rohan Patel,Marketing,Kanpur,Evening,Present,7.82,2026-02
2026-02-05,E1083,Rohan Patel,Marketing,Kanpur,Evening,Present,8.08,2026-02
2026-02-06,E1083,Rohan Patel,Marketing,Kanpur,Evening,Present,8.39,2026-02
2026-02-09,E1083,Rohan Patel,Marketing,Kanpur,Evening,Present,8.63,2026-02
2026-02-10,E1083,Rohan Patel,Marketing,Kanpur,Evening,Present,7.51,2026-02
2026-02-11,E1083,Rohan Patel,Marketing,Kanpur,Evening,Present,7.72,2026-02
2026-02-12,E1083,Rohan Patel,Marketing,Kanpur,Evening,Present,7.55,2026-02
2026-02-13,E1083,Rohan Patel,Marketing,Kanpur,Evening,Late,7.49,2026-02
2026-02-16,E1083,Rohan Patel,Marketing,Kanpur,Evening,Present,7.6,2026-02
2026-02-17,E1083,Rohan Patel,Marketing,Kanpur,Evening,Present,8.27,2026-02
2026-02-18,E1083,Rohan Patel,Marketing,Kanpur,Evening,Leave,0.0,2026-02
2026-02-19,E1083,Rohan Patel,Marketing,Kanpur,Evening,Absent,0.0,2026-02
2026-02-20,E1083,Rohan Patel,Marketing,Kanpur,Evening,Present,7.65,2026-02
2026-02-23,E1083,Rohan Patel,Marketing,Kanpur,Evening,Present,7.74,2026-02
2026-02-24,E1083,Rohan Patel,Marketing,Kanpur,Evening,Present,8.85,2026-02
2026-02-25,E1083,Rohan Patel,Marketing,Kanpur,Evening,Present,8.2,2026-02
2026-02-26,E1083,Rohan Patel,Marketing,Kanpur,Evening,Present,7.89,2026-02
2026-02-27,E1083,Rohan Patel,Marketing,Kanpur,Evening,Present,9.35,2026-02
2026-03-02,E1083,Rohan Patel,Marketing,Kanpur,Evening,Present,7.99,2026-03
2026-03-03,E1083,Rohan Patel,Marketing,Kanpur,Evening,Present,8.37,2026-03
2026-03-04,E1083,Rohan Patel,Marketing,Kanpur,Evening,Present,7.76,2026-03
2026-03-05,E1083,Rohan Patel,Marketing,Kanpur,Evening,Present,7.68,2026-03
2026-03-06,E1083,Rohan Patel,Marketing,Kanpur,Evening,Present,8.4,2026-03
2026-03-09,E1083,Rohan Patel,Marketing,Kanpur,Evening,Present,8.9,2026-03
2026-03-10,E1083,Rohan Patel,Marketing,Kanpur,Evening,Present,7.9,2026-03
2026-03-11,E1083,Rohan Patel,Marketing,Kanpur,Evening,Present,7.65,2026-03
2026-03-12,E1083,Rohan Patel,Marketing,Kanpur,Evening,Present,8.56,2026-03
2026-03-13,E1083,Rohan Patel,Marketing,Kanpur,Evening,Present,7.91,2026-03
2026-03-16,E1083,Rohan Patel,Marketing,Kanpur,Evening,Present,8.28,2026-03
2026-03-17,E1083,Rohan Patel,Marketing,Kanpur,Evening,Present,7.89,2026-03
2026-03-18,E1083,Rohan Patel,Marketing,Kanpur,Evening,Present,7.96,2026-03
2026-03-19,E1083,Rohan Patel,Marketing,Kanpur,Evening,Present,7.72,2026-03
2026-03-20,E1083,Rohan Patel,Marketing,Kanpur,Evening,Present,8.42,2026-03
2026-03-23,E1083,Rohan Patel,Marketing,Kanpur,Evening,Present,8.29,2026-03
2026-03-24,E1083,Rohan Patel,Marketing,Kanpur,Evening,Late,7.7,2026-03
2026-03-25,E1083,Rohan Patel,Marketing,Kanpur,Evening,Present,7.8,2026-03
2026-03-26,E1083,Rohan Patel,Marketing,Kanpur,Evening,Present,8.25,2026-03
2026-03-27,E1083,Rohan Patel,Marketing,Kanpur,Evening,Present,8.98,2026-03
2026-03-30,E1083,Rohan Patel,Marketing,Kanpur,Evening,Present,7.65,2026-03
2026-03-31,E1083,Rohan Patel,Marketing,Kanpur,Evening,Present,7.76,2026-03
2026-01-01,E1084,Aditi Das,Marketing,Kanpur,Evening,Absent,0.0,2026-01
2026-01-02,E1084,Aditi Das,Marketing,Kanpur,Evening,Present,8.16,2026-01
2026-01-05,E1084,Aditi Das,Marketing,Kanpur,Evening,Present,7.62,2026-01
2026-01-06,E1084,Aditi Das,Marketing,Kanpur,Evening,Present,8.34,2026-01
2026-01-07,E1084,Aditi Das,Marketing,Kanpur,Evening,Present,7.3,2026-01
2026-01-08,E1084,Aditi Das,Marketing,Kanpur,Evening,Present,8.47,2026-01
2026-01-09,E1084,Aditi Das,Marketing,Kanpur,Evening,Late,7.69,2026-01
2026-01-12,E1084,Aditi Das,Marketing,Kanpur,Evening,Present,8.97,2026-01
2026-01-13,E1084,Aditi Das,Marketing,Kanpur,Evening,Present,7.67,2026-01
2026-01-14,E1084,Aditi Das,Marketing,Kanpur,Evening,Present,8.59,2026-01
2026-01-15,E1084,Aditi Das,Marketing,Kanpur,Evening,Present,8.06,2026-01
2026-01-16,E1084,Aditi Das,Marketing,Kanpur,Evening,Present,7.97,2026-01
2026-01-19,E1084,Aditi Das,Marketing,Kanpur,Evening,Present,7.65,2026-01
2026-01-20,E1084,Aditi Das,Marketing,Kanpur,Evening,Present,7.9,2026-01
2026-01-21,E1084,Aditi Das,Marketing,Kanpur,Evening,Present,7.92,2026-01
2026-01-22,E1084,Aditi Das,Marketing,Kanpur,Evening,Present,7.45,2026-01
2026-01-23,E1084,Aditi Das,Marketing,Kanpur,Evening,Present,8.26,2026-01
2026-01-26,E1084,Aditi Das,Marketing,Kanpur,Evening,Present,8.2,2026-01
2026-01-27,E1084,Aditi Das,Marketing,Kanpur,Evening,Present,8.37,2026-01
2026-01-28,E1084,Aditi Das,Marketing,Kanpur,Evening,Present,7.84,2026-01
2026-01-29,E1084,Aditi Das,Marketing,Kanpur,Evening,Present,8.49,2026-01
2026-01-30,E1084,Aditi Das,Marketing,Kanpur,Evening,Leave,0.0,2026-01
2026-02-02,E1084,Aditi Das,Marketing,Kanpur,Evening,Present,8.07,2026-02
2026-02-03,E1084,Aditi Das,Marketing,Kanpur,Evening,Present,7.84,2026-02
2026-02-04,E1084,Aditi Das,Marketing,Kanpur,Evening,Present,8.13,2026-02
2026-02-05,E1084,Aditi Das,Marketing,Kanpur,Evening,Present,8.47,2026-02
2026-02-06,E1084,Aditi Das,Marketing,Kanpur,Evening,Present,8.01,2026-02
2026-02-09,E1084,Aditi Das,Marketing,Kanpur,Evening,Present,8.16,2026-02
2026-02-10,E1084,Aditi Das,Marketing,Kanpur,Evening,Present,8.52,2026-02
2026-02-11,E1084,Aditi Das,Marketing,Kanpur,Evening,Present,8.2,2026-02
2026-02-12,E1084,Aditi Das,Marketing,Kanpur,Evening,Absent,0.0,2026-02
2026-02-13,E1084,Aditi Das,Marketing,Kanpur,Evening,Present,8.37,2026-02
2026-02-16,E1084,Aditi Das,Marketing,Kanpur,Evening,Late,7.33,2026-02
2026-02-17,E1084,Aditi Das,Marketing,Kanpur,Evening,Present,7.65,2026-02
2026-02-18,E1084,Aditi Das,Marketing,Kanpur,Evening,Present,8.18,2026-02
2026-02-19,E1084,Aditi Das,Marketing,Kanpur,Evening,Present,8.4,2026-02
2026-02-20,E1084,Aditi Das,Marketing,Kanpur,Evening,Late,7.87,2026-02
2026-02-23,E1084,Aditi Das,Marketing,Kanpur,Evening,Present,7.92,2026-02
2026-02-24,E1084,Aditi Das,Marketing,Kanpur,Evening,Present,8.24,2026-02
2026-02-25,E1084,Aditi Das,Marketing,Kanpur,Evening,Present,8.74,2026-02
2026-02-26,E1084,Aditi Das,Marketing,Kanpur,Evening,Absent,0.0,2026-02
2026-02-27,E1084,Aditi Das,Marketing,Kanpur,Evening,Present,8.74,2026-02
2026-03-02,E1084,Aditi Das,Marketing,Kanpur,Evening,Present,8.6,2026-03
2026-03-03,E1084,Aditi Das,Marketing,Kanpur,Evening,Leave,0.0,2026-03
2026-03-04,E1084,Aditi Das,Marketing,Kanpur,Evening,Present,8.29,2026-03
2026-03-05,E1084,Aditi Das,Marketing,Kanpur,Evening,Present,8.54,2026-03
2026-03-06,E1084,Aditi Das,Marketing,Kanpur,Evening,Present,8.27,2026-03
2026-03-09,E1084,Aditi Das,Marketing,Kanpur,Evening,Present,7.83,2026-03
2026-03-10,E1084,Aditi Das,Marketing,Kanpur,Evening,Present,8.25,2026-03
2026-03-11,E1084,Aditi Das,Marketing,Kanpur,Evening,Present,7.17,2026-03
2026-03-12,E1084,Aditi Das,Marketing,Kanpur,Evening,Present,8.65,2026-03
2026-03-13,E1084,Aditi Das,Marketing,Kanpur,Evening,Present,8.1,2026-03
2026-03-16,E1084,Aditi Das,Marketing,Kanpur,Evening,Present,7.62,2026-03
2026-03-17,E1084,Aditi Das,Marketing,Kanpur,Evening,Present,7.77,2026-03
2026-03-18,E1084,Aditi Das,Marketing,Kanpur,Evening,Present,8.26,2026-03
2026-03-19,E1084,Aditi Das,Marketing,Kanpur,Evening,Absent,0.0,2026-03
2026-03-20,E1084,Aditi Das,Marketing,Kanpur,Evening,Present,8.86,2026-03
2026-03-23,E1084,Aditi Das,Marketing,Kanpur,Evening,Present,7.79,2026-03
2026-03-24,E1084,Aditi Das,Marketing,Kanpur,Evening,Present,6.91,2026-03
2026-03-25,E1084,Aditi Das,Marketing,Kanpur,Evening,Present,7.73,2026-03
2026-03-26,E1084,Aditi Das,Marketing,Kanpur,Evening,Leave,0.0,2026-03
2026-03-27,E1084,Aditi Das,Marketing,Kanpur,Evening,Present,8.39,2026-03
2026-03-30,E1084,Aditi Das,Marketing,Kanpur,Evening,Present,7.89,2026-03
2026-03-31,E1084,Aditi Das,Marketing,Kanpur,Evening,Present,8.42,2026-03
2026-01-01,E1085,Shreya Kumar,Operations,Noida,Morning,Present,8.09,2026-01
2026-01-02,E1085,Shreya Kumar,Operations,Noida,Morning,Present,7.92,2026-01
2026-01-05,E1085,Shreya Kumar,Operations,Noida,Morning,Present,7.75,2026-01
2026-01-06,E1085,Shreya Kumar,Operations,Noida,Morning,Present,8.15,2026-01
2026-01-07,E1085,Shreya Kumar,Operations,Noida,Morning,Present,8.34,2026-01
2026-01-08,E1085,Shreya Kumar,Operations,Noida,Morning,Present,7.84,2026-01
2026-01-09,E1085,Shreya Kumar,Operations,Noida,Morning,Present,7.7,2026-01
2026-01-12,E1085,Shreya Kumar,Operations,Noida,Morning,Present,8.08,2026-01
2026-01-13,E1085,Shreya Kumar,Operations,Noida,Morning,Present,7.87,2026-01
2026-01-14,E1085,Shreya Kumar,Operations,Noida,Morning,Present,8.55,2026-01
2026-01-15,E1085,Shreya Kumar,Operations,Noida,Morning,Present,8.5,2026-01
2026-01-16,E1085,Shreya Kumar,Operations,Noida,Morning,Present,8.33,2026-01
2026-01-19,E1085,Shreya Kumar,Operations,Noida,Morning,Present,8.11,2026-01
2026-01-20,E1085,Shreya Kumar,Operations,Noida,Morning,Late,7.81,2026-01
2026-01-21,E1085,Shreya Kumar,Operations,Noida,Morning,Absent,0.0,2026-01
2026-01-22,E1085,Shreya Kumar,Operations,Noida,Morning,Present,7.66,2026-01
2026-01-23,E1085,Shreya Kumar,Operations,Noida,Morning,Present,7.82,2026-01
2026-01-26,E1085,Shreya Kumar,Operations,Noida,Morning,Present,8.49,2026-01
2026-01-27,E1085,Shreya Kumar,Operations,Noida,Morning,Present,7.73,2026-01
2026-01-28,E1085,Shreya Kumar,Operations,Noida,Morning,Present,8.79,2026-01
2026-01-29,E1085,Shreya Kumar,Operations,Noida,Morning,Present,7.46,2026-01
2026-01-30,E1085,Shreya Kumar,Operations,Noida,Morning,Present,8.47,2026-01
2026-02-02,E1085,Shreya Kumar,Operations,Noida,Morning,Present,8.05,2026-02
2026-02-03,E1085,Shreya Kumar,Operations,Noida,Morning,Present,7.66,2026-02
2026-02-04,E1085,Shreya Kumar,Operations,Noida,Morning,Present,8.14,2026-02
2026-02-05,E1085,Shreya Kumar,Operations,Noida,Morning,Present,7.74,2026-02
2026-02-06,E1085,Shreya Kumar,Operations,Noida,Morning,Present,7.85,2026-02
2026-02-09,E1085,Shreya Kumar,Operations,Noida,Morning,Leave,0.0,2026-02
2026-02-10,E1085,Shreya Kumar,Operations,Noida,Morning,Present,8.27,2026-02
2026-02-11,E1085,Shreya Kumar,Operations,Noida,Morning,Present,8.03,2026-02
2026-02-12,E1085,Shreya Kumar,Operations,Noida,Morning,Present,8.04,2026-02
2026-02-13,E1085,Shreya Kumar,Operations,Noida,Morning,Present,8.01,2026-02
2026-02-16,E1085,Shreya Kumar,Operations,Noida,Morning,Present,8.04,2026-02
2026-02-17,E1085,Shreya Kumar,Operations,Noida,Morning,Present,8.43,2026-02
2026-02-18,E1085,Shreya Kumar,Operations,Noida,Morning,Present,8.44,2026-02
2026-02-19,E1085,Shreya Kumar,Operations,Noida,Morning,Present,7.95,2026-02
2026-02-20,E1085,Shreya Kumar,Operations,Noida,Morning,Present,7.81,2026-02
2026-02-23,E1085,Shreya Kumar,Operations,Noida,Morning,Present,8.19,2026-02
2026-02-24,E1085,Shreya Kumar,Operations,Noida,Morning,Present,8.03,2026-02
2026-02-25,E1085,Shreya Kumar,Operations,Noida,Morning,Present,7.79,2026-02
2026-02-26,E1085,Shreya Kumar,Operations,Noida,Morning,Present,8.08,2026-02
2026-02-27,E1085,Shreya Kumar,Operations,Noida,Morning,Present,8.29,2026-02
2026-03-02,E1085,Shreya Kumar,Operations,Noida,Morning,Present,7.35,2026-03
2026-03-03,E1085,Shreya Kumar,Operations,Noida,Morning,Present,9.04,2026-03
2026-03-04,E1085,Shreya Kumar,Operations,Noida,Morning,Present,8.64,2026-03
2026-03-05,E1085,Shreya Kumar,Operations,Noida,Morning,Present,7.76,2026-03
2026-03-06,E1085,Shreya Kumar,Operations,Noida,Morning,Present,7.39,2026-03
2026-03-09,E1085,Shreya Kumar,Operations,Noida,Morning,Present,8.22,2026-03
2026-03-10,E1085,Shreya Kumar,Operations,Noida,Morning,Present,8.33,2026-03
2026-03-11,E1085,Shreya Kumar,Operations,Noida,Morning,Present,7.54,2026-03
2026-03-12,E1085,Shreya Kumar,Operations,Noida,Morning,Present,8.87,2026-03
2026-03-13,E1085,Shreya Kumar,Operations,Noida,Morning,Present,7.94,2026-03
2026-03-16,E1085,Shreya Kumar,Operations,Noida,Morning,Present,7.88,2026-03
2026-03-17,E1085,Shreya Kumar,Operations,Noida,Morning,Present,7.76,2026-03
2026-03-18,E1085,Shreya Kumar,Operations,Noida,Morning,Present,8.46,2026-03
2026-03-19,E1085,Shreya Kumar,Operations,Noida,Morning,Present,8.47,2026-03
2026-03-20,E1085,Shreya Kumar,Operations,Noida,Morning,Present,7.64,2026-03
2026-03-23,E1085,Shreya Kumar,Operations,Noida,Morning,Present,8.02,2026-03
2026-03-24,E1085,Shreya Kumar,Operations,Noida,Morning,Leave,0.0,2026-03
2026-03-25,E1085,Shreya Kumar,Operations,Noida,Morning,Present,8.93,2026-03
2026-03-26,E1085,Shreya Kumar,Operations,Noida,Morning,Leave,0.0,2026-03
2026-03-27,E1085,Shreya Kumar,Operations,Noida,Morning,Present,8.55,2026-03
2026-03-30,E1085,Shreya Kumar,Operations,Noida,Morning,Present,7.92,2026-03
2026-03-31,E1085,Shreya Kumar,Operations,Noida,Morning,Present,7.21,2026-03
2026-01-01,E1086,Ankit Verma,Operations,Varanasi,Morning,Present,7.99,2026-01
2026-01-02,E1086,Ankit Verma,Operations,Varanasi,Morning,Present,8.93,2026-01
2026-01-05,E1086,Ankit Verma,Operations,Varanasi,Morning,Present,8.64,2026-01
2026-01-06,E1086,Ankit Verma,Operations,Varanasi,Morning,Present,8.01,2026-01
2026-01-07,E1086,Ankit Verma,Operations,Varanasi,Morning,Present,7.92,2026-01
2026-01-08,E1086,Ankit Verma,Operations,Varanasi,Morning,Present,8.53,2026-01
2026-01-09,E1086,Ankit Verma,Operations,Varanasi,Morning,Present,9.08,2026-01
2026-01-12,E1086,Ankit Verma,Operations,Varanasi,Morning,Present,7.56,2026-01
2026-01-13,E1086,Ankit Verma,Operations,Varanasi,Morning,Present,8.3,2026-01
2026-01-14,E1086,Ankit Verma,Operations,Varanasi,Morning,Present,8.46,2026-01
2026-01-15,E1086,Ankit Verma,Operations,Varanasi,Morning,Present,8.65,2026-01
2026-01-16,E1086,Ankit Verma,Operations,Varanasi,Morning,Present,8.47,2026-01
2026-01-19,E1086,Ankit Verma,Operations,Varanasi,Morning,Present,7.89,2026-01
2026-01-20,E1086,Ankit Verma,Operations,Varanasi,Morning,Present,7.52,2026-01
2026-01-21,E1086,Ankit Verma,Operations,Varanasi,Morning,Present,7.96,2026-01
2026-01-22,E1086,Ankit Verma,Operations,Varanasi,Morning,Present,8.45,2026-01
2026-01-23,E1086,Ankit Verma,Operations,Varanasi,Morning,Leave,0.0,2026-01
2026-01-26,E1086,Ankit Verma,Operations,Varanasi,Morning,Present,7.84,2026-01
2026-01-27,E1086,Ankit Verma,Operations,Varanasi,Morning,Present,8.36,2026-01
2026-01-28,E1086,Ankit Verma,Operations,Varanasi,Morning,Present,8.38,2026-01
2026-01-29,E1086,Ankit Verma,Operations,Varanasi,Morning,Present,9.11,2026-01
2026-01-30,E1086,Ankit Verma,Operations,Varanasi,Morning,Late,6.95,2026-01
2026-02-02,E1086,Ankit Verma,Operations,Varanasi,Morning,Present,8.02,2026-02
2026-02-03,E1086,Ankit Verma,Operations,Varanasi,Morning,Leave,0.0,2026-02
2026-02-04,E1086,Ankit Verma,Operations,Varanasi,Morning,Present,8.25,2026-02
2026-02-05,E1086,Ankit Verma,Operations,Varanasi,Morning,Present,7.44,2026-02
2026-02-06,E1086,Ankit Verma,Operations,Varanasi,Morning,Present,8.43,2026-02
2026-02-09,E1086,Ankit Verma,Operations,Varanasi,Morning,Present,7.96,2026-02
2026-02-10,E1086,Ankit Verma,Operations,Varanasi,Morning,Present,7.74,2026-02
2026-02-11,E1086,Ankit Verma,Operations,Varanasi,Morning,Present,8.31,2026-02
2026-02-12,E1086,Ankit Verma,Operations,Varanasi,Morning,Present,8.15,2026-02
2026-02-13,E1086,Ankit Verma,Operations,Varanasi,Morning,Present,9.07,2026-02
2026-02-16,E1086,Ankit Verma,Operations,Varanasi,Morning,Present,7.93,2026-02
2026-02-17,E1086,Ankit Verma,Operations,Varanasi,Morning,Present,7.93,2026-02
2026-02-18,E1086,Ankit Verma,Operations,Varanasi,Morning,Present,7.85,2026-02
2026-02-19,E1086,Ankit Verma,Operations,Varanasi,Morning,Present,8.28,2026-02
2026-02-20,E1086,Ankit Verma,Operations,Varanasi,Morning,Present,7.72,2026-02
2026-02-23,E1086,Ankit Verma,Operations,Varanasi,Morning,Present,7.61,2026-02
2026-02-24,E1086,Ankit Verma,Operations,Varanasi,Morning,Present,7.95,2026-02
2026-02-25,E1086,Ankit Verma,Operations,Varanasi,Morning,Present,7.41,2026-02
2026-02-26,E1086,Ankit Verma,Operations,Varanasi,Morning,Present,8.22,2026-02
2026-02-27,E1086,Ankit Verma,Operations,Varanasi,Morning,Present,8.28,2026-02
2026-03-02,E1086,Ankit Verma,Operations,Varanasi,Morning,Present,8.36,2026-03
2026-03-03,E1086,Ankit Verma,Operations,Varanasi,Morning,Present,8.49,2026-03
2026-03-04,E1086,Ankit Verma,Operations,Varanasi,Morning,Present,7.96,2026-03
2026-03-05,E1086,Ankit Verma,Operations,Varanasi,Morning,Late,8.0,2026-03
2026-03-06,E1086,Ankit Verma,Operations,Varanasi,Morning,Present,8.61,2026-03
2026-03-09,E1086,Ankit Verma,Operations,Varanasi,Morning,Present,7.66,2026-03
2026-03-10,E1086,Ankit Verma,Operations,Varanasi,Morning,Present,8.08,2026-03
2026-03-11,E1086,Ankit Verma,Operations,Varanasi,Morning,Present,7.11,2026-03
2026-03-12,E1086,Ankit Verma,Operations,Varanasi,Morning,Present,8.67,2026-03
2026-03-13,E1086,Ankit Verma,Operations,Varanasi,Morning,Present,8.49,2026-03
2026-03-16,E1086,Ankit Verma,Operations,Varanasi,Morning,Present,8.79,2026-03
2026-03-17,E1086,Ankit Verma,Operations,Varanasi,Morning,Present,7.46,2026-03
2026-03-18,E1086,Ankit Verma,Operations,Varanasi,Morning,Present,8.32,2026-03
2026-03-19,E1086,Ankit Verma,Operations,Varanasi,Morning,Present,7.88,2026-03
2026-03-20,E1086,Ankit Verma,Operations,Varanasi,Morning,Present,7.26,2026-03
2026-03-23,E1086,Ankit Verma,Operations,Varanasi,Morning,Present,8.56,2026-03
2026-03-24,E1086,Ankit Verma,Operations,Varanasi,Morning,Present,7.57,2026-03
2026-03-25,E1086,Ankit Verma,Operations,Varanasi,Morning,Present,8.26,2026-03
2026-03-26,E1086,Ankit Verma,Operations,Varanasi,Morning,Present,7.87,2026-03
2026-03-27,E1086,Ankit Verma,Operations,Varanasi,Morning,Present,8.18,2026-03
2026-03-30,E1086,Ankit Verma,Operations,Varanasi,Morning,Present,8.5,2026-03
2026-03-31,E1086,Ankit Verma,Operations,Varanasi,Morning,Present,8.18,2026-03
2026-01-01,E1087,Ankit Maurya,Operations,Kanpur,Evening,Late,7.27,2026-01
2026-01-02,E1087,Ankit Maurya,Operations,Kanpur,Evening,Present,6.79,2026-01
2026-01-05,E1087,Ankit Maurya,Operations,Kanpur,Evening,Present,7.85,2026-01
2026-01-06,E1087,Ankit Maurya,Operations,Kanpur,Evening,Present,8.0,2026-01
2026-01-07,E1087,Ankit Maurya,Operations,Kanpur,Evening,Present,8.77,2026-01
2026-01-08,E1087,Ankit Maurya,Operations,Kanpur,Evening,Present,8.07,2026-01
2026-01-09,E1087,Ankit Maurya,Operations,Kanpur,Evening,Present,8.14,2026-01
2026-01-12,E1087,Ankit Maurya,Operations,Kanpur,Evening,Present,7.73,2026-01
2026-01-13,E1087,Ankit Maurya,Operations,Kanpur,Evening,Present,8.04,2026-01
2026-01-14,E1087,Ankit Maurya,Operations,Kanpur,Evening,Present,7.44,2026-01
2026-01-15,E1087,Ankit Maurya,Operations,Kanpur,Evening,Present,7.97,2026-01
2026-01-16,E1087,Ankit Maurya,Operations,Kanpur,Evening,Late,7.85,2026-01
2026-01-19,E1087,Ankit Maurya,Operations,Kanpur,Evening,Present,8.03,2026-01
2026-01-20,E1087,Ankit Maurya,Operations,Kanpur,Evening,Present,8.0,2026-01
2026-01-21,E1087,Ankit Maurya,Operations,Kanpur,Evening,Present,8.41,2026-01
2026-01-22,E1087,Ankit Maurya,Operations,Kanpur,Evening,Present,8.41,2026-01
2026-01-23,E1087,Ankit Maurya,Operations,Kanpur,Evening,Present,7.35,2026-01
2026-01-26,E1087,Ankit Maurya,Operations,Kanpur,Evening,Present,8.49,2026-01
2026-01-27,E1087,Ankit Maurya,Operations,Kanpur,Evening,Present,8.75,2026-01
2026-01-28,E1087,Ankit Maurya,Operations,Kanpur,Evening,Present,7.88,2026-01
2026-01-29,E1087,Ankit Maurya,Operations,Kanpur,Evening,Present,7.92,2026-01
2026-01-30,E1087,Ankit Maurya,Operations,Kanpur,Evening,Present,8.05,2026-01
2026-02-02,E1087,Ankit Maurya,Operations,Kanpur,Evening,Present,7.65,2026-02
2026-02-03,E1087,Ankit Maurya,Operations,Kanpur,Evening,Present,8.65,2026-02
2026-02-04,E1087,Ankit Maurya,Operations,Kanpur,Evening,Present,8.84,2026-02
2026-02-05,E1087,Ankit Maurya,Operations,Kanpur,Evening,Present,8.54,2026-02
2026-02-06,E1087,Ankit Maurya,Operations,Kanpur,Evening,Present,7.35,2026-02
2026-02-09,E1087,Ankit Maurya,Operations,Kanpur,Evening,Present,7.8,2026-02
2026-02-10,E1087,Ankit Maurya,Operations,Kanpur,Evening,Present,7.89,2026-02
2026-02-11,E1087,Ankit Maurya,Operations,Kanpur,Evening,Present,8.0,2026-02
2026-02-12,E1087,Ankit Maurya,Operations,Kanpur,Evening,Present,8.17,2026-02
2026-02-13,E1087,Ankit Maurya,Operations,Kanpur,Evening,Present,8.09,2026-02
2026-02-16,E1087,Ankit Maurya,Operations,Kanpur,Evening,Present,8.09,2026-02
2026-02-17,E1087,Ankit Maurya,Operations,Kanpur,Evening,Present,8.55,2026-02
2026-02-18,E1087,Ankit Maurya,Operations,Kanpur,Evening,Present,8.35,2026-02
2026-02-19,E1087,Ankit Maurya,Operations,Kanpur,Evening,Present,8.03,2026-02
2026-02-20,E1087,Ankit Maurya,Operations,Kanpur,Evening,Present,8.44,2026-02
2026-02-23,E1087,Ankit Maurya,Operations,Kanpur,Evening,Present,8.2,2026-02
2026-02-24,E1087,Ankit Maurya,Operations,Kanpur,Evening,Present,8.45,2026-02
2026-02-25,E1087,Ankit Maurya,Operations,Kanpur,Evening,Present,8.77,2026-02
2026-02-26,E1087,Ankit Maurya,Operations,Kanpur,Evening,Present,8.61,2026-02
2026-02-27,E1087,Ankit Maurya,Operations,Kanpur,Evening,Present,7.59,2026-02
2026-03-02,E1087,Ankit Maurya,Operations,Kanpur,Evening,Present,8.07,2026-03
2026-03-03,E1087,Ankit Maurya,Operations,Kanpur,Evening,Present,8.3,2026-03
2026-03-04,E1087,Ankit Maurya,Operations,Kanpur,Evening,Present,7.51,2026-03
2026-03-05,E1087,Ankit Maurya,Operations,Kanpur,Evening,Present,8.27,2026-03
2026-03-06,E1087,Ankit Maurya,Operations,Kanpur,Evening,Present,8.3,2026-03
2026-03-09,E1087,Ankit Maurya,Operations,Kanpur,Evening,Late,6.89,2026-03
2026-03-10,E1087,Ankit Maurya,Operations,Kanpur,Evening,Present,8.05,2026-03
2026-03-11,E1087,Ankit Maurya,Operations,Kanpur,Evening,Present,8.26,2026-03
2026-03-12,E1087,Ankit Maurya,Operations,Kanpur,Evening,Present,8.76,2026-03
2026-03-13,E1087,Ankit Maurya,Operations,Kanpur,Evening,Present,8.1,2026-03
2026-03-16,E1087,Ankit Maurya,Operations,Kanpur,Evening,Present,7.58,2026-03
2026-03-17,E1087,Ankit Maurya,Operations,Kanpur,Evening,Present,7.52,2026-03
2026-03-18,E1087,Ankit Maurya,Operations,Kanpur,Evening,Present,7.92,2026-03
2026-03-19,E1087,Ankit Maurya,Operations,Kanpur,Evening,Present,8.26,2026-03
2026-03-20,E1087,Ankit Maurya,Operations,Kanpur,Evening,Present,8.35,2026-03
2026-03-23,E1087,Ankit Maurya,Operations,Kanpur,Evening,Present,7.61,2026-03
2026-03-24,E1087,Ankit Maurya,Operations,Kanpur,Evening,Present,8.29,2026-03
2026-03-25,E1087,Ankit Maurya,Operations,Kanpur,Evening,Present,7.2,2026-03
2026-03-26,E1087,Ankit Maurya,Operations,Kanpur,Evening,Present,7.86,2026-03
2026-03-27,E1087,Ankit Maurya,Operations,Kanpur,Evening,Present,8.28,2026-03
2026-03-30,E1087,Ankit Maurya,Operations,Kanpur,Evening,Present,8.63,2026-03
2026-03-31,E1087,Ankit Maurya,Operations,Kanpur,Evening,Present,7.45,2026-03
2026-01-01,E1088,Neeraj Gupta,Operations,Prayagraj,Evening,Present,8.25,2026-01
2026-01-02,E1088,Neeraj Gupta,Operations,Prayagraj,Evening,Present,8.45,2026-01
2026-01-05,E1088,Neeraj Gupta,Operations,Prayagraj,Evening,Present,7.88,2026-01
2026-01-06,E1088,Neeraj Gupta,Operations,Prayagraj,Evening,Present,7.46,2026-01
2026-01-07,E1088,Neeraj Gupta,Operations,Prayagraj,Evening,Leave,0.0,2026-01
2026-01-08,E1088,Neeraj Gupta,Operations,Prayagraj,Evening,Present,7.71,2026-01
2026-01-09,E1088,Neeraj Gupta,Operations,Prayagraj,Evening,Present,8.2,2026-01
2026-01-12,E1088,Neeraj Gupta,Operations,Prayagraj,Evening,Leave,0.0,2026-01
2026-01-13,E1088,Neeraj Gupta,Operations,Prayagraj,Evening,Present,8.92,2026-01
2026-01-14,E1088,Neeraj Gupta,Operations,Prayagraj,Evening,Present,6.5,2026-01
2026-01-15,E1088,Neeraj Gupta,Operations,Prayagraj,Evening,Present,8.23,2026-01
2026-01-16,E1088,Neeraj Gupta,Operations,Prayagraj,Evening,Present,7.96,2026-01
2026-01-19,E1088,Neeraj Gupta,Operations,Prayagraj,Evening,Absent,0.0,2026-01
2026-01-20,E1088,Neeraj Gupta,Operations,Prayagraj,Evening,Present,8.81,2026-01
2026-01-21,E1088,Neeraj Gupta,Operations,Prayagraj,Evening,Present,8.18,2026-01
2026-01-22,E1088,Neeraj Gupta,Operations,Prayagraj,Evening,Late,7.73,2026-01
2026-01-23,E1088,Neeraj Gupta,Operations,Prayagraj,Evening,Present,8.64,2026-01
2026-01-26,E1088,Neeraj Gupta,Operations,Prayagraj,Evening,Present,7.34,2026-01
2026-01-27,E1088,Neeraj Gupta,Operations,Prayagraj,Evening,Present,8.44,2026-01
2026-01-28,E1088,Neeraj Gupta,Operations,Prayagraj,Evening,Present,7.72,2026-01
2026-01-29,E1088,Neeraj Gupta,Operations,Prayagraj,Evening,Present,7.98,2026-01
2026-01-30,E1088,Neeraj Gupta,Operations,Prayagraj,Evening,Absent,0.0,2026-01
2026-02-02,E1088,Neeraj Gupta,Operations,Prayagraj,Evening,Present,8.26,2026-02
2026-02-03,E1088,Neeraj Gupta,Operations,Prayagraj,Evening,Present,8.18,2026-02
2026-02-04,E1088,Neeraj Gupta,Operations,Prayagraj,Evening,Present,7.67,2026-02
2026-02-05,E1088,Neeraj Gupta,Operations,Prayagraj,Evening,Present,8.08,2026-02
2026-02-06,E1088,Neeraj Gupta,Operations,Prayagraj,Evening,Present,8.27,2026-02
2026-02-09,E1088,Neeraj Gupta,Operations,Prayagraj,Evening,Present,8.52,2026-02
2026-02-10,E1088,Neeraj Gupta,Operations,Prayagraj,Evening,Present,8.33,2026-02
2026-02-11,E1088,Neeraj Gupta,Operations,Prayagraj,Evening,Present,8.47,2026-02
2026-02-12,E1088,Neeraj Gupta,Operations,Prayagraj,Evening,Absent,0.0,2026-02
2026-02-13,E1088,Neeraj Gupta,Operations,Prayagraj,Evening,Present,7.51,2026-02
2026-02-16,E1088,Neeraj Gupta,Operations,Prayagraj,Evening,Late,6.71,2026-02
2026-02-17,E1088,Neeraj Gupta,Operations,Prayagraj,Evening,Absent,0.0,2026-02
2026-02-18,E1088,Neeraj Gupta,Operations,Prayagraj,Evening,Present,8.28,2026-02
2026-02-19,E1088,Neeraj Gupta,Operations,Prayagraj,Evening,Present,7.85,2026-02
2026-02-20,E1088,Neeraj Gupta,Operations,Prayagraj,Evening,Present,7.78,2026-02
2026-02-23,E1088,Neeraj Gupta,Operations,Prayagraj,Evening,Present,8.04,2026-02
2026-02-24,E1088,Neeraj Gupta,Operations,Prayagraj,Evening,Present,8.19,2026-02
2026-02-25,E1088,Neeraj Gupta,Operations,Prayagraj,Evening,Present,8.15,2026-02
2026-02-26,E1088,Neeraj Gupta,Operations,Prayagraj,Evening,Present,8.1,2026-02
2026-02-27,E1088,Neeraj Gupta,Operations,Prayagraj,Evening,Present,8.23,2026-02
2026-03-02,E1088,Neeraj Gupta,Operations,Prayagraj,Evening,Present,8.28,2026-03
2026-03-03,E1088,Neeraj Gupta,Operations,Prayagraj,Evening,Present,7.74,2026-03
2026-03-04,E1088,Neeraj Gupta,Operations,Prayagraj,Evening,Present,7.89,2026-03
2026-03-05,E1088,Neeraj Gupta,Operations,Prayagraj,Evening,Present,7.34,2026-03
2026-03-06,E1088,Neeraj Gupta,Operations,Prayagraj,Evening,Present,7.83,2026-03
2026-03-09,E1088,Neeraj Gupta,Operations,Prayagraj,Evening,Present,7.64,2026-03
2026-03-10,E1088,Neeraj Gupta,Operations,Prayagraj,Evening,Present,7.73,2026-03
2026-03-11,E1088,Neeraj Gupta,Operations,Prayagraj,Evening,Present,9.07,2026-03
2026-03-12,E1088,Neeraj Gupta,Operations,Prayagraj,Evening,Present,8.57,2026-03
2026-03-13,E1088,Neeraj Gupta,Operations,Prayagraj,Evening,Present,7.65,2026-03
2026-03-16,E1088,Neeraj Gupta,Operations,Prayagraj,Evening,Present,7.55,2026-03
2026-03-17,E1088,Neeraj Gupta,Operations,Prayagraj,Evening,Present,7.85,2026-03
2026-03-18,E1088,Neeraj Gupta,Operations,Prayagraj,Evening,Present,7.54,2026-03
2026-03-19,E1088,Neeraj Gupta,Operations,Prayagraj,Evening,Present,8.22,2026-03
2026-03-20,E1088,Neeraj Gupta,Operations,Prayagraj,Evening,Present,8.21,2026-03
2026-03-23,E1088,Neeraj Gupta,Operations,Prayagraj,Evening,Present,7.73,2026-03
2026-03-24,E1088,Neeraj Gupta,Operations,Prayagraj,Evening,Present,8.41,2026-03
2026-03-25,E1088,Neeraj Gupta,Operations,Prayagraj,Evening,Present,8.41,2026-03
2026-03-26,E1088,Neeraj Gupta,Operations,Prayagraj,Evening,Present,7.81,2026-03
2026-03-27,E1088,Neeraj Gupta,Operations,Prayagraj,Evening,Present,7.71,2026-03
2026-03-30,E1088,Neeraj Gupta,Operations,Prayagraj,Evening,Present,7.93,2026-03
2026-03-31,E1088,Neeraj Gupta,Operations,Prayagraj,Evening,Absent,0.0,2026-03
2026-01-01,E1089,Priya Maurya,Operations,Varanasi,Evening,Present,9.02,2026-01
2026-01-02,E1089,Priya Maurya,Operations,Varanasi,Evening,Present,8.34,2026-01
2026-01-05,E1089,Priya Maurya,Operations,Varanasi,Evening,Present,7.62,2026-01
2026-01-06,E1089,Priya Maurya,Operations,Varanasi,Evening,Leave,0.0,2026-01
2026-01-07,E1089,Priya Maurya,Operations,Varanasi,Evening,Present,7.92,2026-01
2026-01-08,E1089,Priya Maurya,Operations,Varanasi,Evening,Leave,0.0,2026-01
2026-01-09,E1089,Priya Maurya,Operations,Varanasi,Evening,Present,8.47,2026-01
2026-01-12,E1089,Priya Maurya,Operations,Varanasi,Evening,Present,7.96,2026-01
2026-01-13,E1089,Priya Maurya,Operations,Varanasi,Evening,Present,8.73,2026-01
2026-01-14,E1089,Priya Maurya,Operations,Varanasi,Evening,Leave,0.0,2026-01
2026-01-15,E1089,Priya Maurya,Operations,Varanasi,Evening,Present,7.84,2026-01
2026-01-16,E1089,Priya Maurya,Operations,Varanasi,Evening,Present,8.16,2026-01
2026-01-19,E1089,Priya Maurya,Operations,Varanasi,Evening,Present,8.0,2026-01
2026-01-20,E1089,Priya Maurya,Operations,Varanasi,Evening,Present,8.08,2026-01
2026-01-21,E1089,Priya Maurya,Operations,Varanasi,Evening,Present,7.87,2026-01
2026-01-22,E1089,Priya Maurya,Operations,Varanasi,Evening,Present,7.87,2026-01
2026-01-23,E1089,Priya Maurya,Operations,Varanasi,Evening,Present,7.72,2026-01
2026-01-26,E1089,Priya Maurya,Operations,Varanasi,Evening,Present,7.9,2026-01
2026-01-27,E1089,Priya Maurya,Operations,Varanasi,Evening,Present,7.67,2026-01
2026-01-28,E1089,Priya Maurya,Operations,Varanasi,Evening,Present,8.49,2026-01
2026-01-29,E1089,Priya Maurya,Operations,Varanasi,Evening,Present,8.38,2026-01
2026-01-30,E1089,Priya Maurya,Operations,Varanasi,Evening,Present,8.05,2026-01
2026-02-02,E1089,Priya Maurya,Operations,Varanasi,Evening,Present,8.2,2026-02
2026-02-03,E1089,Priya Maurya,Operations,Varanasi,Evening,Present,7.72,2026-02
2026-02-04,E1089,Priya Maurya,Operations,Varanasi,Evening,Present,8.08,2026-02
2026-02-05,E1089,Priya Maurya,Operations,Varanasi,Evening,Present,8.61,2026-02
2026-02-06,E1089,Priya Maurya,Operations,Varanasi,Evening,Present,8.6,2026-02
2026-02-09,E1089,Priya Maurya,Operations,Varanasi,Evening,Present,8.81,2026-02
2026-02-10,E1089,Priya Maurya,Operations,Varanasi,Evening,Present,8.49,2026-02
2026-02-11,E1089,Priya Maurya,Operations,Varanasi,Evening,Present,8.24,2026-02
2026-02-12,E1089,Priya Maurya,Operations,Varanasi,Evening,Present,8.46,2026-02
2026-02-13,E1089,Priya Maurya,Operations,Varanasi,Evening,Present,7.59,2026-02
2026-02-16,E1089,Priya Maurya,Operations,Varanasi,Evening,Present,8.43,2026-02
2026-02-17,E1089,Priya Maurya,Operations,Varanasi,Evening,Present,8.5,2026-02
2026-02-18,E1089,Priya Maurya,Operations,Varanasi,Evening,Present,8.07,2026-02
2026-02-19,E1089,Priya Maurya,Operations,Varanasi,Evening,Present,8.12,2026-02
2026-02-20,E1089,Priya Maurya,Operations,Varanasi,Evening,Present,7.98,2026-02
2026-02-23,E1089,Priya Maurya,Operations,Varanasi,Evening,Present,8.06,2026-02
2026-02-24,E1089,Priya Maurya,Operations,Varanasi,Evening,Present,8.17,2026-02
2026-02-25,E1089,Priya Maurya,Operations,Varanasi,Evening,Present,8.22,2026-02
2026-02-26,E1089,Priya Maurya,Operations,Varanasi,Evening,Present,7.73,2026-02
2026-02-27,E1089,Priya Maurya,Operations,Varanasi,Evening,Present,7.8,2026-02
2026-03-02,E1089,Priya Maurya,Operations,Varanasi,Evening,Late,7.81,2026-03
2026-03-03,E1089,Priya Maurya,Operations,Varanasi,Evening,Present,8.26,2026-03
2026-03-04,E1089,Priya Maurya,Operations,Varanasi,Evening,Present,7.76,2026-03
2026-03-05,E1089,Priya Maurya,Operations,Varanasi,Evening,Present,8.04,2026-03
2026-03-06,E1089,Priya Maurya,Operations,Varanasi,Evening,Present,8.89,2026-03
2026-03-09,E1089,Priya Maurya,Operations,Varanasi,Evening,Present,7.17,2026-03
2026-03-10,E1089,Priya Maurya,Operations,Varanasi,Evening,Present,6.98,2026-03
2026-03-11,E1089,Priya Maurya,Operations,Varanasi,Evening,Present,7.18,2026-03
2026-03-12,E1089,Priya Maurya,Operations,Varanasi,Evening,Present,9.09,2026-03
2026-03-13,E1089,Priya Maurya,Operations,Varanasi,Evening,Present,7.63,2026-03
2026-03-16,E1089,Priya Maurya,Operations,Varanasi,Evening,Present,7.96,2026-03
2026-03-17,E1089,Priya Maurya,Operations,Varanasi,Evening,Present,8.34,2026-03
2026-03-18,E1089,Priya Maurya,Operations,Varanasi,Evening,Present,8.31,2026-03
2026-03-19,E1089,Priya Maurya,Operations,Varanasi,Evening,Present,7.99,2026-03
2026-03-20,E1089,Priya Maurya,Operations,Varanasi,Evening,Present,8.72,2026-03
2026-03-23,E1089,Priya Maurya,Operations,Varanasi,Evening,Present,8.44,2026-03
2026-03-24,E1089,Priya Maurya,Operations,Varanasi,Evening,Late,7.18,2026-03
2026-03-25,E1089,Priya Maurya,Operations,Varanasi,Evening,Present,7.65,2026-03
2026-03-26,E1089,Priya Maurya,Operations,Varanasi,Evening,Present,8.17,2026-03
2026-03-27,E1089,Priya Maurya,Operations,Varanasi,Evening,Present,8.47,2026-03
2026-03-30,E1089,Priya Maurya,Operations,Varanasi,Evening,Present,8.9,2026-03
2026-03-31,E1089,Priya Maurya,Operations,Varanasi,Evening,Present,8.24,2026-03
2026-01-01,E1090,Mohit Tiwari,Operations,Noida,Morning,Present,8.37,2026-01
2026-01-02,E1090,Mohit Tiwari,Operations,Noida,Morning,Present,8.85,2026-01
2026-01-05,E1090,Mohit Tiwari,Operations,Noida,Morning,Present,7.69,2026-01
2026-01-06,E1090,Mohit Tiwari,Operations,Noida,Morning,Leave,0.0,2026-01
2026-01-07,E1090,Mohit Tiwari,Operations,Noida,Morning,Present,7.57,2026-01
2026-01-08,E1090,Mohit Tiwari,Operations,Noida,Morning,Present,7.96,2026-01
2026-01-09,E1090,Mohit Tiwari,Operations,Noida,Morning,Present,8.01,2026-01
2026-01-12,E1090,Mohit Tiwari,Operations,Noida,Morning,Present,8.44,2026-01
2026-01-13,E1090,Mohit Tiwari,Operations,Noida,Morning,Present,7.29,2026-01
2026-01-14,E1090,Mohit Tiwari,Operations,Noida,Morning,Present,7.93,2026-01
2026-01-15,E1090,Mohit Tiwari,Operations,Noida,Morning,Present,8.11,2026-01
2026-01-16,E1090,Mohit Tiwari,Operations,Noida,Morning,Present,8.0,2026-01
2026-01-19,E1090,Mohit Tiwari,Operations,Noida,Morning,Present,8.84,2026-01
2026-01-20,E1090,Mohit Tiwari,Operations,Noida,Morning,Present,8.55,2026-01
2026-01-21,E1090,Mohit Tiwari,Operations,Noida,Morning,Present,8.55,2026-01
2026-01-22,E1090,Mohit Tiwari,Operations,Noida,Morning,Present,7.89,2026-01
2026-01-23,E1090,Mohit Tiwari,Operations,Noida,Morning,Present,8.18,2026-01
2026-01-26,E1090,Mohit Tiwari,Operations,Noida,Morning,Present,7.72,2026-01
2026-01-27,E1090,Mohit Tiwari,Operations,Noida,Morning,Present,7.73,2026-01
2026-01-28,E1090,Mohit Tiwari,Operations,Noida,Morning,Present,8.56,2026-01
2026-01-29,E1090,Mohit Tiwari,Operations,Noida,Morning,Present,8.47,2026-01
2026-01-30,E1090,Mohit Tiwari,Operations,Noida,Morning,Present,7.69,2026-01
2026-02-02,E1090,Mohit Tiwari,Operations,Noida,Morning,Present,8.15,2026-02
2026-02-03,E1090,Mohit Tiwari,Operations,Noida,Morning,Present,7.44,2026-02
2026-02-04,E1090,Mohit Tiwari,Operations,Noida,Morning,Present,8.34,2026-02
2026-02-05,E1090,Mohit Tiwari,Operations,Noida,Morning,Present,7.68,2026-02
2026-02-06,E1090,Mohit Tiwari,Operations,Noida,Morning,Present,8.15,2026-02
2026-02-09,E1090,Mohit Tiwari,Operations,Noida,Morning,Present,8.88,2026-02
2026-02-10,E1090,Mohit Tiwari,Operations,Noida,Morning,Present,7.63,2026-02
2026-02-11,E1090,Mohit Tiwari,Operations,Noida,Morning,Present,8.26,2026-02
2026-02-12,E1090,Mohit Tiwari,Operations,Noida,Morning,Present,8.08,2026-02
2026-02-13,E1090,Mohit Tiwari,Operations,Noida,Morning,Present,7.59,2026-02
2026-02-16,E1090,Mohit Tiwari,Operations,Noida,Morning,Present,7.78,2026-02
2026-02-17,E1090,Mohit Tiwari,Operations,Noida,Morning,Present,8.29,2026-02
2026-02-18,E1090,Mohit Tiwari,Operations,Noida,Morning,Present,8.01,2026-02
2026-02-19,E1090,Mohit Tiwari,Operations,Noida,Morning,Present,8.74,2026-02
2026-02-20,E1090,Mohit Tiwari,Operations,Noida,Morning,Present,8.32,2026-02
2026-02-23,E1090,Mohit Tiwari,Operations,Noida,Morning,Present,7.66,2026-02
2026-02-24,E1090,Mohit Tiwari,Operations,Noida,Morning,Present,8.49,2026-02
2026-02-25,E1090,Mohit Tiwari,Operations,Noida,Morning,Present,8.55,2026-02
2026-02-26,E1090,Mohit Tiwari,Operations,Noida,Morning,Present,8.22,2026-02
2026-02-27,E1090,Mohit Tiwari,Operations,Noida,Morning,Present,8.35,2026-02
2026-03-02,E1090,Mohit Tiwari,Operations,Noida,Morning,Present,8.22,2026-03
2026-03-03,E1090,Mohit Tiwari,Operations,Noida,Morning,Present,8.66,2026-03
2026-03-04,E1090,Mohit Tiwari,Operations,Noida,Morning,Present,8.59,2026-03
2026-03-05,E1090,Mohit Tiwari,Operations,Noida,Morning,Present,7.44,2026-03
2026-03-06,E1090,Mohit Tiwari,Operations,Noida,Morning,Present,7.4,2026-03
2026-03-09,E1090,Mohit Tiwari,Operations,Noida,Morning,Present,8.02,2026-03
2026-03-10,E1090,Mohit Tiwari,Operations,Noida,Morning,Present,8.46,2026-03
2026-03-11,E1090,Mohit Tiwari,Operations,Noida,Morning,Present,8.64,2026-03
2026-03-12,E1090,Mohit Tiwari,Operations,Noida,Morning,Present,7.94,2026-03
2026-03-13,E1090,Mohit Tiwari,Operations,Noida,Morning,Present,8.0,2026-03
2026-03-16,E1090,Mohit Tiwari,Operations,Noida,Morning,Present,7.97,2026-03
2026-03-17,E1090,Mohit Tiwari,Operations,Noida,Morning,Present,8.06,2026-03
2026-03-18,E1090,Mohit Tiwari,Operations,Noida,Morning,Present,8.17,2026-03
2026-03-19,E1090,Mohit Tiwari,Operations,Noida,Morning,Present,7.9,2026-03
2026-03-20,E1090,Mohit Tiwari,Operations,Noida,Morning,Present,7.97,2026-03
2026-03-23,E1090,Mohit Tiwari,Operations,Noida,Morning,Present,8.27,2026-03
2026-03-24,E1090,Mohit Tiwari,Operations,Noida,Morning,Present,7.55,2026-03
2026-03-25,E1090,Mohit Tiwari,Operations,Noida,Morning,Present,8.93,2026-03
2026-03-26,E1090,Mohit Tiwari,Operations,Noida,Morning,Present,9.07,2026-03
2026-03-27,E1090,Mohit Tiwari,Operations,Noida,Morning,Present,8.45,2026-03
2026-03-30,E1090,Mohit Tiwari,Operations,Noida,Morning,Present,8.71,2026-03
2026-03-31,E1090,Mohit Tiwari,Operations,Noida,Morning,Present,7.7,2026-03
2026-01-01,E1091,Neeraj Sinha,Operations,Lucknow,Morning,Present,7.59,2026-01
2026-01-02,E1091,Neeraj Sinha,Operations,Lucknow,Morning,Present,8.05,2026-01
2026-01-05,E1091,Neeraj Sinha,Operations,Lucknow,Morning,Present,8.82,2026-01
2026-01-06,E1091,Neeraj Sinha,Operations,Lucknow,Morning,Late,7.3,2026-01
2026-01-07,E1091,Neeraj Sinha,Operations,Lucknow,Morning,Present,7.84,2026-01
2026-01-08,E1091,Neeraj Sinha,Operations,Lucknow,Morning,Present,7.15,2026-01
2026-01-09,E1091,Neeraj Sinha,Operations,Lucknow,Morning,Present,7.8,2026-01
2026-01-12,E1091,Neeraj Sinha,Operations,Lucknow,Morning,Present,8.35,2026-01
2026-01-13,E1091,Neeraj Sinha,Operations,Lucknow,Morning,Present,8.05,2026-01
2026-01-14,E1091,Neeraj Sinha,Operations,Lucknow,Morning,Present,7.79,2026-01
2026-01-15,E1091,Neeraj Sinha,Operations,Lucknow,Morning,Present,8.94,2026-01
2026-01-16,E1091,Neeraj Sinha,Operations,Lucknow,Morning,Present,7.97,2026-01
2026-01-19,E1091,Neeraj Sinha,Operations,Lucknow,Morning,Present,8.16,2026-01
2026-01-20,E1091,Neeraj Sinha,Operations,Lucknow,Morning,Present,7.76,2026-01
2026-01-21,E1091,Neeraj Sinha,Operations,Lucknow,Morning,Present,7.59,2026-01
2026-01-22,E1091,Neeraj Sinha,Operations,Lucknow,Morning,Present,8.41,2026-01
2026-01-23,E1091,Neeraj Sinha,Operations,Lucknow,Morning,Present,7.38,2026-01
2026-01-26,E1091,Neeraj Sinha,Operations,Lucknow,Morning,Present,8.31,2026-01
2026-01-27,E1091,Neeraj Sinha,Operations,Lucknow,Morning,Present,6.87,2026-01
2026-01-28,E1091,Neeraj Sinha,Operations,Lucknow,Morning,Present,8.25,2026-01
2026-01-29,E1091,Neeraj Sinha,Operations,Lucknow,Morning,Leave,0.0,2026-01
2026-01-30,E1091,Neeraj Sinha,Operations,Lucknow,Morning,Present,7.63,2026-01
2026-02-02,E1091,Neeraj Sinha,Operations,Lucknow,Morning,Present,8.07,2026-02
2026-02-03,E1091,Neeraj Sinha,Operations,Lucknow,Morning,Present,7.99,2026-02
2026-02-04,E1091,Neeraj Sinha,Operations,Lucknow,Morning,Present,7.91,2026-02
2026-02-05,E1091,Neeraj Sinha,Operations,Lucknow,Morning,Present,7.6,2026-02
2026-02-06,E1091,Neeraj Sinha,Operations,Lucknow,Morning,Present,8.38,2026-02
2026-02-09,E1091,Neeraj Sinha,Operations,Lucknow,Morning,Present,8.21,2026-02
2026-02-10,E1091,Neeraj Sinha,Operations,Lucknow,Morning,Present,8.41,2026-02
2026-02-11,E1091,Neeraj Sinha,Operations,Lucknow,Morning,Present,7.9,2026-02
2026-02-12,E1091,Neeraj Sinha,Operations,Lucknow,Morning,Present,8.02,2026-02
2026-02-13,E1091,Neeraj Sinha,Operations,Lucknow,Morning,Present,7.58,2026-02
2026-02-16,E1091,Neeraj Sinha,Operations,Lucknow,Morning,Leave,0.0,2026-02
2026-02-17,E1091,Neeraj Sinha,Operations,Lucknow,Morning,Late,7.52,2026-02
2026-02-18,E1091,Neeraj Sinha,Operations,Lucknow,Morning,Present,7.72,2026-02
2026-02-19,E1091,Neeraj Sinha,Operations,Lucknow,Morning,Present,8.13,2026-02
2026-02-20,E1091,Neeraj Sinha,Operations,Lucknow,Morning,Present,8.58,2026-02
2026-02-23,E1091,Neeraj Sinha,Operations,Lucknow,Morning,Present,8.33,2026-02
2026-02-24,E1091,Neeraj Sinha,Operations,Lucknow,Morning,Present,8.65,2026-02
2026-02-25,E1091,Neeraj Sinha,Operations,Lucknow,Morning,Present,8.23,2026-02
2026-02-26,E1091,Neeraj Sinha,Operations,Lucknow,Morning,Present,8.05,2026-02
2026-02-27,E1091,Neeraj Sinha,Operations,Lucknow,Morning,Present,8.78,2026-02
2026-03-02,E1091,Neeraj Sinha,Operations,Lucknow,Morning,Present,8.15,2026-03
2026-03-03,E1091,Neeraj Sinha,Operations,Lucknow,Morning,Present,8.9,2026-03
2026-03-04,E1091,Neeraj Sinha,Operations,Lucknow,Morning,Present,8.51,2026-03
2026-03-05,E1091,Neeraj Sinha,Operations,Lucknow,Morning,Late,7.17,2026-03
2026-03-06,E1091,Neeraj Sinha,Operations,Lucknow,Morning,Absent,0.0,2026-03
2026-03-09,E1091,Neeraj Sinha,Operations,Lucknow,Morning,Present,8.01,2026-03
2026-03-10,E1091,Neeraj Sinha,Operations,Lucknow,Morning,Present,8.35,2026-03
2026-03-11,E1091,Neeraj Sinha,Operations,Lucknow,Morning,Present,8.99,2026-03
2026-03-12,E1091,Neeraj Sinha,Operations,Lucknow,Morning,Present,8.21,2026-03
2026-03-13,E1091,Neeraj Sinha,Operations,Lucknow,Morning,Present,8.72,2026-03
2026-03-16,E1091,Neeraj Sinha,Operations,Lucknow,Morning,Present,7.99,2026-03
2026-03-17,E1091,Neeraj Sinha,Operations,Lucknow,Morning,Present,7.82,2026-03
2026-03-18,E1091,Neeraj Sinha,Operations,Lucknow,Morning,Leave,0.0,2026-03
2026-03-19,E1091,Neeraj Sinha,Operations,Lucknow,Morning,Present,8.21,2026-03
2026-03-20,E1091,Neeraj Sinha,Operations,Lucknow,Morning,Present,9.05,2026-03
2026-03-23,E1091,Neeraj Sinha,Operations,Lucknow,Morning,Absent,0.0,2026-03
2026-03-24,E1091,Neeraj Sinha,Operations,Lucknow,Morning,Present,8.09,2026-03
2026-03-25,E1091,Neeraj Sinha,Operations,Lucknow,Morning,Present,7.66,2026-03
2026-03-26,E1091,Neeraj Sinha,Operations,Lucknow,Morning,Late,8.0,2026-03
2026-03-27,E1091,Neeraj Sinha,Operations,Lucknow,Morning,Present,8.95,2026-03
2026-03-30,E1091,Neeraj Sinha,Operations,Lucknow,Morning,Present,8.16,2026-03
2026-03-31,E1091,Neeraj Sinha,Operations,Lucknow,Morning,Absent,0.0,2026-03
2026-01-01,E1092,Simran Patel,Operations,Kanpur,Evening,Leave,0.0,2026-01
2026-01-02,E1092,Simran Patel,Operations,Kanpur,Evening,Present,8.1,2026-01
2026-01-05,E1092,Simran Patel,Operations,Kanpur,Evening,Present,8.64,2026-01
2026-01-06,E1092,Simran Patel,Operations,Kanpur,Evening,Present,8.1,2026-01
2026-01-07,E1092,Simran Patel,Operations,Kanpur,Evening,Present,7.79,2026-01
2026-01-08,E1092,Simran Patel,Operations,Kanpur,Evening,Present,8.4,2026-01
2026-01-09,E1092,Simran Patel,Operations,Kanpur,Evening,Present,8.05,2026-01
2026-01-12,E1092,Simran Patel,Operations,Kanpur,Evening,Present,8.5,2026-01
2026-01-13,E1092,Simran Patel,Operations,Kanpur,Evening,Present,6.87,2026-01
2026-01-14,E1092,Simran Patel,Operations,Kanpur,Evening,Present,8.69,2026-01
2026-01-15,E1092,Simran Patel,Operations,Kanpur,Evening,Present,8.01,2026-01
2026-01-16,E1092,Simran Patel,Operations,Kanpur,Evening,Present,8.67,2026-01
2026-01-19,E1092,Simran Patel,Operations,Kanpur,Evening,Present,8.52,2026-01
2026-01-20,E1092,Simran Patel,Operations,Kanpur,Evening,Present,7.86,2026-01
2026-01-21,E1092,Simran Patel,Operations,Kanpur,Evening,Present,7.73,2026-01
2026-01-22,E1092,Simran Patel,Operations,Kanpur,Evening,Present,7.7,2026-01
2026-01-23,E1092,Simran Patel,Operations,Kanpur,Evening,Present,7.6,2026-01
2026-01-26,E1092,Simran Patel,Operations,Kanpur,Evening,Present,8.62,2026-01
2026-01-27,E1092,Simran Patel,Operations,Kanpur,Evening,Present,8.02,2026-01
2026-01-28,E1092,Simran Patel,Operations,Kanpur,Evening,Present,8.86,2026-01
2026-01-29,E1092,Simran Patel,Operations,Kanpur,Evening,Late,7.18,2026-01
2026-01-30,E1092,Simran Patel,Operations,Kanpur,Evening,Present,7.88,2026-01
2026-02-02,E1092,Simran Patel,Operations,Kanpur,Evening,Present,8.33,2026-02
2026-02-03,E1092,Simran Patel,Operations,Kanpur,Evening,Present,8.83,2026-02
2026-02-04,E1092,Simran Patel,Operations,Kanpur,Evening,Present,7.87,2026-02
2026-02-05,E1092,Simran Patel,Operations,Kanpur,Evening,Present,8.46,2026-02
2026-02-06,E1092,Simran Patel,Operations,Kanpur,Evening,Present,8.1,2026-02
2026-02-09,E1092,Simran Patel,Operations,Kanpur,Evening,Present,8.34,2026-02
2026-02-10,E1092,Simran Patel,Operations,Kanpur,Evening,Present,7.75,2026-02
2026-02-11,E1092,Simran Patel,Operations,Kanpur,Evening,Present,8.41,2026-02
2026-02-12,E1092,Simran Patel,Operations,Kanpur,Evening,Late,7.37,2026-02
2026-02-13,E1092,Simran Patel,Operations,Kanpur,Evening,Present,7.9,2026-02
2026-02-16,E1092,Simran Patel,Operations,Kanpur,Evening,Present,8.09,2026-02
2026-02-17,E1092,Simran Patel,Operations,Kanpur,Evening,Present,8.37,2026-02
2026-02-18,E1092,Simran Patel,Operations,Kanpur,Evening,Present,8.03,2026-02
2026-02-19,E1092,Simran Patel,Operations,Kanpur,Evening,Present,7.91,2026-02
2026-02-20,E1092,Simran Patel,Operations,Kanpur,Evening,Late,7.44,2026-02
2026-02-23,E1092,Simran Patel,Operations,Kanpur,Evening,Present,8.03,2026-02
2026-02-24,E1092,Simran Patel,Operations,Kanpur,Evening,Present,8.33,2026-02
2026-02-25,E1092,Simran Patel,Operations,Kanpur,Evening,Present,7.93,2026-02
2026-02-26,E1092,Simran Patel,Operations,Kanpur,Evening,Present,7.92,2026-02
2026-02-27,E1092,Simran Patel,Operations,Kanpur,Evening,Present,7.76,2026-02
2026-03-02,E1092,Simran Patel,Operations,Kanpur,Evening,Late,7.79,2026-03
2026-03-03,E1092,Simran Patel,Operations,Kanpur,Evening,Present,8.16,2026-03
2026-03-04,E1092,Simran Patel,Operations,Kanpur,Evening,Present,8.64,2026-03
2026-03-05,E1092,Simran Patel,Operations,Kanpur,Evening,Late,8.0,2026-03
2026-03-06,E1092,Simran Patel,Operations,Kanpur,Evening,Late,7.62,2026-03
2026-03-09,E1092,Simran Patel,Operations,Kanpur,Evening,Present,8.06,2026-03
2026-03-10,E1092,Simran Patel,Operations,Kanpur,Evening,Present,8.1,2026-03
2026-03-11,E1092,Simran Patel,Operations,Kanpur,Evening,Present,7.84,2026-03
2026-03-12,E1092,Simran Patel,Operations,Kanpur,Evening,Present,7.76,2026-03
2026-03-13,E1092,Simran Patel,Operations,Kanpur,Evening,Present,7.7,2026-03
2026-03-16,E1092,Simran Patel,Operations,Kanpur,Evening,Present,8.02,2026-03
2026-03-17,E1092,Simran Patel,Operations,Kanpur,Evening,Present,7.04,2026-03
2026-03-18,E1092,Simran Patel,Operations,Kanpur,Evening,Present,8.81,2026-03
2026-03-19,E1092,Simran Patel,Operations,Kanpur,Evening,Present,8.96,2026-03
2026-03-20,E1092,Simran Patel,Operations,Kanpur,Evening,Late,7.01,2026-03
2026-03-23,E1092,Simran Patel,Operations,Kanpur,Evening,Present,8.95,2026-03
2026-03-24,E1092,Simran Patel,Operations,Kanpur,Evening,Present,7.67,2026-03
2026-03-25,E1092,Simran Patel,Operations,Kanpur,Evening,Present,8.11,2026-03
2026-03-26,E1092,Simran Patel,Operations,Kanpur,Evening,Present,8.27,2026-03
2026-03-27,E1092,Simran Patel,Operations,Kanpur,Evening,Present,8.14,2026-03
2026-03-30,E1092,Simran Patel,Operations,Kanpur,Evening,Present,7.86,2026-03
2026-03-31,E1092,Simran Patel,Operations,Kanpur,Evening,Present,7.84,2026-03
2026-01-01,E1093,Aarav Verma,Operations,Varanasi,Evening,Present,7.7,2026-01
2026-01-02,E1093,Aarav Verma,Operations,Varanasi,Evening,Late,7.19,2026-01
2026-01-05,E1093,Aarav Verma,Operations,Varanasi,Evening,Present,8.83,2026-01
2026-01-06,E1093,Aarav Verma,Operations,Varanasi,Evening,Present,8.77,2026-01
2026-01-07,E1093,Aarav Verma,Operations,Varanasi,Evening,Present,7.68,2026-01
2026-01-08,E1093,Aarav Verma,Operations,Varanasi,Evening,Present,8.86,2026-01
2026-01-09,E1093,Aarav Verma,Operations,Varanasi,Evening,Present,8.38,2026-01
2026-01-12,E1093,Aarav Verma,Operations,Varanasi,Evening,Present,8.13,2026-01
2026-01-13,E1093,Aarav Verma,Operations,Varanasi,Evening,Present,8.54,2026-01
2026-01-14,E1093,Aarav Verma,Operations,Varanasi,Evening,Late,7.72,2026-01
2026-01-15,E1093,Aarav Verma,Operations,Varanasi,Evening,Present,8.07,2026-01
2026-01-16,E1093,Aarav Verma,Operations,Varanasi,Evening,Present,7.52,2026-01
2026-01-19,E1093,Aarav Verma,Operations,Varanasi,Evening,Present,7.53,2026-01
2026-01-20,E1093,Aarav Verma,Operations,Varanasi,Evening,Present,7.92,2026-01
2026-01-21,E1093,Aarav Verma,Operations,Varanasi,Evening,Present,8.03,2026-01
2026-01-22,E1093,Aarav Verma,Operations,Varanasi,Evening,Present,7.92,2026-01
2026-01-23,E1093,Aarav Verma,Operations,Varanasi,Evening,Present,7.67,2026-01
2026-01-26,E1093,Aarav Verma,Operations,Varanasi,Evening,Present,7.81,2026-01
2026-01-27,E1093,Aarav Verma,Operations,Varanasi,Evening,Present,7.51,2026-01
2026-01-28,E1093,Aarav Verma,Operations,Varanasi,Evening,Present,8.81,2026-01
2026-01-29,E1093,Aarav Verma,Operations,Varanasi,Evening,Late,7.24,2026-01
2026-01-30,E1093,Aarav Verma,Operations,Varanasi,Evening,Present,7.83,2026-01
2026-02-02,E1093,Aarav Verma,Operations,Varanasi,Evening,Present,8.99,2026-02
2026-02-03,E1093,Aarav Verma,Operations,Varanasi,Evening,Present,7.41,2026-02
2026-02-04,E1093,Aarav Verma,Operations,Varanasi,Evening,Present,8.36,2026-02
2026-02-05,E1093,Aarav Verma,Operations,Varanasi,Evening,Present,8.12,2026-02
2026-02-06,E1093,Aarav Verma,Operations,Varanasi,Evening,Present,7.67,2026-02
2026-02-09,E1093,Aarav Verma,Operations,Varanasi,Evening,Present,8.16,2026-02
2026-02-10,E1093,Aarav Verma,Operations,Varanasi,Evening,Present,8.89,2026-02
2026-02-11,E1093,Aarav Verma,Operations,Varanasi,Evening,Present,8.35,2026-02
2026-02-12,E1093,Aarav Verma,Operations,Varanasi,Evening,Present,8.29,2026-02
2026-02-13,E1093,Aarav Verma,Operations,Varanasi,Evening,Present,7.57,2026-02
2026-02-16,E1093,Aarav Verma,Operations,Varanasi,Evening,Present,7.74,2026-02
2026-02-17,E1093,Aarav Verma,Operations,Varanasi,Evening,Present,7.44,2026-02
2026-02-18,E1093,Aarav Verma,Operations,Varanasi,Evening,Present,8.14,2026-02
2026-02-19,E1093,Aarav Verma,Operations,Varanasi,Evening,Present,8.12,2026-02
2026-02-20,E1093,Aarav Verma,Operations,Varanasi,Evening,Present,7.74,2026-02
2026-02-23,E1093,Aarav Verma,Operations,Varanasi,Evening,Present,8.49,2026-02
2026-02-24,E1093,Aarav Verma,Operations,Varanasi,Evening,Present,7.54,2026-02
2026-02-25,E1093,Aarav Verma,Operations,Varanasi,Evening,Present,7.78,2026-02
2026-02-26,E1093,Aarav Verma,Operations,Varanasi,Evening,Present,8.15,2026-02
2026-02-27,E1093,Aarav Verma,Operations,Varanasi,Evening,Present,7.59,2026-02
2026-03-02,E1093,Aarav Verma,Operations,Varanasi,Evening,Present,7.97,2026-03
2026-03-03,E1093,Aarav Verma,Operations,Varanasi,Evening,Present,7.81,2026-03
2026-03-04,E1093,Aarav Verma,Operations,Varanasi,Evening,Present,8.22,2026-03
2026-03-05,E1093,Aarav Verma,Operations,Varanasi,Evening,Present,7.5,2026-03
2026-03-06,E1093,Aarav Verma,Operations,Varanasi,Evening,Present,7.2,2026-03
2026-03-09,E1093,Aarav Verma,Operations,Varanasi,Evening,Present,7.57,2026-03
2026-03-10,E1093,Aarav Verma,Operations,Varanasi,Evening,Present,8.5,2026-03
2026-03-11,E1093,Aarav Verma,Operations,Varanasi,Evening,Present,8.46,2026-03
2026-03-12,E1093,Aarav Verma,Operations,Varanasi,Evening,Present,7.69,2026-03
2026-03-13,E1093,Aarav Verma,Operations,Varanasi,Evening,Present,8.07,2026-03
2026-03-16,E1093,Aarav Verma,Operations,Varanasi,Evening,Present,8.11,2026-03
2026-03-17,E1093,Aarav Verma,Operations,Varanasi,Evening,Present,7.48,2026-03
2026-03-18,E1093,Aarav Verma,Operations,Varanasi,Evening,Present,7.82,2026-03
2026-03-19,E1093,Aarav Verma,Operations,Varanasi,Evening,Present,8.01,2026-03
2026-03-20,E1093,Aarav Verma,Operations,Varanasi,Evening,Present,7.13,2026-03
2026-03-23,E1093,Aarav Verma,Operations,Varanasi,Evening,Present,8.15,2026-03
2026-03-24,E1093,Aarav Verma,Operations,Varanasi,Evening,Present,9.41,2026-03
2026-03-25,E1093,Aarav Verma,Operations,Varanasi,Evening,Present,8.32,2026-03
2026-03-26,E1093,Aarav Verma,Operations,Varanasi,Evening,Present,8.2,2026-03
2026-03-27,E1093,Aarav Verma,Operations,Varanasi,Evening,Present,8.42,2026-03
2026-03-30,E1093,Aarav Verma,Operations,Varanasi,Evening,Present,8.29,2026-03
2026-03-31,E1093,Aarav Verma,Operations,Varanasi,Evening,Present,8.49,2026-03
2026-01-01,E1094,Vivaan Tiwari,Operations,Noida,Evening,Present,7.87,2026-01
2026-01-02,E1094,Vivaan Tiwari,Operations,Noida,Evening,Present,7.91,2026-01
2026-01-05,E1094,Vivaan Tiwari,Operations,Noida,Evening,Present,8.56,2026-01
2026-01-06,E1094,Vivaan Tiwari,Operations,Noida,Evening,Absent,0.0,2026-01
2026-01-07,E1094,Vivaan Tiwari,Operations,Noida,Evening,Present,8.04,2026-01
2026-01-08,E1094,Vivaan Tiwari,Operations,Noida,Evening,Present,8.52,2026-01
2026-01-09,E1094,Vivaan Tiwari,Operations,Noida,Evening,Present,7.83,2026-01
2026-01-12,E1094,Vivaan Tiwari,Operations,Noida,Evening,Present,8.25,2026-01
2026-01-13,E1094,Vivaan Tiwari,Operations,Noida,Evening,Present,8.66,2026-01
2026-01-14,E1094,Vivaan Tiwari,Operations,Noida,Evening,Present,7.98,2026-01
2026-01-15,E1094,Vivaan Tiwari,Operations,Noida,Evening,Present,8.57,2026-01
2026-01-16,E1094,Vivaan Tiwari,Operations,Noida,Evening,Present,8.52,2026-01
2026-01-19,E1094,Vivaan Tiwari,Operations,Noida,Evening,Present,8.23,2026-01
2026-01-20,E1094,Vivaan Tiwari,Operations,Noida,Evening,Present,7.56,2026-01
2026-01-21,E1094,Vivaan Tiwari,Operations,Noida,Evening,Present,7.23,2026-01
2026-01-22,E1094,Vivaan Tiwari,Operations,Noida,Evening,Present,7.78,2026-01
2026-01-23,E1094,Vivaan Tiwari,Operations,Noida,Evening,Present,7.9,2026-01
2026-01-26,E1094,Vivaan Tiwari,Operations,Noida,Evening,Present,7.98,2026-01
2026-01-27,E1094,Vivaan Tiwari,Operations,Noida,Evening,Present,8.36,2026-01
2026-01-28,E1094,Vivaan Tiwari,Operations,Noida,Evening,Present,7.76,2026-01
2026-01-29,E1094,Vivaan Tiwari,Operations,Noida,Evening,Present,8.38,2026-01
2026-01-30,E1094,Vivaan Tiwari,Operations,Noida,Evening,Leave,0.0,2026-01
2026-02-02,E1094,Vivaan Tiwari,Operations,Noida,Evening,Present,8.84,2026-02
2026-02-03,E1094,Vivaan Tiwari,Operations,Noida,Evening,Present,7.88,2026-02
2026-02-04,E1094,Vivaan Tiwari,Operations,Noida,Evening,Present,7.67,2026-02
2026-02-05,E1094,Vivaan Tiwari,Operations,Noida,Evening,Present,7.65,2026-02
2026-02-06,E1094,Vivaan Tiwari,Operations,Noida,Evening,Present,8.62,2026-02
2026-02-09,E1094,Vivaan Tiwari,Operations,Noida,Evening,Present,8.6,2026-02
2026-02-10,E1094,Vivaan Tiwari,Operations,Noida,Evening,Present,7.99,2026-02
2026-02-11,E1094,Vivaan Tiwari,Operations,Noida,Evening,Present,7.5,2026-02
2026-02-12,E1094,Vivaan Tiwari,Operations,Noida,Evening,Present,8.38,2026-02
2026-02-13,E1094,Vivaan Tiwari,Operations,Noida,Evening,Leave,0.0,2026-02
2026-02-16,E1094,Vivaan Tiwari,Operations,Noida,Evening,Present,7.38,2026-02
2026-02-17,E1094,Vivaan Tiwari,Operations,Noida,Evening,Present,7.77,2026-02
2026-02-18,E1094,Vivaan Tiwari,Operations,Noida,Evening,Present,8.16,2026-02
2026-02-19,E1094,Vivaan Tiwari,Operations,Noida,Evening,Present,7.65,2026-02
2026-02-20,E1094,Vivaan Tiwari,Operations,Noida,Evening,Present,7.71,2026-02
2026-02-23,E1094,Vivaan Tiwari,Operations,Noida,Evening,Present,8.68,2026-02
2026-02-24,E1094,Vivaan Tiwari,Operations,Noida,Evening,Present,8.18,2026-02
2026-02-25,E1094,Vivaan Tiwari,Operations,Noida,Evening,Present,7.44,2026-02
2026-02-26,E1094,Vivaan Tiwari,Operations,Noida,Evening,Present,8.4,2026-02
2026-02-27,E1094,Vivaan Tiwari,Operations,Noida,Evening,Late,8.0,2026-02
2026-03-02,E1094,Vivaan Tiwari,Operations,Noida,Evening,Late,6.53,2026-03
2026-03-03,E1094,Vivaan Tiwari,Operations,Noida,Evening,Present,8.16,2026-03
2026-03-04,E1094,Vivaan Tiwari,Operations,Noida,Evening,Present,8.1,2026-03
2026-03-05,E1094,Vivaan Tiwari,Operations,Noida,Evening,Present,9.13,2026-03
2026-03-06,E1094,Vivaan Tiwari,Operations,Noida,Evening,Present,8.55,2026-03
2026-03-09,E1094,Vivaan Tiwari,Operations,Noida,Evening,Present,8.08,2026-03
2026-03-10,E1094,Vivaan Tiwari,Operations,Noida,Evening,Present,8.47,2026-03
2026-03-11,E1094,Vivaan Tiwari,Operations,Noida,Evening,Present,7.26,2026-03
2026-03-12,E1094,Vivaan Tiwari,Operations,Noida,Evening,Present,8.1,2026-03
2026-03-13,E1094,Vivaan Tiwari,Operations,Noida,Evening,Present,7.81,2026-03
2026-03-16,E1094,Vivaan Tiwari,Operations,Noida,Evening,Present,8.15,2026-03
2026-03-17,E1094,Vivaan Tiwari,Operations,Noida,Evening,Present,7.21,2026-03
2026-03-18,E1094,Vivaan Tiwari,Operations,Noida,Evening,Present,8.38,2026-03
2026-03-19,E1094,Vivaan Tiwari,Operations,Noida,Evening,Present,8.29,2026-03
2026-03-20,E1094,Vivaan Tiwari,Operations,Noida,Evening,Present,8.57,2026-03
2026-03-23,E1094,Vivaan Tiwari,Operations,Noida,Evening,Present,7.9,2026-03
2026-03-24,E1094,Vivaan Tiwari,Operations,Noida,Evening,Present,8.4,2026-03
2026-03-25,E1094,Vivaan Tiwari,Operations,Noida,Evening,Present,8.93,2026-03
2026-03-26,E1094,Vivaan Tiwari,Operations,Noida,Evening,Present,7.96,2026-03
2026-03-27,E1094,Vivaan Tiwari,Operations,Noida,Evening,Present,7.49,2026-03
2026-03-30,E1094,Vivaan Tiwari,Operations,Noida,Evening,Late,7.8,2026-03
2026-03-31,E1094,Vivaan Tiwari,Operations,Noida,Evening,Present,7.92,2026-03
2026-01-01,E1095,Rahul Yadav,Operations,Lucknow,General,Present,8.42,2026-01
2026-01-02,E1095,Rahul Yadav,Operations,Lucknow,General,Present,7.52,2026-01
2026-01-05,E1095,Rahul Yadav,Operations,Lucknow,General,Present,7.44,2026-01
2026-01-06,E1095,Rahul Yadav,Operations,Lucknow,General,Present,8.22,2026-01
2026-01-07,E1095,Rahul Yadav,Operations,Lucknow,General,Present,7.98,2026-01
2026-01-08,E1095,Rahul Yadav,Operations,Lucknow,General,Present,7.9,2026-01
2026-01-09,E1095,Rahul Yadav,Operations,Lucknow,General,Present,8.38,2026-01
2026-01-12,E1095,Rahul Yadav,Operations,Lucknow,General,Present,9.13,2026-01
2026-01-13,E1095,Rahul Yadav,Operations,Lucknow,General,Late,6.78,2026-01
2026-01-14,E1095,Rahul Yadav,Operations,Lucknow,General,Absent,0.0,2026-01
2026-01-15,E1095,Rahul Yadav,Operations,Lucknow,General,Present,8.01,2026-01
2026-01-16,E1095,Rahul Yadav,Operations,Lucknow,General,Present,8.16,2026-01
2026-01-19,E1095,Rahul Yadav,Operations,Lucknow,General,Present,7.36,2026-01
2026-01-20,E1095,Rahul Yadav,Operations,Lucknow,General,Present,7.17,2026-01
2026-01-21,E1095,Rahul Yadav,Operations,Lucknow,General,Present,8.31,2026-01
2026-01-22,E1095,Rahul Yadav,Operations,Lucknow,General,Present,7.58,2026-01
2026-01-23,E1095,Rahul Yadav,Operations,Lucknow,General,Present,7.59,2026-01
2026-01-26,E1095,Rahul Yadav,Operations,Lucknow,General,Late,7.14,2026-01
2026-01-27,E1095,Rahul Yadav,Operations,Lucknow,General,Present,8.19,2026-01
2026-01-28,E1095,Rahul Yadav,Operations,Lucknow,General,Present,7.52,2026-01
2026-01-29,E1095,Rahul Yadav,Operations,Lucknow,General,Present,7.56,2026-01
2026-01-30,E1095,Rahul Yadav,Operations,Lucknow,General,Present,8.74,2026-01
2026-02-02,E1095,Rahul Yadav,Operations,Lucknow,General,Present,8.67,2026-02
2026-02-03,E1095,Rahul Yadav,Operations,Lucknow,General,Late,6.84,2026-02
2026-02-04,E1095,Rahul Yadav,Operations,Lucknow,General,Present,7.74,2026-02
2026-02-05,E1095,Rahul Yadav,Operations,Lucknow,General,Absent,0.0,2026-02
2026-02-06,E1095,Rahul Yadav,Operations,Lucknow,General,Present,8.07,2026-02
2026-02-09,E1095,Rahul Yadav,Operations,Lucknow,General,Present,8.32,2026-02
2026-02-10,E1095,Rahul Yadav,Operations,Lucknow,General,Present,8.5,2026-02
2026-02-11,E1095,Rahul Yadav,Operations,Lucknow,General,Present,8.63,2026-02
2026-02-12,E1095,Rahul Yadav,Operations,Lucknow,General,Present,7.8,2026-02
2026-02-13,E1095,Rahul Yadav,Operations,Lucknow,General,Present,8.18,2026-02
2026-02-16,E1095,Rahul Yadav,Operations,Lucknow,General,Present,7.27,2026-02
2026-02-17,E1095,Rahul Yadav,Operations,Lucknow,General,Absent,0.0,2026-02
2026-02-18,E1095,Rahul Yadav,Operations,Lucknow,General,Present,8.33,2026-02
2026-02-19,E1095,Rahul Yadav,Operations,Lucknow,General,Present,8.28,2026-02
2026-02-20,E1095,Rahul Yadav,Operations,Lucknow,General,Present,8.25,2026-02
2026-02-23,E1095,Rahul Yadav,Operations,Lucknow,General,Present,8.19,2026-02
2026-02-24,E1095,Rahul Yadav,Operations,Lucknow,General,Present,7.98,2026-02
2026-02-25,E1095,Rahul Yadav,Operations,Lucknow,General,Present,8.5,2026-02
2026-02-26,E1095,Rahul Yadav,Operations,Lucknow,General,Present,8.35,2026-02
2026-02-27,E1095,Rahul Yadav,Operations,Lucknow,General,Present,7.83,2026-02
2026-03-02,E1095,Rahul Yadav,Operations,Lucknow,General,Late,7.35,2026-03
2026-03-03,E1095,Rahul Yadav,Operations,Lucknow,General,Present,7.55,2026-03
2026-03-04,E1095,Rahul Yadav,Operations,Lucknow,General,Present,7.88,2026-03
2026-03-05,E1095,Rahul Yadav,Operations,Lucknow,General,Present,7.6,2026-03
2026-03-06,E1095,Rahul Yadav,Operations,Lucknow,General,Present,8.51,2026-03
2026-03-09,E1095,Rahul Yadav,Operations,Lucknow,General,Present,9.22,2026-03
2026-03-10,E1095,Rahul Yadav,Operations,Lucknow,General,Present,7.57,2026-03
2026-03-11,E1095,Rahul Yadav,Operations,Lucknow,General,Present,8.01,2026-03
2026-03-12,E1095,Rahul Yadav,Operations,Lucknow,General,Present,7.94,2026-03
2026-03-13,E1095,Rahul Yadav,Operations,Lucknow,General,Present,7.18,2026-03
2026-03-16,E1095,Rahul Yadav,Operations,Lucknow,General,Present,7.79,2026-03
2026-03-17,E1095,Rahul Yadav,Operations,Lucknow,General,Present,8.91,2026-03
2026-03-18,E1095,Rahul Yadav,Operations,Lucknow,General,Present,8.16,2026-03
2026-03-19,E1095,Rahul Yadav,Operations,Lucknow,General,Absent,0.0,2026-03
2026-03-20,E1095,Rahul Yadav,Operations,Lucknow,General,Present,8.02,2026-03
2026-03-23,E1095,Rahul Yadav,Operations,Lucknow,General,Present,7.94,2026-03
2026-03-24,E1095,Rahul Yadav,Operations,Lucknow,General,Present,7.41,2026-03
2026-03-25,E1095,Rahul Yadav,Operations,Lucknow,General,Present,7.93,2026-03
2026-03-26,E1095,Rahul Yadav,Operations,Lucknow,General,Present,7.35,2026-03
2026-03-27,E1095,Rahul Yadav,Operations,Lucknow,General,Present,8.75,2026-03
2026-03-30,E1095,Rahul Yadav,Operations,Lucknow,General,Present,7.7,2026-03
2026-03-31,E1095,Rahul Yadav,Operations,Lucknow,General,Present,8.73,2026-03
2026-01-01,E1096,Vikas Chauhan,Operations,Varanasi,Morning,Present,8.04,2026-01
2026-01-02,E1096,Vikas Chauhan,Operations,Varanasi,Morning,Late,8.0,2026-01
2026-01-05,E1096,Vikas Chauhan,Operations,Varanasi,Morning,Present,7.37,2026-01
2026-01-06,E1096,Vikas Chauhan,Operations,Varanasi,Morning,Late,8.0,2026-01
2026-01-07,E1096,Vikas Chauhan,Operations,Varanasi,Morning,Present,7.83,2026-01
2026-01-08,E1096,Vikas Chauhan,Operations,Varanasi,Morning,Present,7.39,2026-01
2026-01-09,E1096,Vikas Chauhan,Operations,Varanasi,Morning,Present,8.18,2026-01
2026-01-12,E1096,Vikas Chauhan,Operations,Varanasi,Morning,Present,8.6,2026-01
2026-01-13,E1096,Vikas Chauhan,Operations,Varanasi,Morning,Present,8.27,2026-01
2026-01-14,E1096,Vikas Chauhan,Operations,Varanasi,Morning,Present,7.31,2026-01
2026-01-15,E1096,Vikas Chauhan,Operations,Varanasi,Morning,Late,6.67,2026-01
2026-01-16,E1096,Vikas Chauhan,Operations,Varanasi,Morning,Present,7.43,2026-01
2026-01-19,E1096,Vikas Chauhan,Operations,Varanasi,Morning,Present,7.79,2026-01
2026-01-20,E1096,Vikas Chauhan,Operations,Varanasi,Morning,Present,7.48,2026-01
2026-01-21,E1096,Vikas Chauhan,Operations,Varanasi,Morning,Present,7.96,2026-01
2026-01-22,E1096,Vikas Chauhan,Operations,Varanasi,Morning,Present,7.25,2026-01
2026-01-23,E1096,Vikas Chauhan,Operations,Varanasi,Morning,Present,7.99,2026-01
2026-01-26,E1096,Vikas Chauhan,Operations,Varanasi,Morning,Present,8.25,2026-01
2026-01-27,E1096,Vikas Chauhan,Operations,Varanasi,Morning,Present,8.6,2026-01
2026-01-28,E1096,Vikas Chauhan,Operations,Varanasi,Morning,Present,8.17,2026-01
2026-01-29,E1096,Vikas Chauhan,Operations,Varanasi,Morning,Present,8.71,2026-01
2026-01-30,E1096,Vikas Chauhan,Operations,Varanasi,Morning,Present,8.17,2026-01
2026-02-02,E1096,Vikas Chauhan,Operations,Varanasi,Morning,Present,7.54,2026-02
2026-02-03,E1096,Vikas Chauhan,Operations,Varanasi,Morning,Present,7.92,2026-02
2026-02-04,E1096,Vikas Chauhan,Operations,Varanasi,Morning,Present,7.77,2026-02
2026-02-05,E1096,Vikas Chauhan,Operations,Varanasi,Morning,Present,8.11,2026-02
2026-02-06,E1096,Vikas Chauhan,Operations,Varanasi,Morning,Present,7.15,2026-02
2026-02-09,E1096,Vikas Chauhan,Operations,Varanasi,Morning,Present,8.66,2026-02
2026-02-10,E1096,Vikas Chauhan,Operations,Varanasi,Morning,Present,8.37,2026-02
2026-02-11,E1096,Vikas Chauhan,Operations,Varanasi,Morning,Present,8.07,2026-02
2026-02-12,E1096,Vikas Chauhan,Operations,Varanasi,Morning,Present,9.23,2026-02
2026-02-13,E1096,Vikas Chauhan,Operations,Varanasi,Morning,Present,8.9,2026-02
2026-02-16,E1096,Vikas Chauhan,Operations,Varanasi,Morning,Present,8.33,2026-02
2026-02-17,E1096,Vikas Chauhan,Operations,Varanasi,Morning,Present,8.09,2026-02
2026-02-18,E1096,Vikas Chauhan,Operations,Varanasi,Morning,Present,7.96,2026-02
2026-02-19,E1096,Vikas Chauhan,Operations,Varanasi,Morning,Present,7.93,2026-02
2026-02-20,E1096,Vikas Chauhan,Operations,Varanasi,Morning,Present,7.75,2026-02
2026-02-23,E1096,Vikas Chauhan,Operations,Varanasi,Morning,Present,7.76,2026-02
2026-02-24,E1096,Vikas Chauhan,Operations,Varanasi,Morning,Late,7.44,2026-02
2026-02-25,E1096,Vikas Chauhan,Operations,Varanasi,Morning,Present,8.56,2026-02
2026-02-26,E1096,Vikas Chauhan,Operations,Varanasi,Morning,Present,8.04,2026-02
2026-02-27,E1096,Vikas Chauhan,Operations,Varanasi,Morning,Present,7.47,2026-02
2026-03-02,E1096,Vikas Chauhan,Operations,Varanasi,Morning,Present,7.94,2026-03
2026-03-03,E1096,Vikas Chauhan,Operations,Varanasi,Morning,Present,7.64,2026-03
2026-03-04,E1096,Vikas Chauhan,Operations,Varanasi,Morning,Present,8.79,2026-03
2026-03-05,E1096,Vikas Chauhan,Operations,Varanasi,Morning,Present,7.17,2026-03
2026-03-06,E1096,Vikas Chauhan,Operations,Varanasi,Morning,Present,8.09,2026-03
2026-03-09,E1096,Vikas Chauhan,Operations,Varanasi,Morning,Present,7.6,2026-03
2026-03-10,E1096,Vikas Chauhan,Operations,Varanasi,Morning,Present,7.96,2026-03
2026-03-11,E1096,Vikas Chauhan,Operations,Varanasi,Morning,Present,8.08,2026-03
2026-03-12,E1096,Vikas Chauhan,Operations,Varanasi,Morning,Present,8.47,2026-03
2026-03-13,E1096,Vikas Chauhan,Operations,Varanasi,Morning,Present,7.89,2026-03
2026-03-16,E1096,Vikas Chauhan,Operations,Varanasi,Morning,Present,8.06,2026-03
2026-03-17,E1096,Vikas Chauhan,Operations,Varanasi,Morning,Present,6.93,2026-03
2026-03-18,E1096,Vikas Chauhan,Operations,Varanasi,Morning,Present,8.66,2026-03
2026-03-19,E1096,Vikas Chauhan,Operations,Varanasi,Morning,Present,8.66,2026-03
2026-03-20,E1096,Vikas Chauhan,Operations,Varanasi,Morning,Present,9.07,2026-03
2026-03-23,E1096,Vikas Chauhan,Operations,Varanasi,Morning,Present,7.67,2026-03
2026-03-24,E1096,Vikas Chauhan,Operations,Varanasi,Morning,Present,9.08,2026-03
2026-03-25,E1096,Vikas Chauhan,Operations,Varanasi,Morning,Present,7.94,2026-03
2026-03-26,E1096,Vikas Chauhan,Operations,Varanasi,Morning,Present,8.77,2026-03
2026-03-27,E1096,Vikas Chauhan,Operations,Varanasi,Morning,Present,8.45,2026-03
2026-03-30,E1096,Vikas Chauhan,Operations,Varanasi,Morning,Present,7.86,2026-03
2026-03-31,E1096,Vikas Chauhan,Operations,Varanasi,Morning,Present,8.96,2026-03
2026-01-01,E1097,Kavya Gupta,Operations,Prayagraj,General,Present,8.13,2026-01
2026-01-02,E1097,Kavya Gupta,Operations,Prayagraj,General,Present,7.77,2026-01
2026-01-05,E1097,Kavya Gupta,Operations,Prayagraj,General,Present,8.46,2026-01
2026-01-06,E1097,Kavya Gupta,Operations,Prayagraj,General,Present,8.58,2026-01
2026-01-07,E1097,Kavya Gupta,Operations,Prayagraj,General,Present,8.06,2026-01
2026-01-08,E1097,Kavya Gupta,Operations,Prayagraj,General,Present,7.98,2026-01
2026-01-09,E1097,Kavya Gupta,Operations,Prayagraj,General,Leave,0.0,2026-01
2026-01-12,E1097,Kavya Gupta,Operations,Prayagraj,General,Present,7.88,2026-01
2026-01-13,E1097,Kavya Gupta,Operations,Prayagraj,General,Present,8.05,2026-01
2026-01-14,E1097,Kavya Gupta,Operations,Prayagraj,General,Present,8.54,2026-01
2026-01-15,E1097,Kavya Gupta,Operations,Prayagraj,General,Late,7.6,2026-01
2026-01-16,E1097,Kavya Gupta,Operations,Prayagraj,General,Present,8.19,2026-01
2026-01-19,E1097,Kavya Gupta,Operations,Prayagraj,General,Present,8.23,2026-01
2026-01-20,E1097,Kavya Gupta,Operations,Prayagraj,General,Leave,0.0,2026-01
2026-01-21,E1097,Kavya Gupta,Operations,Prayagraj,General,Present,7.53,2026-01
2026-01-22,E1097,Kavya Gupta,Operations,Prayagraj,General,Present,7.84,2026-01
2026-01-23,E1097,Kavya Gupta,Operations,Prayagraj,General,Present,8.09,2026-01
2026-01-26,E1097,Kavya Gupta,Operations,Prayagraj,General,Present,7.78,2026-01
2026-01-27,E1097,Kavya Gupta,Operations,Prayagraj,General,Late,7.61,2026-01
2026-01-28,E1097,Kavya Gupta,Operations,Prayagraj,General,Present,7.89,2026-01
2026-01-29,E1097,Kavya Gupta,Operations,Prayagraj,General,Late,7.33,2026-01
2026-01-30,E1097,Kavya Gupta,Operations,Prayagraj,General,Present,8.1,2026-01
2026-02-02,E1097,Kavya Gupta,Operations,Prayagraj,General,Present,8.87,2026-02
2026-02-03,E1097,Kavya Gupta,Operations,Prayagraj,General,Present,7.39,2026-02
2026-02-04,E1097,Kavya Gupta,Operations,Prayagraj,General,Leave,0.0,2026-02
2026-02-05,E1097,Kavya Gupta,Operations,Prayagraj,General,Present,8.27,2026-02
2026-02-06,E1097,Kavya Gupta,Operations,Prayagraj,General,Present,8.28,2026-02
2026-02-09,E1097,Kavya Gupta,Operations,Prayagraj,General,Present,7.88,2026-02
2026-02-10,E1097,Kavya Gupta,Operations,Prayagraj,General,Present,8.23,2026-02
2026-02-11,E1097,Kavya Gupta,Operations,Prayagraj,General,Present,7.46,2026-02
2026-02-12,E1097,Kavya Gupta,Operations,Prayagraj,General,Present,8.07,2026-02
2026-02-13,E1097,Kavya Gupta,Operations,Prayagraj,General,Present,7.72,2026-02
2026-02-16,E1097,Kavya Gupta,Operations,Prayagraj,General,Present,7.87,2026-02
2026-02-17,E1097,Kavya Gupta,Operations,Prayagraj,General,Present,8.33,2026-02
2026-02-18,E1097,Kavya Gupta,Operations,Prayagraj,General,Present,8.21,2026-02
2026-02-19,E1097,Kavya Gupta,Operations,Prayagraj,General,Present,8.06,2026-02
2026-02-20,E1097,Kavya Gupta,Operations,Prayagraj,General,Present,7.94,2026-02
2026-02-23,E1097,Kavya Gupta,Operations,Prayagraj,General,Present,8.26,2026-02
2026-02-24,E1097,Kavya Gupta,Operations,Prayagraj,General,Present,8.21,2026-02
2026-02-25,E1097,Kavya Gupta,Operations,Prayagraj,General,Present,7.82,2026-02
2026-02-26,E1097,Kavya Gupta,Operations,Prayagraj,General,Present,8.62,2026-02
2026-02-27,E1097,Kavya Gupta,Operations,Prayagraj,General,Present,8.51,2026-02
2026-03-02,E1097,Kavya Gupta,Operations,Prayagraj,General,Present,7.68,2026-03
2026-03-03,E1097,Kavya Gupta,Operations,Prayagraj,General,Present,7.72,2026-03
2026-03-04,E1097,Kavya Gupta,Operations,Prayagraj,General,Present,7.28,2026-03
2026-03-05,E1097,Kavya Gupta,Operations,Prayagraj,General,Present,8.46,2026-03
2026-03-06,E1097,Kavya Gupta,Operations,Prayagraj,General,Present,7.96,2026-03
2026-03-09,E1097,Kavya Gupta,Operations,Prayagraj,General,Present,8.09,2026-03
2026-03-10,E1097,Kavya Gupta,Operations,Prayagraj,General,Present,7.71,2026-03
2026-03-11,E1097,Kavya Gupta,Operations,Prayagraj,General,Present,8.09,2026-03
2026-03-12,E1097,Kavya Gupta,Operations,Prayagraj,General,Present,8.23,2026-03
2026-03-13,E1097,Kavya Gupta,Operations,Prayagraj,General,Present,7.51,2026-03
2026-03-16,E1097,Kavya Gupta,Operations,Prayagraj,General,Present,8.22,2026-03
2026-03-17,E1097,Kavya Gupta,Operations,Prayagraj,General,Late,7.61,2026-03
2026-03-18,E1097,Kavya Gupta,Operations,Prayagraj,General,Present,8.73,2026-03
2026-03-19,E1097,Kavya Gupta,Operations,Prayagraj,General,Present,8.25,2026-03
2026-03-20,E1097,Kavya Gupta,Operations,Prayagraj,General,Absent,0.0,2026-03
2026-03-23,E1097,Kavya Gupta,Operations,Prayagraj,General,Present,7.5,2026-03
2026-03-24,E1097,Kavya Gupta,Operations,Prayagraj,General,Present,7.7,2026-03
2026-03-25,E1097,Kavya Gupta,Operations,Prayagraj,General,Present,7.88,2026-03
2026-03-26,E1097,Kavya Gupta,Operations,Prayagraj,General,Present,8.21,2026-03
2026-03-27,E1097,Kavya Gupta,Operations,Prayagraj,General,Present,7.72,2026-03
2026-03-30,E1097,Kavya Gupta,Operations,Prayagraj,General,Present,7.72,2026-03
2026-03-31,E1097,Kavya Gupta,Operations,Prayagraj,General,Present,8.14,2026-03
2026-01-01,E1098,Meera Kumar,Operations,Gurugram,Morning,Present,8.74,2026-01
2026-01-02,E1098,Meera Kumar,Operations,Gurugram,Morning,Present,8.04,2026-01
2026-01-05,E1098,Meera Kumar,Operations,Gurugram,Morning,Present,7.68,2026-01
2026-01-06,E1098,Meera Kumar,Operations,Gurugram,Morning,Present,7.64,2026-01
2026-01-07,E1098,Meera Kumar,Operations,Gurugram,Morning,Present,8.25,2026-01
2026-01-08,E1098,Meera Kumar,Operations,Gurugram,Morning,Present,7.56,2026-01
2026-01-09,E1098,Meera Kumar,Operations,Gurugram,Morning,Present,9.08,2026-01
2026-01-12,E1098,Meera Kumar,Operations,Gurugram,Morning,Present,8.03,2026-01
2026-01-13,E1098,Meera Kumar,Operations,Gurugram,Morning,Present,8.8,2026-01
2026-01-14,E1098,Meera Kumar,Operations,Gurugram,Morning,Present,7.37,2026-01
2026-01-15,E1098,Meera Kumar,Operations,Gurugram,Morning,Present,7.03,2026-01
2026-01-16,E1098,Meera Kumar,Operations,Gurugram,Morning,Present,7.77,2026-01
2026-01-19,E1098,Meera Kumar,Operations,Gurugram,Morning,Present,8.28,2026-01
2026-01-20,E1098,Meera Kumar,Operations,Gurugram,Morning,Present,8.15,2026-01
2026-01-21,E1098,Meera Kumar,Operations,Gurugram,Morning,Present,7.83,2026-01
2026-01-22,E1098,Meera Kumar,Operations,Gurugram,Morning,Present,8.27,2026-01
2026-01-23,E1098,Meera Kumar,Operations,Gurugram,Morning,Present,7.98,2026-01
2026-01-26,E1098,Meera Kumar,Operations,Gurugram,Morning,Present,7.57,2026-01
2026-01-27,E1098,Meera Kumar,Operations,Gurugram,Morning,Present,8.88,2026-01
2026-01-28,E1098,Meera Kumar,Operations,Gurugram,Morning,Present,7.0,2026-01
2026-01-29,E1098,Meera Kumar,Operations,Gurugram,Morning,Present,8.21,2026-01
2026-01-30,E1098,Meera Kumar,Operations,Gurugram,Morning,Present,8.12,2026-01
2026-02-02,E1098,Meera Kumar,Operations,Gurugram,Morning,Present,8.13,2026-02
2026-02-03,E1098,Meera Kumar,Operations,Gurugram,Morning,Present,8.58,2026-02
2026-02-04,E1098,Meera Kumar,Operations,Gurugram,Morning,Present,7.63,2026-02
2026-02-05,E1098,Meera Kumar,Operations,Gurugram,Morning,Present,7.61,2026-02
2026-02-06,E1098,Meera Kumar,Operations,Gurugram,Morning,Present,8.58,2026-02
2026-02-09,E1098,Meera Kumar,Operations,Gurugram,Morning,Present,8.37,2026-02
2026-02-10,E1098,Meera Kumar,Operations,Gurugram,Morning,Present,8.77,2026-02
2026-02-11,E1098,Meera Kumar,Operations,Gurugram,Morning,Present,8.01,2026-02
2026-02-12,E1098,Meera Kumar,Operations,Gurugram,Morning,Present,7.99,2026-02
2026-02-13,E1098,Meera Kumar,Operations,Gurugram,Morning,Present,8.52,2026-02
2026-02-16,E1098,Meera Kumar,Operations,Gurugram,Morning,Present,8.69,2026-02
2026-02-17,E1098,Meera Kumar,Operations,Gurugram,Morning,Late,6.91,2026-02
2026-02-18,E1098,Meera Kumar,Operations,Gurugram,Morning,Present,9.04,2026-02
2026-02-19,E1098,Meera Kumar,Operations,Gurugram,Morning,Present,7.89,2026-02
2026-02-20,E1098,Meera Kumar,Operations,Gurugram,Morning,Present,8.21,2026-02
2026-02-23,E1098,Meera Kumar,Operations,Gurugram,Morning,Present,8.36,2026-02
2026-02-24,E1098,Meera Kumar,Operations,Gurugram,Morning,Present,8.59,2026-02
2026-02-25,E1098,Meera Kumar,Operations,Gurugram,Morning,Present,8.44,2026-02
2026-02-26,E1098,Meera Kumar,Operations,Gurugram,Morning,Present,8.14,2026-02
2026-02-27,E1098,Meera Kumar,Operations,Gurugram,Morning,Present,8.44,2026-02
2026-03-02,E1098,Meera Kumar,Operations,Gurugram,Morning,Present,7.94,2026-03
2026-03-03,E1098,Meera Kumar,Operations,Gurugram,Morning,Present,7.85,2026-03
2026-03-04,E1098,Meera Kumar,Operations,Gurugram,Morning,Present,8.13,2026-03
2026-03-05,E1098,Meera Kumar,Operations,Gurugram,Morning,Present,8.66,2026-03
2026-03-06,E1098,Meera Kumar,Operations,Gurugram,Morning,Late,7.78,2026-03
2026-03-09,E1098,Meera Kumar,Operations,Gurugram,Morning,Present,7.9,2026-03
2026-03-10,E1098,Meera Kumar,Operations,Gurugram,Morning,Present,8.07,2026-03
2026-03-11,E1098,Meera Kumar,Operations,Gurugram,Morning,Present,8.55,2026-03
2026-03-12,E1098,Meera Kumar,Operations,Gurugram,Morning,Present,8.23,2026-03
2026-03-13,E1098,Meera Kumar,Operations,Gurugram,Morning,Present,8.17,2026-03
2026-03-16,E1098,Meera Kumar,Operations,Gurugram,Morning,Present,8.18,2026-03
2026-03-17,E1098,Meera Kumar,Operations,Gurugram,Morning,Present,7.59,2026-03
2026-03-18,E1098,Meera Kumar,Operations,Gurugram,Morning,Present,7.31,2026-03
2026-03-19,E1098,Meera Kumar,Operations,Gurugram,Morning,Present,8.61,2026-03
2026-03-20,E1098,Meera Kumar,Operations,Gurugram,Morning,Present,8.12,2026-03
2026-03-23,E1098,Meera Kumar,Operations,Gurugram,Morning,Present,8.19,2026-03
2026-03-24,E1098,Meera Kumar,Operations,Gurugram,Morning,Present,7.92,2026-03
2026-03-25,E1098,Meera Kumar,Operations,Gurugram,Morning,Present,8.78,2026-03
2026-03-26,E1098,Meera Kumar,Operations,Gurugram,Morning,Present,7.88,2026-03
2026-03-27,E1098,Meera Kumar,Operations,Gurugram,Morning,Present,7.98,2026-03
2026-03-30,E1098,Meera Kumar,Operations,Gurugram,Morning,Present,8.6,2026-03
2026-03-31,E1098,Meera Kumar,Operations,Gurugram,Morning,Present,6.99,2026-03
2026-01-01,E1099,Tanvi Singh,Operations,Lucknow,Morning,Present,7.76,2026-01
2026-01-02,E1099,Tanvi Singh,Operations,Lucknow,Morning,Present,8.35,2026-01
2026-01-05,E1099,Tanvi Singh,Operations,Lucknow,Morning,Late,6.69,2026-01
2026-01-06,E1099,Tanvi Singh,Operations,Lucknow,Morning,Present,8.44,2026-01
2026-01-07,E1099,Tanvi Singh,Operations,Lucknow,Morning,Leave,0.0,2026-01
2026-01-08,E1099,Tanvi Singh,Operations,Lucknow,Morning,Late,7.96,2026-01
2026-01-09,E1099,Tanvi Singh,Operations,Lucknow,Morning,Present,7.45,2026-01
2026-01-12,E1099,Tanvi Singh,Operations,Lucknow,Morning,Present,8.14,2026-01
2026-01-13,E1099,Tanvi Singh,Operations,Lucknow,Morning,Present,8.17,2026-01
2026-01-14,E1099,Tanvi Singh,Operations,Lucknow,Morning,Present,8.2,2026-01
2026-01-15,E1099,Tanvi Singh,Operations,Lucknow,Morning,Present,8.0,2026-01
2026-01-16,E1099,Tanvi Singh,Operations,Lucknow,Morning,Present,8.02,2026-01
2026-01-19,E1099,Tanvi Singh,Operations,Lucknow,Morning,Present,7.81,2026-01
2026-01-20,E1099,Tanvi Singh,Operations,Lucknow,Morning,Present,7.94,2026-01
2026-01-21,E1099,Tanvi Singh,Operations,Lucknow,Morning,Present,7.53,2026-01
2026-01-22,E1099,Tanvi Singh,Operations,Lucknow,Morning,Present,8.27,2026-01
2026-01-23,E1099,Tanvi Singh,Operations,Lucknow,Morning,Present,8.46,2026-01
2026-01-26,E1099,Tanvi Singh,Operations,Lucknow,Morning,Present,8.03,2026-01
2026-01-27,E1099,Tanvi Singh,Operations,Lucknow,Morning,Present,8.02,2026-01
2026-01-28,E1099,Tanvi Singh,Operations,Lucknow,Morning,Present,8.15,2026-01
2026-01-29,E1099,Tanvi Singh,Operations,Lucknow,Morning,Present,8.76,2026-01
2026-01-30,E1099,Tanvi Singh,Operations,Lucknow,Morning,Late,7.47,2026-01
2026-02-02,E1099,Tanvi Singh,Operations,Lucknow,Morning,Present,8.11,2026-02
2026-02-03,E1099,Tanvi Singh,Operations,Lucknow,Morning,Absent,0.0,2026-02
2026-02-04,E1099,Tanvi Singh,Operations,Lucknow,Morning,Present,9.25,2026-02
2026-02-05,E1099,Tanvi Singh,Operations,Lucknow,Morning,Late,7.91,2026-02
2026-02-06,E1099,Tanvi Singh,Operations,Lucknow,Morning,Present,7.76,2026-02
2026-02-09,E1099,Tanvi Singh,Operations,Lucknow,Morning,Present,7.84,2026-02
2026-02-10,E1099,Tanvi Singh,Operations,Lucknow,Morning,Present,8.47,2026-02
2026-02-11,E1099,Tanvi Singh,Operations,Lucknow,Morning,Present,7.29,2026-02
2026-02-12,E1099,Tanvi Singh,Operations,Lucknow,Morning,Present,8.55,2026-02
2026-02-13,E1099,Tanvi Singh,Operations,Lucknow,Morning,Present,8.67,2026-02
2026-02-16,E1099,Tanvi Singh,Operations,Lucknow,Morning,Present,7.95,2026-02
2026-02-17,E1099,Tanvi Singh,Operations,Lucknow,Morning,Present,8.76,2026-02
2026-02-18,E1099,Tanvi Singh,Operations,Lucknow,Morning,Present,8.28,2026-02
2026-02-19,E1099,Tanvi Singh,Operations,Lucknow,Morning,Present,7.6,2026-02
2026-02-20,E1099,Tanvi Singh,Operations,Lucknow,Morning,Present,8.13,2026-02
2026-02-23,E1099,Tanvi Singh,Operations,Lucknow,Morning,Present,7.81,2026-02
2026-02-24,E1099,Tanvi Singh,Operations,Lucknow,Morning,Present,8.19,2026-02
2026-02-25,E1099,Tanvi Singh,Operations,Lucknow,Morning,Present,7.57,2026-02
2026-02-26,E1099,Tanvi Singh,Operations,Lucknow,Morning,Present,8.8,2026-02
2026-02-27,E1099,Tanvi Singh,Operations,Lucknow,Morning,Present,8.34,2026-02
2026-03-02,E1099,Tanvi Singh,Operations,Lucknow,Morning,Present,7.91,2026-03
2026-03-03,E1099,Tanvi Singh,Operations,Lucknow,Morning,Present,8.2,2026-03
2026-03-04,E1099,Tanvi Singh,Operations,Lucknow,Morning,Present,8.08,2026-03
2026-03-05,E1099,Tanvi Singh,Operations,Lucknow,Morning,Leave,0.0,2026-03
2026-03-06,E1099,Tanvi Singh,Operations,Lucknow,Morning,Present,8.83,2026-03
2026-03-09,E1099,Tanvi Singh,Operations,Lucknow,Morning,Present,8.02,2026-03
2026-03-10,E1099,Tanvi Singh,Operations,Lucknow,Morning,Leave,0.0,2026-03
2026-03-11,E1099,Tanvi Singh,Operations,Lucknow,Morning,Present,7.83,2026-03
2026-03-12,E1099,Tanvi Singh,Operations,Lucknow,Morning,Present,8.38,2026-03
2026-03-13,E1099,Tanvi Singh,Operations,Lucknow,Morning,Present,8.35,2026-03
2026-03-16,E1099,Tanvi Singh,Operations,Lucknow,Morning,Present,8.01,2026-03
2026-03-17,E1099,Tanvi Singh,Operations,Lucknow,Morning,Present,7.67,2026-03
2026-03-18,E1099,Tanvi Singh,Operations,Lucknow,Morning,Present,8.21,2026-03
2026-03-19,E1099,Tanvi Singh,Operations,Lucknow,Morning,Present,8.33,2026-03
2026-03-20,E1099,Tanvi Singh,Operations,Lucknow,Morning,Absent,0.0,2026-03
2026-03-23,E1099,Tanvi Singh,Operations,Lucknow,Morning,Present,7.86,2026-03
2026-03-24,E1099,Tanvi Singh,Operations,Lucknow,Morning,Present,8.83,2026-03
2026-03-25,E1099,Tanvi Singh,Operations,Lucknow,Morning,Present,7.97,2026-03
2026-03-26,E1099,Tanvi Singh,Operations,Lucknow,Morning,Present,8.36,2026-03
2026-03-27,E1099,Tanvi Singh,Operations,Lucknow,Morning,Present,8.12,2026-03
2026-03-30,E1099,Tanvi Singh,Operations,Lucknow,Morning,Present,8.32,2026-03
2026-03-31,E1099,Tanvi Singh,Operations,Lucknow,Morning,Absent,0.0,2026-03
2026-01-01,E1100,Rohan Mehta,Operations,Noida,Evening,Present,8.24,2026-01
2026-01-02,E1100,Rohan Mehta,Operations,Noida,Evening,Present,8.38,2026-01
2026-01-05,E1100,Rohan Mehta,Operations,Noida,Evening,Present,8.55,2026-01
2026-01-06,E1100,Rohan Mehta,Operations,Noida,Evening,Present,7.79,2026-01
2026-01-07,E1100,Rohan Mehta,Operations,Noida,Evening,Present,8.43,2026-01
2026-01-08,E1100,Rohan Mehta,Operations,Noida,Evening,Present,7.84,2026-01
2026-01-09,E1100,Rohan Mehta,Operations,Noida,Evening,Present,7.55,2026-01
2026-01-12,E1100,Rohan Mehta,Operations,Noida,Evening,Present,8.28,2026-01
2026-01-13,E1100,Rohan Mehta,Operations,Noida,Evening,Present,7.59,2026-01
2026-01-14,E1100,Rohan Mehta,Operations,Noida,Evening,Present,7.49,2026-01
2026-01-15,E1100,Rohan Mehta,Operations,Noida,Evening,Late,7.53,2026-01
2026-01-16,E1100,Rohan Mehta,Operations,Noida,Evening,Present,8.02,2026-01
2026-01-19,E1100,Rohan Mehta,Operations,Noida,Evening,Present,8.72,2026-01
2026-01-20,E1100,Rohan Mehta,Operations,Noida,Evening,Present,7.59,2026-01
2026-01-21,E1100,Rohan Mehta,Operations,Noida,Evening,Present,8.24,2026-01
2026-01-22,E1100,Rohan Mehta,Operations,Noida,Evening,Present,7.74,2026-01
2026-01-23,E1100,Rohan Mehta,Operations,Noida,Evening,Present,7.41,2026-01
2026-01-26,E1100,Rohan Mehta,Operations,Noida,Evening,Present,7.22,2026-01
2026-01-27,E1100,Rohan Mehta,Operations,Noida,Evening,Present,7.6,2026-01
2026-01-28,E1100,Rohan Mehta,Operations,Noida,Evening,Present,7.59,2026-01
2026-01-29,E1100,Rohan Mehta,Operations,Noida,Evening,Present,7.24,2026-01
2026-01-30,E1100,Rohan Mehta,Operations,Noida,Evening,Present,8.49,2026-01
2026-02-02,E1100,Rohan Mehta,Operations,Noida,Evening,Present,8.61,2026-02
2026-02-03,E1100,Rohan Mehta,Operations,Noida,Evening,Present,6.71,2026-02
2026-02-04,E1100,Rohan Mehta,Operations,Noida,Evening,Present,7.77,2026-02
2026-02-05,E1100,Rohan Mehta,Operations,Noida,Evening,Present,7.91,2026-02
2026-02-06,E1100,Rohan Mehta,Operations,Noida,Evening,Present,7.99,2026-02
2026-02-09,E1100,Rohan Mehta,Operations,Noida,Evening,Present,8.55,2026-02
2026-02-10,E1100,Rohan Mehta,Operations,Noida,Evening,Present,8.56,2026-02
2026-02-11,E1100,Rohan Mehta,Operations,Noida,Evening,Present,8.24,2026-02
2026-02-12,E1100,Rohan Mehta,Operations,Noida,Evening,Present,8.22,2026-02
2026-02-13,E1100,Rohan Mehta,Operations,Noida,Evening,Present,7.87,2026-02
2026-02-16,E1100,Rohan Mehta,Operations,Noida,Evening,Present,7.23,2026-02
2026-02-17,E1100,Rohan Mehta,Operations,Noida,Evening,Present,7.97,2026-02
2026-02-18,E1100,Rohan Mehta,Operations,Noida,Evening,Present,8.65,2026-02
2026-02-19,E1100,Rohan Mehta,Operations,Noida,Evening,Present,7.81,2026-02
2026-02-20,E1100,Rohan Mehta,Operations,Noida,Evening,Present,7.93,2026-02
2026-02-23,E1100,Rohan Mehta,Operations,Noida,Evening,Present,8.44,2026-02
2026-02-24,E1100,Rohan Mehta,Operations,Noida,Evening,Present,7.92,2026-02
2026-02-25,E1100,Rohan Mehta,Operations,Noida,Evening,Present,7.99,2026-02
2026-02-26,E1100,Rohan Mehta,Operations,Noida,Evening,Present,8.46,2026-02
2026-02-27,E1100,Rohan Mehta,Operations,Noida,Evening,Present,7.22,2026-02
2026-03-02,E1100,Rohan Mehta,Operations,Noida,Evening,Present,7.58,2026-03
2026-03-03,E1100,Rohan Mehta,Operations,Noida,Evening,Present,8.94,2026-03
2026-03-04,E1100,Rohan Mehta,Operations,Noida,Evening,Present,8.45,2026-03
2026-03-05,E1100,Rohan Mehta,Operations,Noida,Evening,Present,8.52,2026-03
2026-03-06,E1100,Rohan Mehta,Operations,Noida,Evening,Present,8.22,2026-03
2026-03-09,E1100,Rohan Mehta,Operations,Noida,Evening,Present,8.28,2026-03
2026-03-10,E1100,Rohan Mehta,Operations,Noida,Evening,Present,7.82,2026-03
2026-03-11,E1100,Rohan Mehta,Operations,Noida,Evening,Present,9.05,2026-03
2026-03-12,E1100,Rohan Mehta,Operations,Noida,Evening,Present,7.97,2026-03
2026-03-13,E1100,Rohan Mehta,Operations,Noida,Evening,Present,8.53,2026-03
2026-03-16,E1100,Rohan Mehta,Operations,Noida,Evening,Present,7.89,2026-03
2026-03-17,E1100,Rohan Mehta,Operations,Noida,Evening,Present,7.81,2026-03
2026-03-18,E1100,Rohan Mehta,Operations,Noida,Evening,Present,8.08,2026-03
2026-03-19,E1100,Rohan Mehta,Operations,Noida,Evening,Present,8.23,2026-03
2026-03-20,E1100,Rohan Mehta,Operations,Noida,Evening,Present,8.68,2026-03
2026-03-23,E1100,Rohan Mehta,Operations,Noida,Evening,Present,9.38,2026-03
2026-03-24,E1100,Rohan Mehta,Operations,Noida,Evening,Present,7.67,2026-03
2026-03-25,E1100,Rohan Mehta,Operations,Noida,Evening,Present,8.4,2026-03
2026-03-26,E1100,Rohan Mehta,Operations,Noida,Evening,Present,8.13,2026-03
2026-03-27,E1100,Rohan Mehta,Operations,Noida,Evening,Present,7.3,2026-03
2026-03-30,E1100,Rohan Mehta,Operations,Noida,Evening,Present,8.79,2026-03
2026-03-31,E1100,Rohan Mehta,Operations,Noida,Evening,Present,7.92,2026-03
